squareMeters,numberOfRooms,hasYard,hasPool,floors,made,hasStormProtector,basement,garage,price
75523,3,0,1,63,2005,1,4313,956,7559081.5
80771,39,1,1,98,2015,0,3653,128,8085989.5
55712,58,0,1,19,2021,0,2937,135,5574642.1
32316,47,0,0,6,2012,1,659,359,3232561.2
70429,19,1,1,90,1990,0,8435,292,7055052.0
39223,36,0,1,17,2012,1,2009,757,3926647.2
58682,10,1,1,99,1995,1,5930,848,5876376.5
86929,100,1,0,11,2003,0,6326,654,8696869.3
51522,3,0,0,61,2012,1,632,807,5154055.2
39686,42,0,0,15,2021,1,5198,591,3970892.1
23563,21,0,1,90,1993,0,703,684,2366397.3
96470,74,1,0,21,2011,1,5414,716,9652258.1
19127,31,1,0,5,2008,0,5387,374,1914688.8
13087,44,1,0,77,2004,0,1745,582,1320803.4
79770,3,0,1,69,2018,1,8871,240,7986665.8
75985,60,1,0,67,2009,1,4878,384,7607322.9
64169,88,0,1,6,2011,1,3054,726,6420823.1
99371,31,1,1,16,2013,1,3258,354,9944705.3
25966,37,1,1,17,2016,0,8257,162,2604486.6
41792,43,1,1,10,2017,1,2950,572,4187667.7
28795,64,1,1,50,2009,1,9862,330,2888047.9
92383,12,0,0,78,2000,0,7507,892,9244344.0
33279,64,1,0,65,2019,1,2427,732,3333351.9
34782,47,0,0,73,2020,1,9586,822,3482594.0
13386,51,0,0,90,1993,0,2885,904,1342509.3
20883,56,0,0,54,2018,0,9982,670,2091505.8
95121,46,0,1,3,1994,0,615,328,9515440.4
6071,72,1,0,14,2003,1,3306,295,612471.3
11844,43,0,0,55,1993,0,5292,395,1189939.3
52078,7,1,1,73,2016,1,1864,558,5217708.6
25897,98,1,0,92,1993,1,9799,116,2598763.3
85443,40,1,1,54,2021,0,3056,292,8555234.1
11412,78,0,0,79,2009,1,6899,695,1145642.9
97550,89,1,1,98,2014,0,5391,388,9765099.4
76485,47,1,0,9,2008,0,2860,982,7653300.8
26169,29,0,0,62,1993,1,7918,919,2622399.3
24239,87,1,0,91,1998,0,6656,698,2427801.8
36239,8,0,1,24,1990,1,6679,798,3627708.0
10500,88,0,1,49,2013,1,4170,422,1057021.3
87060,27,0,1,91,2000,0,6629,512,8711426.0
66683,19,1,1,6,2001,0,7473,237,6677649.1
66569,59,1,1,56,2016,1,2020,269,6667802.6
84559,29,0,1,69,2000,0,3573,918,8460604.0
28749,39,0,1,53,1996,0,8113,982,2877997.6
76091,38,1,0,32,2016,0,8150,930,7614076.6
92696,49,1,0,38,2021,0,1559,957,9272740.1
46988,66,1,1,27,1991,1,8339,874,4707341.1
48062,22,0,1,4,2008,0,7908,817,4809993.8
5767,97,1,1,11,1998,0,2516,307,586742.8
59800,47,0,1,27,2021,0,5075,864,5984462.1
54836,25,0,1,53,2020,0,5278,313,5492532.0
54318,10,1,1,52,1998,1,9580,227,5444967.8
70021,52,1,0,28,1992,1,4480,680,7005572.2
54368,11,1,1,20,2021,0,231,223,5446398.1
31421,29,0,1,68,1999,1,8949,630,3147829.9
63053,6,1,1,28,1997,1,8414,939,6315375.7
4187,89,0,1,17,1994,0,186,559,421906.4
33108,82,0,1,83,2016,0,6250,552,3316069.6
64393,8,0,0,51,1990,0,3835,559,6441378.0
93876,60,0,1,70,1999,1,4086,494,9390891.9
67040,60,1,1,22,1993,0,4817,927,6714247.3
47938,17,0,0,68,2013,1,327,352,4797883.3
39090,57,1,0,74,2010,0,3572,811,3917691.0
43609,66,0,0,55,2005,1,3388,120,4364910.5
41998,74,1,0,17,1990,0,6838,828,4203344.0
36496,9,0,1,47,2017,1,2768,230,3656368.7
84016,15,1,0,55,2016,0,3284,641,8410054.6
3087,27,1,1,94,2005,1,5866,199,321717.5
89768,48,1,1,17,1993,1,2485,864,8980518.3
30226,74,1,1,87,2007,0,515,223,3039243.7
58478,5,0,1,35,2016,0,8366,979,5853710.6
66621,48,0,0,89,1995,1,5024,388,6666403.5
73314,43,0,1,38,2018,1,3281,968,7336538.8
59972,28,0,1,18,2021,1,8384,226,6000826.1
71591,20,1,0,58,1998,0,6486,366,7165980.8
92462,52,1,1,46,2019,0,9584,677,9257840.9
52325,60,1,1,24,1992,0,8987,808,5238533.2
67311,67,0,0,10,1990,1,6928,774,6732249.0
45050,99,0,1,87,2013,0,5218,144,4508695.3
61534,73,1,0,97,2001,0,9265,755,6159875.1
84091,50,0,1,72,1993,0,2668,766,8414104.3
77579,69,1,1,97,1999,0,4850,144,7767797.9
25204,31,1,1,37,2020,0,6560,116,2530488.0
42059,46,0,1,62,2017,1,8827,860,4212125.7
38430,43,0,1,51,2021,1,1214,289,3846214.1
7069,4,0,0,89,2009,1,7499,493,709107.9
34780,75,0,1,9,2019,1,3033,800,3480536.9
12757,100,1,0,7,2020,1,6795,738,1277834.0
33749,74,0,1,38,1999,1,1729,616,3380855.9
600,37,1,0,43,2011,0,6738,866,63402.1
7239,61,1,0,83,1994,0,7782,986,733776.4
34919,20,1,1,84,1997,0,6566,408,3499532.7
25614,29,0,0,27,1994,0,700,519,2563970.4
51434,64,0,0,23,2012,1,2080,753,5146226.2
78960,55,0,1,76,2015,1,7126,974,7900996.5
70751,64,1,1,41,2006,0,1506,794,7084110.6
81870,60,0,1,100,2020,0,3632,723,8198185.0
91559,36,0,1,21,2007,1,788,132,9161130.7
72098,9,0,1,67,2014,0,9080,740,7216904.4
23177,19,0,0,52,2003,0,2706,648,2318776.3
39517,92,0,0,85,2019,1,7618,810,3953491.9
55232,23,0,0,8,1991,0,1492,625,5524015.1
53735,49,0,1,92,2006,0,8654,290,5384554.6
67753,72,1,1,78,1995,1,7480,929,6789580.5
1450,59,0,0,1,2018,1,1285,869,146181.8
82141,93,1,1,61,2019,1,8785,968,8225970.9
17868,73,1,0,35,2013,0,1718,710,1792308.3
71397,71,0,0,93,1995,1,3477,342,7145471.5
32623,35,0,1,14,2003,0,4633,126,3267852.3
23841,71,1,1,25,2010,1,7590,564,2390804.0
16495,94,0,0,6,1991,1,2214,929,1650711.1
39109,24,1,0,67,2002,0,1642,139,3917652.2
65151,81,1,1,3,1991,0,3218,849,6522781.1
61484,91,1,0,94,2013,0,5486,766,6154833.3
57160,15,1,1,43,2002,0,4018,836,5724102.2
13346,57,0,0,57,2021,1,2525,809,1336414.1
27351,77,0,0,36,1997,1,1150,812,2738851.7
18466,50,0,1,60,2020,0,2475,568,1849227.0
45441,29,1,0,66,2004,1,8121,853,4552319.4
55933,15,0,0,97,2001,1,7369,686,5599976.1
81936,68,0,0,92,2011,0,6393,734,8198107.1
18237,70,1,0,74,2011,0,7173,498,1833338.1
35631,54,1,0,7,2018,1,216,775,3568002.8
99683,12,1,0,77,2002,1,4034,787,9977000.2
47664,44,0,0,77,2010,1,2662,417,4770073.0
62887,45,0,1,7,1993,0,292,675,6293710.3
18470,20,1,1,73,2000,0,4089,905,1852115.0
36031,63,1,0,47,2001,1,9701,514,3612495.1
22776,84,0,0,5,1993,1,2422,544,2278599.3
14830,81,1,0,1,1992,0,6151,243,1487488.2
43944,40,1,0,69,2012,1,7466,735,4403326.2
73062,34,1,1,38,2016,0,9823,728,7313447.6
84284,76,0,0,39,1998,0,4500,480,8432554.8
9619,66,1,0,91,1991,1,1069,927,969806.1
11410,96,0,1,96,2019,1,1466,933,1150663.9
29855,63,0,0,23,2000,1,3861,204,2987645.0
46716,94,0,0,58,2008,1,1361,409,4674140.8
77046,69,1,0,85,1992,1,8135,648,7714235.2
58855,1,0,0,66,2004,1,2267,531,5892518.4
69165,66,1,0,74,2009,1,1543,939,6926290.9
57915,25,0,1,84,2007,1,3394,640,5800324.7
66279,47,1,0,9,2003,1,5079,128,6631365.3
16068,21,1,0,13,1991,1,8893,463,1611707.1
74325,50,1,1,58,1994,1,4008,275,7443433.4
35742,46,1,1,47,2014,1,1732,243,3581003.4
9026,51,1,0,28,2000,0,779,482,904797.0
16899,19,0,1,14,2020,1,5710,302,1693690.0
99854,82,0,0,64,2009,1,4827,918,9989598.9
33743,56,1,1,29,2006,1,7330,345,3382812.6
72798,22,1,1,30,2007,0,2209,637,7290431.7
86492,21,0,0,86,1992,0,7843,463,8654049.2
38937,35,0,1,77,2013,1,1312,794,3901433.3
24762,22,0,1,62,1999,1,5264,502,2480900.9
91047,45,0,0,65,1999,0,7241,757,9109264.9
55527,64,0,1,44,2005,1,9385,786,5557814.5
70606,17,1,1,79,2017,0,4927,197,7070662.7
67327,47,0,0,87,1990,1,1097,964,6741466.0
6125,90,0,1,29,2012,1,6423,846,615143.2
71833,37,0,1,51,2013,0,3772,580,7185318.3
20811,98,1,1,71,1995,1,112,586,2090690.5
7643,98,0,0,63,1999,0,2142,983,765618.9
16669,95,1,1,81,2007,1,6109,239,1676719.7
84006,73,1,1,97,2000,0,9698,837,8409827.0
34059,49,0,0,90,1993,1,4138,347,3412619.3
36131,95,0,0,88,1991,0,1046,331,3620939.1
8201,18,1,1,66,2007,0,4949,185,826967.7
38398,84,0,0,22,1994,0,1618,404,3842545.4
38833,10,0,0,14,2014,1,1828,462,3884619.4
41488,22,0,0,59,2013,1,2090,650,4151539.3
5205,2,0,0,15,2005,0,8342,742,521650.5
45066,28,0,0,62,2013,0,7092,924,4508367.3
63875,53,1,1,14,1999,0,4139,152,6394774.9
25052,88,0,0,94,2020,1,718,703,2515214.0
51457,64,0,1,32,2016,0,3016,633,5150600.6
84396,64,0,0,96,2015,1,7416,593,8449333.5
64920,98,0,1,63,2016,0,2287,426,6501809.6
9166,4,1,0,16,2015,1,6838,842,922847.5
85558,48,1,0,83,2017,1,7997,374,8568781.7
87267,75,1,0,81,2019,0,6899,666,8731940.9
96091,100,0,1,24,1999,0,6546,373,9615021.9
38003,98,1,0,6,2008,0,9981,129,3803545.8
83120,97,0,1,68,2015,1,15,481,8318749.5
20468,100,1,0,34,2003,1,9659,802,2049846.3
75152,91,1,0,37,2018,0,4717,412,7518709.8
32688,9,1,1,18,2013,1,9089,398,3274057.3
45868,72,1,1,69,1994,1,7668,216,4600708.4
73900,69,0,1,36,2018,0,9847,140,7394635.8
16000,41,1,1,25,2007,1,7228,138,1606948.7
1423,59,0,1,30,1993,1,3900,879,149234.3
29951,37,1,1,13,1995,1,5692,762,3002371.5
40231,84,0,1,41,1999,0,5700,758,4030226.9
59517,38,1,0,69,2003,0,6831,727,5958698.3
98969,26,1,0,69,2003,0,3744,992,9902968.3
99177,49,0,0,41,2021,1,6326,429,9919217.1
89157,46,0,0,42,2009,1,3510,290,8920282.9
67429,60,0,1,24,1991,0,3578,858,6749654.1
38431,57,1,0,60,2020,0,4121,374,3848467.0
72495,76,1,1,59,1994,0,3413,254,7259025.4
85362,77,1,0,19,1997,0,7728,186,8541211.7
28597,93,0,0,47,1990,0,4492,714,2863386.0
13687,36,1,1,93,2001,1,4148,590,1376329.1
50479,3,0,1,73,2020,0,4149,188,5057657.0
98121,38,0,1,57,1995,1,6028,275,9817494.5
57736,16,0,0,21,1999,1,6099,588,5775940.9
30356,40,0,0,85,1992,0,7660,551,3039209.2
21141,38,0,1,80,1998,1,169,697,2126023.8
98122,34,0,0,7,2009,1,7125,186,9813433.9
34746,12,1,0,15,2000,0,2840,377,3478332.0
17297,43,1,1,19,2012,1,3216,243,1738971.2
80324,47,1,1,7,1993,1,325,109,8039714.3
15815,13,1,1,2,2019,0,637,552,1585031.9
1066,5,1,1,46,2017,1,2723,524,114605.7
79275,95,0,1,67,1995,1,3689,132,7930383.5
20658,7,1,1,48,1997,0,8080,341,2076936.7
8687,88,0,1,64,1993,1,7414,710,877525.3
69638,42,1,1,63,1991,0,4703,937,6977654.1
94036,18,0,0,19,2001,1,5913,986,9406163.1
60889,72,0,0,87,2018,0,7437,131,6091341.8
11680,21,0,0,14,1992,0,7478,921,1169431.2
11458,96,1,1,31,2010,0,1365,321,1154040.0
20397,67,0,0,79,1997,0,705,898,2042985.7
83206,34,1,0,51,1999,0,9170,327,8326302.9
8951,11,1,0,63,1997,0,6189,626,904889.7
22854,41,1,0,89,2001,1,6216,481,2292467.1
46042,52,0,0,74,2015,0,65,946,4605791.5
93506,20,1,0,28,2017,0,5297,306,9356982.7
58748,76,0,0,40,2010,1,1627,639,5875981.0
715,71,0,0,23,2010,1,8609,740,74252.0
55327,22,1,0,59,1993,1,7163,504,5540589.3
63631,84,1,0,12,2000,0,239,411,6369055.0
77915,99,0,0,21,2018,1,1081,448,7793915.8
91804,5,0,0,81,1999,1,8554,930,9182083.9
57295,95,0,0,69,1994,1,9771,951,5731510.4
61057,65,1,0,77,1998,0,9762,369,6114671.8
91626,83,1,0,55,1991,1,2684,101,9169068.1
29356,96,1,1,46,1990,1,1780,413,2948071.0
27134,62,1,0,2,2003,0,3718,357,2715604.3
1682,65,1,0,79,2017,1,2590,659,174918.7
98868,41,0,1,67,2021,1,2146,623,9892300.1
23898,62,1,0,93,1996,1,8256,136,2399286.6
83110,43,1,0,75,2001,0,4108,380,8321631.1
71154,67,0,1,53,2021,1,8418,706,7122699.1
90841,48,1,0,15,2003,0,3333,842,9086177.3
68416,87,1,0,48,2010,0,1811,424,6846709.0
47585,95,0,0,5,1993,1,5101,639,4759724.3
28452,79,1,0,40,2006,1,388,566,2850377.6
15630,78,1,0,4,1996,0,7084,225,1565985.6
65900,36,1,1,99,2017,1,2637,452,6605894.7
21600,94,1,0,56,2000,1,3129,236,2166421.0
74704,31,0,0,22,1992,0,7463,347,7472587.2
87291,78,1,1,42,2017,1,6214,596,8739254.7
96687,65,0,1,81,2012,1,2438,695,9673884.2
60567,65,1,1,100,2019,0,7010,993,6071330.9
4872,41,0,0,74,1990,0,5851,473,489455.0
9157,48,1,0,53,2009,0,6401,488,922102.9
65217,26,1,1,39,2019,1,1374,804,6531999.9
87346,56,1,1,82,1990,1,5792,947,8743241.0
47701,26,1,0,46,2001,0,5447,610,4773352.1
14766,50,0,1,79,2001,0,8031,643,1488265.1
94841,19,1,1,75,1998,1,3157,585,9498026.8
59318,92,0,0,91,2002,0,9413,425,5939275.2
1796,28,0,0,4,1997,1,8360,142,180265.7
96526,36,1,1,34,2020,1,2131,680,9661068.0
62876,36,0,0,9,2006,0,338,740,6288117.6
59558,43,1,1,89,2012,0,9174,712,5967916.2
97008,89,0,1,4,2014,1,8321,369,9703551.4
66746,6,1,0,10,1997,0,1567,378,6678869.7
25776,36,0,0,93,2002,0,688,954,2582235.2
96195,97,0,1,64,2018,1,3874,892,9626665.8
4805,47,1,1,99,1995,1,2788,839,486824.5
23045,21,1,0,75,1990,1,651,607,2312202.0
95441,70,0,1,65,2017,1,2841,404,9554998.7
28381,34,1,0,64,2009,0,6737,502,2847241.9
15731,34,1,1,37,2003,1,7361,277,1582940.3
18966,58,1,0,25,2019,1,2327,823,1902151.9
24393,46,1,1,16,2019,0,4080,619,2449464.9
53339,67,0,0,11,2013,0,368,312,5335546.3
44053,17,1,0,55,2004,0,6586,258,4413295.4
70898,98,0,0,92,1994,0,4848,942,7091863.4
84483,41,1,0,85,2019,0,6052,651,8452134.9
35716,24,1,0,52,2013,1,8821,991,3574932.3
64693,64,0,0,81,2013,0,7506,687,6471378.3
32593,40,1,0,94,2006,0,2261,871,3265750.6
1607,63,1,1,52,2020,0,2844,878,173112.0
39484,74,0,1,30,1991,0,3172,172,3954971.1
32458,28,1,1,20,2015,0,8462,523,3253846.5
72243,64,0,1,23,2004,1,4431,752,7229477.4
20624,44,1,0,83,1996,0,318,606,2070369.6
7443,38,1,0,41,2005,0,3249,503,748338.5
78382,41,0,0,14,2020,1,8751,985,7840062.0
70614,15,1,1,100,2010,1,4845,991,7075926.0
32235,59,1,0,10,2016,0,7388,488,3225143.6
2523,12,1,1,67,2015,1,150,949,260710.5
87864,55,0,0,77,2019,1,7834,745,8790481.9
18316,97,0,0,3,1991,0,5804,846,1832673.1
94471,30,1,1,79,2011,1,1327,285,9454072.1
60704,96,1,1,29,2004,0,4505,847,6080655.4
54020,4,1,0,64,2013,0,8767,882,5406334.3
59612,37,1,0,56,2017,1,5616,914,5967739.7
56467,63,0,0,41,1990,0,2743,815,5649094.0
65625,55,0,1,36,2015,1,774,958,6567597.5
41570,76,0,1,98,2014,1,3573,486,4167932.4
44862,99,0,1,68,1992,0,9383,631,4493882.2
47212,37,1,1,81,2001,0,7210,159,4734236.1
2840,17,1,0,26,2004,0,6848,294,288797.4
40465,85,0,0,100,2004,0,6327,403,4052600.4
17191,80,1,1,29,1995,0,3192,716,1728829.5
56480,85,1,0,80,2016,0,8211,532,5653048.6
70503,78,0,0,29,2021,0,6819,948,7051701.1
4885,100,0,0,54,1993,0,9519,718,493693.3
58263,65,1,1,57,2006,1,7942,786,5840294.6
47647,52,0,1,6,2002,1,3220,171,4768169.2
57916,51,0,0,24,1998,1,3831,356,5792783.8
6396,71,0,0,40,2005,0,413,682,643620.5
41972,18,0,1,49,1995,0,842,846,4206464.5
94311,11,1,0,47,2007,1,3619,868,9439790.7
10714,41,0,1,98,1996,1,2598,631,1075982.6
11259,26,0,1,82,2010,0,902,125,1134964.0
3534,16,1,1,13,2003,1,5811,900,359850.3
52680,10,0,1,79,1991,1,5687,242,5274696.1
62711,60,0,0,29,2007,1,4484,329,6272944.7
19268,12,1,0,77,2010,0,1133,357,1938014.0
36119,39,1,0,46,2019,1,3958,889,3620813.9
28394,53,0,0,7,2003,1,63,328,2840816.3
20392,33,1,0,84,2007,1,1256,171,2046763.7
7259,25,1,1,39,2014,0,6482,537,735079.4
28183,81,0,0,52,1993,1,2798,525,2821593.3
92188,14,0,1,95,1996,1,61,693,9227140.6
29815,28,0,0,77,1995,1,3530,663,2989048.5
50219,96,1,0,54,2003,1,8051,965,5025975.3
1722,56,0,1,84,2002,0,6240,497,182838.2
70399,14,0,1,85,2013,1,8009,255,7048784.3
28790,52,1,0,15,2021,1,1238,218,2883447.1
92962,7,1,1,37,2000,0,6581,315,9304587.0
34245,2,1,0,85,2010,1,251,918,3430728.0
54677,64,1,1,94,1996,0,1236,537,5477618.6
74227,84,1,0,5,2000,0,4609,378,7427853.0
94939,46,1,1,48,2009,0,9164,351,9503765.9
48884,58,1,0,32,2010,0,311,729,4895277.0
10638,39,0,0,33,2016,1,3142,138,1066200.6
90315,61,1,1,91,1994,1,5604,490,9044477.4
17633,28,0,0,83,2013,0,1644,162,1767487.3
63242,45,0,1,18,2017,1,6932,340,6327623.7
79344,46,1,1,42,1991,0,8088,744,7945562.1
72093,48,0,1,92,2005,0,4805,148,7223902.5
13378,59,1,0,9,2001,1,8171,488,1342476.1
47019,35,0,1,9,2020,0,2005,694,4706162.0
34666,75,1,1,14,2002,1,9405,186,3477313.2
93509,28,1,1,62,1992,1,72,731,9361261.2
13583,42,1,0,32,2015,1,4519,911,1364589.5
19649,11,0,1,83,1999,0,595,795,1970018.9
141,16,0,1,58,1997,0,3411,213,22670.7
22821,64,1,1,14,1993,1,2060,491,2289134.3
533,76,1,1,55,2021,1,654,301,65465.1
67020,71,1,1,38,2015,0,3647,640,6711051.5
49094,30,1,0,49,2021,1,4934,625,4916616.1
25269,88,0,0,92,2019,1,3464,693,2530193.9
71989,41,0,0,77,2003,0,7290,337,7204744.3
73180,1,1,1,54,2011,0,3340,784,7325717.1
18926,58,1,1,84,1998,0,5353,442,1908217.8
6492,76,0,0,88,2018,0,2655,372,652565.8
98045,4,1,1,8,2002,0,9321,570,9814193.2
51589,83,0,1,43,1998,0,7867,819,5167451.8
24390,75,1,0,44,1992,0,7295,235,2446317.2
75890,10,0,1,59,2001,1,270,744,7597786.1
29220,9,0,1,59,1994,0,391,706,2929116.4
72433,57,1,1,18,2001,0,6995,276,7250644.1
57467,98,0,0,64,1993,0,661,600,5749361.3
81482,76,1,0,9,1997,0,2265,281,8153070.7
61346,69,0,1,52,2009,1,7427,207,6141452.9
80915,23,1,1,67,1992,1,5351,569,8104297.2
65479,74,0,1,35,2000,1,9347,460,6552454.0
48302,22,1,0,13,2017,0,9855,543,4833604.7
76690,21,1,1,99,1990,1,611,181,7682267.0
14447,39,0,1,23,2002,0,5371,965,1448447.2
24213,31,1,1,93,1994,0,1561,653,2431969.4
1843,30,1,1,3,2007,1,1313,706,189919.7
78183,65,1,1,86,2007,1,8682,748,7829898.7
99323,35,0,1,28,2018,0,6346,280,9939399.8
67491,21,0,0,57,2007,0,1253,254,6750826.7
2588,82,1,0,69,2016,0,7247,987,267798.6
76635,6,1,1,1,1999,0,981,949,7669791.9
45070,100,0,0,92,1997,0,1333,885,4510977.7
62381,58,1,0,44,2003,0,1809,734,6243323.3
98543,2,1,0,44,1992,1,2955,661,9860222.2
13972,39,0,0,8,2009,0,1477,952,1397748.9
71567,70,0,1,94,1992,0,5968,985,7166917.2
36804,99,0,0,12,1996,0,6951,594,3681839.6
21297,71,1,1,14,1995,1,8198,111,2136801.5
9950,1,1,0,69,2012,1,3156,174,1000736.2
3661,50,1,1,24,2007,0,6186,613,372556.7
88102,51,1,0,70,2016,0,7245,496,8821018.6
72596,91,0,0,90,2015,0,9595,156,7262781.5
70763,4,1,0,38,2015,0,7098,484,7082373.5
12002,58,0,0,41,1995,0,1718,867,1203664.5
26146,34,0,1,98,2011,1,2060,680,2627462.1
13716,62,0,1,98,1990,1,5967,911,1382883.0
23281,32,1,1,52,2020,1,3681,422,2339782.0
3824,45,1,1,9,2019,1,3191,305,386574.9
56086,3,1,0,46,2021,1,2853,863,5615576.1
19014,67,1,0,89,1999,0,3330,550,1912984.9
80808,59,1,0,1,2004,0,3879,434,8085990.4
83602,5,0,1,2,1991,0,8993,496,8365162.1
99767,27,0,1,79,2018,0,520,495,9985836.8
60675,32,1,0,51,2002,0,5953,260,6075733.2
20210,2,1,0,78,2007,0,2811,218,2029228.7
28694,82,0,0,20,1991,1,3206,310,2870499.1
45521,53,0,0,32,1991,1,8643,670,4554205.1
55727,46,0,0,77,2016,0,5811,183,5574845.6
17307,20,1,0,66,2006,1,2317,692,1740869.6
86474,98,0,0,33,2004,0,1928,220,8649993.4
6012,53,1,0,38,2013,0,392,423,607323.3
6617,51,0,0,38,2010,1,7115,248,663333.0
34061,43,0,0,90,1993,0,1616,534,3407529.3
12881,12,1,0,68,2006,1,8654,920,1293712.6
48458,82,1,0,72,2002,1,5447,308,4851198.2
89618,49,1,0,36,2006,1,4321,752,8969519.6
10369,30,1,0,68,1999,0,9629,383,1044857.9
21865,24,0,1,79,1993,0,2324,932,2191960.3
30817,48,0,0,63,2013,0,2444,961,3086005.3
8808,85,1,0,37,1998,1,9287,416,888730.8
16006,69,1,1,26,1990,0,3565,405,1610901.0
70517,37,0,0,1,2002,1,9373,184,7052408.2
55592,68,0,1,10,2021,0,7719,372,5564877.1
10978,17,0,1,55,2015,1,9798,481,1103882.5
94388,7,1,0,81,1996,0,7739,741,9446167.6
18041,90,1,0,99,2006,0,1064,221,1817658.6
18220,91,0,1,97,2013,0,2604,838,1833031.3
39342,7,1,1,84,1994,1,1003,385,3946165.4
66570,59,0,0,2,2008,1,2628,754,6657976.8
34592,100,0,1,33,1994,0,7356,264,3465076.4
38700,25,1,1,26,1996,1,5100,956,3880396.6
32060,25,0,1,97,2017,1,9618,814,3211741.7
8305,86,0,0,83,2001,1,1648,766,838488.1
40080,50,0,0,82,2018,0,5973,484,4011225.8
89335,66,1,1,54,2004,1,9808,425,8938823.4
78546,92,0,1,84,1991,1,978,530,7864949.1
50066,63,0,1,67,1998,1,8716,465,5015729.8
37008,61,1,1,75,2013,0,309,463,3708694.3
32876,98,1,1,32,2008,1,3289,121,3299047.8
98266,14,1,1,42,1990,1,6293,1000,9838529.0
53665,66,1,1,81,2002,0,1788,204,5379979.2
33469,98,1,1,91,2016,0,6871,293,3362757.6
42578,49,1,1,23,2013,0,6690,964,4264812.3
64329,25,1,0,44,2019,1,7313,634,6436473.9
29512,96,0,1,26,2012,1,6556,170,2955396.2
241,78,0,1,50,2013,1,4070,962,29643.3
32709,47,1,1,80,2006,1,2548,162,3284181.6
29271,70,0,1,98,2021,1,3470,429,2938810.1
15542,19,0,0,27,1996,0,563,615,1556824.6
94951,52,0,1,80,2014,1,4121,261,9498811.4
12296,54,1,0,45,2008,1,1449,127,1233872.8
42390,17,0,0,96,2001,0,7796,462,4245306.1
2157,22,0,0,93,2021,0,5209,799,222104.1
70576,66,1,0,7,2013,0,6411,684,7061024.3
22232,24,0,1,52,2005,1,135,882,2230267.5
31368,78,1,0,86,2007,1,6510,682,3142605.7
2713,76,0,0,19,2000,1,3827,880,273858.0
40939,60,1,0,6,2017,1,9386,956,4097363.7
84892,59,0,0,46,2007,1,271,556,8492982.7
43332,60,0,1,24,2002,1,9557,321,4336691.2
39445,100,0,0,66,1990,1,1391,992,3947777.0
82032,78,1,0,64,2004,0,6972,883,8209534.4
813,45,0,1,15,1998,0,4226,633,84647.8
43432,44,0,1,34,2010,0,2077,377,4347238.0
80988,34,0,1,57,2015,1,8135,321,8104253.5
99444,68,1,0,60,2021,0,5643,834,9947284.1
37618,57,0,0,45,2008,1,3892,638,3766350.8
63973,18,1,0,78,2002,1,6770,937,6405935.2
99107,54,0,1,65,2018,1,5522,194,9916550.8
71519,12,0,1,80,2012,0,9982,800,7156303.2
91841,77,0,0,14,2011,1,8782,955,9185367.1
28467,98,1,1,70,2019,0,4314,658,2855561.9
77075,52,1,0,11,2002,1,1768,430,7713855.2
91776,26,0,0,72,2001,1,1303,712,9184100.1
69948,45,1,1,59,2017,0,5632,301,7006951.7
68593,3,1,1,65,2021,1,5603,540,6867934.1
56774,50,1,0,23,1995,0,5989,469,5682955.5
84577,63,0,1,64,1991,0,9411,400,8467175.1
78835,77,0,0,84,2002,1,1071,771,7887862.2
59073,82,0,1,38,2003,0,8036,303,5909662.3
6704,83,1,1,59,2012,1,7171,822,682123.2
20968,48,1,0,6,1992,0,3747,656,2100783.2
64244,20,1,0,82,2021,1,5461,426,6435074.1
54133,1,0,1,89,1993,0,2192,195,5426671.3
90842,60,1,1,25,1995,0,3501,152,9092168.5
51780,83,0,0,88,2021,0,540,879,5184160.1
38722,91,1,0,22,2008,0,4316,738,3876450.8
51127,85,1,0,66,1996,0,391,127,5119947.6
31802,100,0,0,80,1990,1,3049,476,3184469.0
26770,8,1,1,69,2016,0,6924,940,2687139.6
63839,58,1,1,2,2019,1,6200,302,6389327.9
56181,76,0,1,98,1996,0,4581,953,5630006.6
91757,82,0,0,78,2012,1,5258,628,9182239.2
54200,51,0,0,43,2010,1,9853,869,5423195.0
29788,61,0,0,68,2011,1,6551,782,2983377.1
29180,7,1,0,1,1999,0,3218,753,2923248.9
30630,62,0,1,65,1996,0,2190,965,3072463.6
81114,23,0,1,89,2007,0,1629,813,8118084.7
96016,48,0,1,35,1998,1,269,300,9605401.8
8977,53,0,1,62,2014,0,5865,250,905963.4
92508,60,0,0,88,2006,1,1551,271,9257332.6
38804,18,1,0,45,2000,0,5441,925,3885083.0
34830,92,1,0,85,2003,0,3930,833,3488181.3
48540,42,0,0,27,2016,1,5751,489,4856286.6
25680,51,1,0,11,2009,1,8681,829,2573981.9
73224,66,0,0,74,2021,1,7771,941,7330502.1
29589,45,1,1,76,2006,0,3703,130,2973362.6
96469,21,1,0,13,1994,0,7532,416,9651382.4
35039,19,0,1,22,1994,1,2052,979,3511457.4
99592,47,1,0,61,1997,1,9635,360,9963329.7
70433,41,1,0,1,2018,0,3499,160,7045037.8
73644,18,0,0,7,1998,0,4485,345,7365392.8
77211,47,0,1,84,2006,1,5620,554,7725844.6
36429,8,0,1,29,2019,0,9275,152,3651244.9
90334,44,1,0,6,1990,1,2390,413,9037622.0
51993,59,1,1,33,2013,1,7531,891,5208507.3
44476,27,0,1,13,2013,0,9906,101,4450503.3
31661,52,0,0,18,2020,1,7968,249,3168722.0
68275,93,0,1,54,2020,0,3586,104,6833270.0
85429,60,1,1,57,2016,1,1421,405,8553293.6
90162,71,1,1,27,1992,0,2569,909,9023922.2
81619,82,1,1,70,2014,1,1562,478,8173020.4
65324,7,0,1,8,2009,0,9016,549,6538401.9
4368,85,0,1,29,2021,0,4055,713,443641.1
24525,35,0,1,73,2009,0,154,445,2461959.9
20949,5,1,1,22,2013,0,3137,747,2102983.3
23609,14,0,0,68,2017,1,6808,468,2364571.7
68084,35,0,0,8,2009,1,9896,158,6809686.9
73406,72,1,0,75,2007,1,6128,915,7351988.7
50638,65,1,0,54,2016,0,4071,916,5068736.6
5457,32,0,0,12,1992,1,4286,215,547357.2
73337,30,0,1,5,2005,0,9487,949,7337758.5
95339,87,0,0,15,2003,0,4878,142,9535650.3
63237,8,1,0,49,2009,1,6344,197,6330589.9
30831,27,0,0,13,1998,1,173,966,3084723.8
57897,21,1,0,96,1993,0,3678,910,5801637.3
87418,73,0,0,7,1995,1,8759,203,8743030.5
20640,17,0,0,91,2015,0,5011,736,2073310.5
35634,77,0,1,50,1998,1,8120,462,3568972.8
87156,49,1,0,44,2019,1,5224,798,8722474.9
80556,1,0,1,54,1991,0,9757,650,8062244.1
70942,36,1,1,28,2019,1,7964,265,7102693.9
38688,76,1,0,80,2012,1,5616,155,3877141.2
83937,30,0,0,85,2012,0,7175,933,8396191.2
92655,54,0,0,77,1996,0,4932,765,9267281.6
35110,28,1,1,84,1995,1,9928,439,3526172.5
61208,51,1,0,39,2021,1,4494,112,6126371.1
47781,49,0,0,37,1993,1,6426,993,4779776.3
23737,25,1,1,11,2003,0,4514,997,2380599.3
83460,34,0,0,69,2017,1,3231,841,8347291.7
55736,64,1,1,47,2017,1,5234,672,5582770.7
15429,27,1,1,46,1991,0,1436,164,1550188.1
74290,38,1,0,8,2006,0,6893,624,7433059.6
85256,68,0,0,45,2019,0,2638,403,8530096.9
9380,11,1,0,97,2013,0,691,754,945451.3
13414,59,1,1,16,2014,1,6223,477,1350225.4
91716,7,1,1,97,2006,0,9715,352,9184104.6
95828,54,1,0,62,1994,1,1745,269,9589468.4
98478,7,0,1,19,2007,0,3514,867,9852730.7
70874,99,1,1,51,2011,0,6049,428,7097321.1
78217,78,0,0,73,2003,0,7391,907,7828401.3
81101,65,0,1,87,2017,1,5698,233,8118370.7
46883,49,0,0,53,2009,1,9286,845,4691844.9
69319,38,0,0,89,2019,0,1787,731,6936067.9
95288,45,1,1,80,2010,1,3179,520,9543817.0
50589,75,0,0,52,2008,1,3824,185,5061508.8
65155,69,1,0,46,1994,1,4546,654,6521547.4
6049,99,0,0,37,2000,1,3872,944,608869.0
25386,30,1,0,35,2001,0,5449,343,2543209.1
1270,53,0,0,66,1991,1,6093,618,131117.1
88561,37,1,0,49,1994,0,4582,726,8860454.4
71676,13,1,1,49,2009,0,1318,283,7178514.9
82016,15,0,0,93,2014,1,839,680,8211272.4
21698,75,1,1,59,2001,1,518,331,2179801.1
476,14,0,1,52,2019,1,6630,880,57103.9
16114,98,1,1,25,2020,1,3474,460,1620468.0
55707,7,0,0,33,2014,1,9279,417,5573001.4
53633,48,1,0,43,2010,0,6352,774,5370339.0
29578,2,0,0,5,2003,1,9253,489,2959100.3
51757,95,0,1,23,2009,1,9496,943,5178222.9
80386,41,1,1,4,1994,1,9196,521,8045146.4
60136,32,0,1,54,1995,0,8341,152,6020434.5
15850,99,0,1,96,2010,0,5326,501,1596900.0
29362,2,0,1,44,2000,1,1979,424,2940727.0
60366,51,0,1,26,2005,1,8647,687,6042370.5
9167,32,1,0,69,1994,1,6444,219,923577.4
18586,93,0,1,16,1997,0,7588,324,1862622.7
69443,27,0,1,30,1993,0,7624,294,6947198.3
21015,37,1,0,97,1993,0,2865,527,2107213.3
79337,83,0,0,70,2016,0,9559,918,7940161.6
84947,54,0,0,68,2014,1,1588,675,8498951.4
99665,16,1,1,52,1990,1,136,392,9976093.0
25493,31,0,0,97,2017,1,6999,187,2555724.7
50580,57,1,1,76,2008,0,1593,678,5072667.8
71040,40,0,1,49,2015,1,6467,644,7110801.5
63320,3,1,1,3,1993,1,4182,126,6338701.3
50465,68,0,1,62,1994,1,3513,401,5051447.4
65919,40,1,0,82,2013,1,8500,707,6596228.3
76489,43,0,1,27,1992,0,2458,601,7655928.2
50093,89,0,1,5,2009,1,6873,536,5013597.9
50118,80,1,0,76,1998,1,7483,687,5016630.8
25309,28,1,0,53,2012,0,923,358,2535294.2
98191,17,1,0,77,2020,1,6782,660,9828436.0
1607,10,1,0,46,2004,0,8175,923,167249.4
4410,37,1,0,37,2004,0,9410,326,444238.4
2374,41,1,1,85,2018,1,6959,804,249562.8
94990,23,0,1,47,2018,0,2531,725,9504433.8
18281,9,1,0,76,2016,1,9815,343,1840231.6
64879,80,0,1,12,2021,1,5685,914,6491104.1
54812,88,0,0,27,1990,0,8509,823,5482093.0
605,29,1,1,66,2005,0,2938,656,71250.5
27253,19,1,0,81,2010,0,9476,464,2736783.0
17357,42,0,0,20,1998,0,5688,221,1738079.8
54097,26,0,0,98,2016,1,6986,181,5416865.6
95281,22,1,0,8,1990,1,5252,537,9533000.0
69440,90,0,1,76,2004,0,3678,520,6950509.4
44395,1,1,0,1,2012,0,8789,685,4443692.2
48270,60,1,1,85,2010,0,6828,935,4838349.0
30572,24,0,0,56,2008,0,171,401,3058110.8
63719,35,0,1,25,1992,0,2342,794,6375632.2
45827,61,1,1,60,2006,0,2199,240,4590725.6
70488,61,1,0,35,2020,1,7391,345,7054483.0
79822,67,1,0,30,2003,1,5413,706,7987847.3
27171,63,1,0,93,1997,0,1981,681,2724534.7
58330,58,1,1,2,1992,0,473,186,5837640.2
87826,10,1,0,45,1997,0,5553,711,8790247.7
49389,13,0,0,10,1993,1,8664,646,4940959.3
56931,60,1,0,91,1994,0,3285,905,5704458.4
66503,73,1,1,13,1990,1,6051,137,6655758.0
88112,77,0,0,68,2021,1,9760,882,8813820.1
43587,83,0,0,26,2005,0,8824,591,4360172.5
86152,44,0,0,48,1992,0,8176,500,8619787.2
81573,98,1,0,57,1992,0,808,749,8163076.2
72599,43,0,1,23,2007,0,4841,315,7262443.7
43876,42,0,0,43,1993,0,1242,496,4388329.3
10040,100,1,1,98,1994,1,6306,396,1010790.4
40177,38,0,0,12,1991,0,5711,172,4019219.1
21703,86,1,1,90,2019,1,843,802,2183649.9
57236,87,0,1,96,2020,0,7873,146,5730262.0
17863,1,1,1,33,2009,0,7268,774,1795013.9
85272,89,1,0,34,2005,1,7286,359,8531221.5
91931,38,1,0,42,2016,1,3013,139,9197803.6
29411,26,1,0,53,2017,1,1681,181,2948395.7
37163,4,0,0,22,2014,1,9497,136,3718311.4
26440,41,0,1,58,2016,0,5613,132,2651410.6
9868,89,0,0,53,2003,1,4813,549,992632.3
55250,31,1,1,3,1995,1,9389,568,5534691.5
1121,9,1,1,80,1990,0,2530,389,126775.0
26528,31,1,0,49,2012,0,190,788,2660108.2
18362,100,1,0,33,2019,0,5521,241,1842236.9
40581,99,1,1,82,2008,0,5782,428,4068225.8
89084,34,1,0,9,2010,0,4675,570,8911966.0
90643,77,1,0,55,2012,0,4659,780,9074993.2
70868,70,1,1,39,2005,1,821,348,7096273.5
17252,90,0,0,23,2000,1,3183,357,1726850.0
45647,17,1,1,100,2019,1,3554,713,4580938.9
64654,34,1,0,33,1992,0,4245,563,6471114.2
87668,58,0,0,56,2017,0,9625,590,8769343.7
97688,60,0,1,25,1990,0,8847,158,9775672.0
5468,75,1,0,78,2002,0,375,976,553320.2
63509,72,0,0,53,2006,1,6679,591,6356517.6
98262,60,0,0,14,2001,0,1889,660,9827936.1
67735,36,0,1,24,2020,1,3289,113,6777979.0
19728,97,1,0,85,2018,1,4778,289,1977828.8
39191,71,0,0,21,2011,0,142,633,3921295.1
34585,34,0,1,99,2018,0,9137,675,3471454.8
56666,13,0,0,63,2000,1,6911,543,5671002.0
4920,96,1,1,67,1993,1,681,598,498937.3
23043,69,0,0,55,2007,1,9610,971,2309235.7
86042,64,1,1,7,2010,0,438,466,8610684.0
84978,63,1,1,65,1990,0,9649,212,8508647.0
66940,95,0,1,16,2016,0,691,118,6700142.6
69592,68,1,0,10,2000,1,6283,811,6964235.0
46558,52,0,1,28,2009,1,3828,102,4663394.9
30925,18,1,1,83,2016,1,747,218,3104280.6
39975,97,0,0,72,2016,0,2361,452,4005185.6
8808,9,1,1,15,2014,0,7170,397,887645.4
7131,88,1,1,20,2005,0,231,120,719772.5
49063,35,0,0,81,1991,0,9416,972,4909260.1
79093,89,1,1,63,2014,0,2848,533,7915505.4
95157,76,0,1,86,2002,1,8416,798,9527400.2
43412,3,1,1,68,2010,1,911,936,4352882.0
23127,72,1,1,98,1995,1,7989,237,2327821.5
63397,52,1,1,17,2003,1,9719,360,6344621.3
6078,67,0,1,22,2004,0,2248,161,614702.4
70367,63,1,0,19,2015,1,8131,635,7043100.5
31471,3,0,0,34,2020,1,6093,687,3149214.0
84503,53,1,1,10,2004,1,1017,332,8455991.4
25661,18,0,0,10,2004,1,1752,240,2567320.4
65823,2,0,1,40,1999,0,5338,655,6587187.9
40351,20,0,0,21,2006,1,2129,732,4037323.6
65816,36,0,1,56,1999,1,510,523,6590874.9
9897,83,1,0,55,1997,1,4632,373,997040.7
74556,36,1,0,30,2021,0,8074,729,7461430.1
77324,66,0,1,96,2000,1,2278,726,7746689.0
19054,27,1,1,64,2017,0,9531,968,1915949.7
19467,61,0,0,69,1995,0,7723,425,1953949.5
23917,57,0,0,92,1992,0,7268,272,2396597.2
27581,56,0,0,54,2008,0,131,271,2763880.8
7021,94,1,0,18,1998,1,8494,431,707889.8
86898,10,1,1,54,2007,1,2837,633,8700597.7
35752,37,1,1,88,2004,0,4770,593,3584645.4
80254,5,0,0,84,2004,0,4601,312,8032718.4
43729,50,1,1,78,1990,0,6886,213,4386441.0
14296,27,1,1,21,1991,0,1023,690,1438655.1
60263,14,0,0,29,2002,0,4041,955,6027298.2
56348,39,1,1,64,1993,0,7815,100,5645570.3
20462,4,0,1,27,1999,0,7946,725,2051424.9
35966,4,0,1,35,2009,0,9879,276,3600448.9
23790,55,1,1,70,1997,1,113,725,2387891.7
62563,35,1,1,66,1994,0,6669,351,6268203.4
74693,98,1,0,57,1997,0,5655,386,7476380.7
69815,68,1,0,96,2001,1,4764,382,6994868.1
31372,70,0,1,71,2000,0,9133,952,3141888.0
47377,91,1,1,12,2015,0,6751,158,4742430.5
21748,5,0,1,29,1991,0,6703,812,2180962.1
74938,28,0,0,31,2020,1,23,670,7496677.0
84747,97,0,1,86,2014,0,7441,404,8483566.4
52843,75,1,1,50,2004,1,5877,358,5291087.4
94638,50,0,0,32,2014,0,8047,870,9465407.4
57035,7,0,1,24,1998,1,21,657,5710846.8
10031,44,1,0,2,2004,0,3770,576,1007605.4
87362,50,0,1,25,1995,0,3967,268,8743936.5
50571,39,1,1,24,1998,0,4018,631,5063431.8
69918,32,1,0,11,2005,1,2569,758,6995676.5
42217,74,1,1,83,2009,1,752,710,4228208.9
76907,10,0,1,87,1997,1,8945,142,7694726.7
15500,92,0,1,98,2020,0,9577,255,1554517.0
53304,47,1,0,79,2012,1,3069,541,5337897.2
1973,1,1,0,21,2000,1,2316,932,201809.0
91112,51,1,1,9,1991,1,7857,948,9121414.1
76204,60,1,1,8,1990,1,3727,540,7628150.0
97471,74,1,0,90,2013,1,7429,629,9756243.3
88887,9,1,1,28,1995,0,9176,956,8897254.5
38490,14,1,0,8,2017,0,9018,825,3853460.7
72450,63,1,0,71,2008,1,4116,787,7250244.8
88367,5,0,0,7,2018,0,8489,430,8837449.8
30782,99,1,0,48,2020,0,9701,783,3082971.0
5033,58,0,1,28,1991,0,749,279,508665.1
26519,33,1,1,42,2014,0,4604,651,2656599.4
65934,29,1,0,51,2007,1,7680,721,6597942.7
98106,98,0,0,3,1992,0,8617,616,9811465.2
6577,9,0,1,68,2006,0,9468,604,662852.6
18250,16,0,0,82,2011,0,7751,565,1829113.1
40783,48,0,1,80,1992,1,9162,838,4086725.2
33156,15,0,1,43,1994,1,2108,696,3323470.4
47523,89,0,0,89,2006,1,526,142,4760526.6
79604,30,0,1,4,2016,1,9575,909,7965563.6
95762,64,1,0,63,2004,1,5198,882,9583086.4
31317,91,1,1,25,1995,1,2463,543,3142581.5
788,53,0,0,53,2014,0,8046,973,82042.4
41188,30,1,0,62,2012,1,33,361,4122637.2
62282,35,0,0,44,2010,0,80,139,6229623.0
45979,46,0,1,2,2004,1,7620,571,4600373.4
35828,77,0,0,3,1998,0,795,811,3583375.8
84540,21,0,0,64,2007,1,5869,145,8455482.7
70288,78,1,0,28,2011,1,1864,706,7034567.1
44681,63,1,1,80,1995,0,9413,537,4480399.5
8856,96,1,1,38,1996,1,4044,770,895829.6
45730,11,0,1,99,1998,1,1919,116,4583276.8
59478,22,0,0,68,1992,0,3355,253,5950543.2
31692,7,1,0,36,2007,0,1694,489,3172857.7
58737,66,1,1,62,2014,1,8827,224,5882539.4
32100,79,0,1,39,2017,0,1482,932,3213786.7
67663,1,1,0,49,2014,1,7856,725,6775397.4
59810,64,0,1,56,2016,1,5202,445,5991500.6
86186,85,0,0,36,2010,1,2790,539,8620785.0
38030,53,0,0,4,1990,1,7981,564,3803961.0
48331,2,1,1,42,2019,1,2820,112,4839984.9
27856,34,0,1,98,2016,0,7117,194,2795386.6
70976,84,1,0,44,2018,0,9962,544,7101406.8
90180,91,1,0,63,2014,0,9500,800,9023962.4
54646,10,1,0,98,2017,1,4716,383,5479242.7
42024,72,0,1,9,2003,1,4645,430,4205806.3
8969,72,1,1,92,2013,0,781,627,908919.3
38926,58,1,1,7,2007,1,5001,729,3902208.7
80419,55,0,0,31,1998,1,1333,465,8043741.8
5585,61,1,1,76,2019,1,6421,926,564773.9
91651,97,1,0,95,2016,0,9071,175,9172889.6
5443,17,0,1,39,2000,0,7932,716,549119.0
15355,1,1,1,30,1992,1,6587,551,1544783.2
6963,11,0,1,65,1995,0,2829,589,703519.5
77261,32,0,0,18,1997,1,5565,640,7727179.7
26694,68,0,0,72,1994,0,7808,852,2672253.4
79744,36,1,0,50,2012,1,1480,108,7979395.2
32084,20,1,0,71,2015,0,2309,851,3214809.5
93703,46,1,0,56,2018,1,9314,546,9377879.8
78984,62,1,1,89,2014,1,1199,165,7910102.4
369,25,0,0,92,2003,0,9608,419,39316.3
10697,16,0,0,95,2009,1,1114,256,1074445.9
13349,65,0,1,18,2004,0,6039,602,1339458.4
25791,74,0,1,10,2015,1,716,302,2582155.5
96687,11,1,0,61,2016,0,9115,806,9676763.6
41083,69,1,0,62,2017,0,4279,683,4114499.7
63078,38,1,1,35,2005,0,5369,769,6316522.5
33935,12,0,0,86,2015,1,7274,626,3400557.5
30104,88,0,0,88,1996,1,3551,577,3016757.6
44414,70,0,0,94,2003,0,8675,933,4449908.3
95116,9,1,0,28,2000,0,4404,436,9518424.0
16996,89,1,0,52,2005,0,7922,956,1708754.5
15290,77,0,0,97,2009,1,4588,218,1533827.9
57562,87,0,0,7,2018,0,6694,388,5756919.8
22786,23,0,0,81,1991,1,1188,107,2281031.1
84540,46,1,0,66,1990,0,817,635,8459024.0
41168,99,0,1,11,1992,0,5717,888,4123023.2
33622,77,0,1,73,2014,0,8902,340,3371927.4
66878,22,0,0,41,2016,1,1400,763,6692131.6
9815,96,1,1,24,2010,1,6449,201,989932.0
81392,34,0,1,10,2009,0,3061,772,8143562.9
95375,30,1,1,37,1998,1,927,534,9545994.8
29917,70,1,1,39,2011,1,1566,480,2998840.1
16336,76,0,1,11,2008,0,9709,415,1636600.8
90836,97,0,0,40,2011,1,2770,149,9086961.1
60244,35,1,1,47,1995,0,1418,344,6034513.5
43030,81,1,1,85,2010,1,1104,978,4310671.0
5504,11,1,0,76,1990,1,9447,841,559951.0
37620,55,0,0,51,1994,1,8318,160,3764885.4
6313,18,1,1,74,2004,0,4979,647,640633.4
52251,53,0,1,10,2005,1,5751,969,5231126.5
75749,81,1,0,30,2020,0,5132,523,7579803.0
31113,93,1,1,93,2020,1,891,414,3122972.0
18972,70,1,0,3,2010,1,8253,618,1902042.0
28769,22,1,0,80,2021,0,6686,546,2881959.1
44539,24,0,0,23,2007,1,3795,595,4454837.7
17643,18,0,0,1,2004,0,755,966,1765047.4
52079,71,0,0,97,1995,1,6737,196,5217238.5
76906,77,0,1,6,2019,0,8938,668,7692420.9
88655,88,0,1,94,2007,1,1193,169,8875673.7
87554,16,1,1,77,2010,0,8714,636,8769996.0
7889,38,0,1,58,2000,0,1939,743,793852.0
33185,28,0,1,60,1998,0,6398,437,3325883.8
81860,68,1,0,65,2000,1,5409,870,8190448.0
16335,35,0,0,76,2005,1,6086,385,1635816.5
23164,79,0,0,76,1992,1,1132,519,2322369.2
50839,93,0,0,91,2009,1,4208,726,5091375.9
17432,49,1,1,15,1993,0,2250,547,1751212.3
94930,27,0,0,98,2001,0,9694,669,9499136.1
47601,29,0,1,69,2001,1,8925,452,4765720.1
57143,81,0,0,11,2001,1,7491,866,5716057.1
90614,77,0,1,16,2016,0,2528,468,9065677.6
43245,83,0,0,35,2003,1,9660,210,4325940.3
96666,95,0,1,9,2008,1,8123,590,9672165.8
49608,59,0,1,10,1992,1,2647,580,4965463.2
15385,69,1,0,93,2013,0,1661,498,1548993.3
14973,91,1,0,22,2018,1,7397,301,1501528.8
82285,19,0,0,22,2014,0,782,372,8229649.4
89520,47,0,0,6,2007,0,4587,861,8952698.7
31454,12,0,0,57,2012,1,9770,327,3148909.2
63341,81,0,0,85,1991,0,928,725,6338314.1
91166,100,1,1,8,1995,1,5368,757,9123483.5
86153,7,1,1,54,2020,1,8091,934,8627514.0
24519,54,0,1,3,2001,1,6797,658,2456369.1
17458,69,1,0,51,2008,1,8435,789,1751679.8
48568,18,1,0,11,2011,1,297,973,4860230.1
14881,68,1,0,88,2007,1,9590,209,1498063.7
61123,25,1,1,72,1995,1,1051,724,6123098.5
3854,7,1,0,25,2009,1,6606,378,393085.9
86908,90,0,0,56,2014,1,314,397,8695385.4
55366,51,0,0,98,2011,0,8940,884,5540333.1
17051,46,1,1,43,1993,1,6481,346,1710016.3
14436,15,0,0,6,2002,1,676,710,1444902.2
34220,50,1,1,33,1996,1,5942,976,3430761.6
95215,72,0,0,8,2009,0,304,360,9522466.9
82140,63,0,0,10,2003,1,8091,678,8215500.3
5706,57,0,0,38,2005,0,73,276,574164.5
35778,92,0,0,35,2012,1,4151,669,3580006.2
73323,43,0,1,5,1990,1,3687,929,7334601.0
97544,65,0,0,72,2014,1,3458,195,9760573.4
74037,75,1,0,84,1997,1,533,688,7410767.7
27244,95,0,0,91,1996,0,4237,293,2731619.6
7812,68,0,1,93,2012,1,3559,722,786725.2
95800,83,1,1,28,1990,0,6051,323,9591195.0
4442,11,1,0,46,2016,1,9845,851,450428.6
71399,40,0,0,74,1996,0,5484,652,7141237.6
8223,73,1,0,18,2009,1,4835,511,828761.9
49694,47,1,0,17,2021,0,8872,976,4973672.1
71661,54,0,1,64,2014,0,793,516,7173346.4
98826,87,1,1,77,2007,0,12,948,9894829.7
92000,54,1,0,6,2011,1,4693,874,9203514.1
82274,36,1,1,69,2013,1,7565,170,8237371.3
28957,71,1,1,2,1992,1,3222,799,2903240.2
45273,66,1,0,3,2007,0,328,483,4531464.7
27649,86,0,0,67,1997,0,4153,774,2770975.7
78681,23,1,1,87,2015,0,5930,616,7884526.5
30383,24,1,1,87,2000,1,1312,789,3049140.0
16205,33,1,0,53,2000,0,5988,183,1626165.0
35821,12,1,0,71,2013,0,9220,980,3589966.3
96601,97,1,0,37,2015,0,478,243,9665463.5
34075,70,1,1,28,1995,1,7842,545,3415018.5
64246,31,1,0,90,1995,1,4368,415,6435521.5
8732,69,0,1,40,1991,0,1102,535,876520.1
15807,34,1,0,33,2020,0,4263,951,1587804.0
41409,100,1,1,9,2003,1,8936,687,4149403.3
84748,29,1,0,96,2013,1,1978,179,8480498.3
95514,64,0,1,83,2016,1,3388,167,9557636.6
19596,10,1,0,28,1997,0,6454,677,1965484.7
26886,88,0,1,10,1991,0,8380,850,2692355.1
5017,48,0,0,49,1993,0,9420,343,506461.3
817,80,0,1,26,2003,0,7737,703,87408.3
56381,5,1,1,91,2009,1,9204,795,5646091.9
45464,3,0,1,3,2021,1,9971,338,4549774.1
63992,5,1,0,39,2005,1,5356,764,6405553.5
81411,23,0,1,74,1998,1,4634,417,8149663.8
67053,15,0,0,33,2019,1,7848,947,6707304.9
13560,1,1,0,17,2001,0,7736,296,1361612.1
59993,13,1,1,67,2015,0,7159,324,6009243.5
95568,61,0,1,56,1992,0,8392,388,9562024.2
50873,95,0,0,38,2018,0,4083,379,5089609.8
56885,89,1,1,80,2001,1,7919,651,5699848.1
72193,49,0,1,82,1992,0,5541,326,7224575.2
39210,100,0,0,70,2011,0,5798,287,3923171.1
82468,24,0,1,1,1999,1,3756,292,8250786.9
64882,88,0,0,86,1990,1,3453,452,6493005.0
98864,37,1,0,55,2006,0,3854,721,9892826.6
71061,89,0,1,75,2018,1,629,587,7118344.8
46585,73,0,0,91,1990,1,4670,835,4662821.0
41976,78,0,1,86,1990,1,9332,475,4205798.0
52165,3,1,0,3,1998,0,4903,624,5221495.8
89999,49,1,0,3,2010,0,1314,186,9004222.0
65611,61,0,1,23,1999,0,5046,963,6563935.9
16067,4,1,0,26,2007,0,8041,943,1610057.7
57970,2,1,1,53,2013,0,2019,512,5811905.3
50373,38,0,1,53,2003,1,1500,352,5043556.3
12079,66,1,1,70,2020,0,3094,512,1213149.0
36670,12,0,1,54,2003,1,7937,346,3676149.3
2122,89,1,0,67,2000,1,3154,698,219749.0
88458,5,0,1,36,2012,1,7119,299,8853221.2
70603,35,1,0,42,2012,0,2976,324,7065124.2
70091,62,1,1,86,2009,0,1786,733,7019102.9
3886,86,1,1,35,2021,0,4865,808,398355.1
64932,38,0,0,42,2016,1,4507,889,6496287.6
4434,79,1,1,29,2009,1,9010,958,453660.9
79441,54,1,0,84,2011,1,1381,405,7949525.1
53077,84,1,0,92,2012,0,5494,110,5317242.2
91526,63,0,1,3,2008,0,9724,874,9154926.8
91334,54,1,0,97,1997,1,1841,768,9142863.7
38674,79,1,1,97,2015,0,2129,990,3881695.5
83033,36,1,0,75,2006,1,5037,164,8313113.6
76692,42,1,0,28,1997,0,6830,208,7673297.7
9468,3,0,1,18,1996,0,4330,317,952050.6
1347,45,1,1,39,1998,0,3579,714,142485.8
74970,60,1,1,82,2000,1,1897,869,7509123.0
87957,56,0,1,46,2014,0,1335,128,8800891.4
31560,74,1,0,17,2004,0,8088,499,3159643.4
23804,58,0,1,39,2008,1,3709,295,2386532.8
21765,79,1,1,35,1990,0,5287,442,2184139.0
11192,18,1,1,100,2005,0,7138,824,1129884.5
91569,74,1,1,40,1996,1,6609,514,9166813.6
23554,69,1,1,31,1990,0,1667,354,2365037.0
95444,10,0,1,10,1992,1,711,513,9547388.2
35447,94,0,0,57,2017,1,52,437,3550859.7
87502,32,0,1,89,2009,0,2759,973,8761066.9
56188,31,1,1,56,2018,1,29,316,5627165.8
58234,22,0,1,9,2005,0,7746,445,5826681.5
11130,77,1,1,98,2021,1,353,939,1123958.1
84920,20,1,1,67,2008,1,9599,164,8498090.8
52593,7,0,1,24,1997,0,4272,643,5266675.7
71830,84,1,1,94,2010,1,9393,771,7198524.0
60443,27,1,0,29,2020,1,6197,663,6050123.0
87140,89,1,0,35,2021,0,9405,759,8719038.1
20466,54,0,1,17,1992,0,2320,540,2050714.2
98983,28,1,0,94,1995,1,1094,458,9907159.5
97600,92,0,0,60,2004,0,7030,903,9766250.4
84478,54,0,1,85,2002,0,3963,916,8455893.2
94293,2,1,0,63,2014,1,7991,190,9434658.4
79363,63,0,1,21,2020,1,3943,665,7939687.0
82102,34,1,0,13,2006,0,6721,413,8212467.6
68916,19,0,0,13,2013,0,6851,487,6893475.3
79078,60,1,0,90,1998,1,2568,746,7911742.8
78304,100,0,0,82,2010,1,9182,766,7838249.0
16318,7,1,0,66,2018,1,9700,201,1641389.8
32263,76,0,1,92,2018,1,8164,348,3235937.8
95800,34,1,0,20,2021,0,2299,141,9585132.1
26659,18,1,1,88,1990,1,2832,378,2677314.0
74995,94,0,0,57,2021,1,6677,185,7505553.1
18399,88,0,1,1,2000,0,5416,222,1841652.0
14099,88,1,1,4,2019,0,5603,417,1417841.9
59805,45,1,0,74,2001,1,173,541,5986841.1
83388,97,0,0,72,2016,1,1288,533,8339971.6
34049,10,0,0,79,2002,0,9959,882,3413350.2
80863,57,0,0,31,2013,1,7372,575,8089383.3
48854,79,1,0,83,2002,0,4607,859,4890551.2
93002,53,0,0,52,1992,1,7998,962,9302663.2
68895,50,0,1,2,1995,1,8116,626,6891689.5
50058,72,0,0,96,2005,1,8185,956,5009004.5
93342,7,1,0,41,2020,1,7803,161,9340733.0
87586,41,0,0,4,1997,1,7412,988,8759529.7
59564,62,1,1,17,2000,1,705,515,5962905.0
94512,89,1,0,39,2002,1,3981,694,9457140.2
35145,44,0,0,8,2008,0,6162,506,3515730.8
36050,56,0,0,90,1991,0,2791,217,3611909.1
69630,70,1,1,76,1999,0,8174,137,6973784.9
7019,33,0,0,99,2008,0,2653,934,705568.8
3633,11,1,1,32,1992,0,5900,375,375162.2
17193,18,0,1,72,2018,1,4118,774,1724888.8
72730,58,0,0,38,1993,0,9441,854,7276501.3
50152,39,1,0,70,2015,1,7389,413,5018454.5
88898,53,1,1,52,2018,0,9679,220,8902046.8
48819,75,1,0,90,2005,0,2051,317,4887042.5
92649,31,0,0,77,1991,1,6811,429,9271774.1
42485,1,0,0,40,2017,1,974,426,4251851.7
65867,37,0,0,92,1994,1,3054,998,6593211.4
2372,41,1,0,5,2003,0,8041,736,241014.3
60514,46,1,1,35,2019,0,9227,340,6059360.9
93564,16,1,1,66,2019,1,4952,325,9370487.9
40622,96,1,0,94,2009,0,1930,110,4071155.9
24490,36,0,0,87,2009,1,837,174,2452012.9
24386,69,1,0,71,1997,1,7112,202,2445795.7
83072,42,0,1,20,2014,1,1269,110,8312353.4
65741,88,0,0,78,2000,0,2518,925,6575564.0
48867,40,0,0,56,2013,0,4212,114,4889559.3
18148,96,0,1,39,2020,0,9853,438,1821559.0
20444,13,0,1,31,1993,1,1925,670,2049492.3
95591,85,0,0,43,2003,1,3279,970,9560516.3
46572,89,0,0,18,1993,1,6035,704,4658899.3
12849,48,1,0,21,2021,1,5245,844,1290147.1
21370,67,0,1,67,1999,0,3278,767,2142261.9
13131,22,0,1,46,2003,1,2408,848,1321934.3
4489,54,1,1,2,1996,1,9331,205,453812.6
59286,77,0,1,95,1991,1,2351,943,5940315.1
38370,20,0,1,73,2018,1,8712,197,3840886.8
44479,4,1,0,19,2001,0,2952,676,4453151.1
27738,12,0,1,44,2008,0,3734,309,2780182.8
82680,89,1,1,27,2017,1,1537,112,8273795.7
52687,35,1,0,43,2004,0,4554,409,5271994.4
77043,22,1,1,83,1993,0,6531,814,7709349.3
58041,71,1,0,29,2016,1,5539,141,5810358.6
56147,70,1,0,100,2016,1,4787,922,5621340.6
96006,26,1,1,17,2003,1,8173,541,9609774.3
92541,5,0,0,31,1992,0,4079,920,9255462.2
20978,10,0,0,86,1996,0,3089,698,2100765.6
9210,87,0,1,42,1990,0,9184,986,926256.0
87699,92,1,0,73,2000,1,4147,606,8777421.0
81260,66,0,0,3,1992,1,152,392,8127110.2
94015,33,0,0,99,1992,1,6434,600,9409921.2
33979,59,0,1,3,1994,0,1716,404,3402494.4
81065,95,0,1,80,2020,1,4196,161,8116681.0
61028,63,0,0,14,2006,1,3484,139,6104386.6
31419,80,1,0,6,2009,1,8002,110,3147602.9
70080,72,0,0,98,2014,1,9477,686,7018061.4
58314,75,0,1,13,2003,1,1428,916,5836299.3
92128,90,1,0,100,2019,0,7853,177,9223230.9
61615,54,0,0,27,2004,0,2206,140,6162767.4
92722,79,1,0,73,2019,1,38,550,9283890.9
35755,7,1,0,20,2013,1,9967,611,3578043.3
59834,90,1,1,50,2018,1,4468,925,5992116.8
76297,88,1,1,69,1993,1,8273,877,7637924.3
89286,14,0,0,73,2016,0,1496,622,8933700.6
46367,47,1,0,84,2017,1,4360,144,4648492.7
7591,98,0,1,59,1996,0,1337,234,765416.6
37965,3,0,0,28,1990,0,5926,825,3799673.0
3155,53,1,1,16,2015,1,9865,150,323586.5
9845,75,0,1,82,2002,1,950,318,988800.2
6363,36,0,0,75,2013,1,9446,696,643101.3
77566,38,1,0,21,2009,0,470,244,7762684.9
99918,57,1,1,58,1990,0,2482,155,10002945.0
1108,66,0,0,24,2020,0,9236,145,112384.0
73867,99,0,0,84,1999,0,8291,243,7391147.9
3822,60,0,1,76,1999,1,8829,456,392397.9
85911,37,1,0,31,1994,1,1914,230,8598134.4
59582,69,1,0,79,2001,0,1016,865,5965453.1
92522,39,1,1,20,2005,0,1000,176,9259875.5
71418,20,0,1,47,2014,1,5273,286,7147130.4
15975,97,0,0,80,2021,0,7550,912,1604852.1
26721,12,0,1,27,2013,0,4362,123,2676647.3
27230,14,0,1,73,2000,0,708,860,2730690.0
69664,73,1,0,66,2009,0,4266,778,6973278.9
59702,45,1,1,37,1994,1,1500,563,5979963.4
88079,30,0,1,9,2017,1,122,677,8810981.7
7464,5,1,0,5,2007,0,6351,945,749433.7
36836,79,1,0,61,2009,1,8320,335,3690931.9
81118,43,0,0,60,1991,1,1639,727,8114549.1
21941,76,1,1,5,1992,0,5310,901,2202238.2
56509,59,1,0,68,2019,1,4090,584,5654739.9
2877,19,1,0,83,1995,1,6884,653,296378.5
5013,19,0,0,57,1999,1,2804,305,504173.9
14745,68,1,0,64,2013,1,9747,824,1486405.3
36511,20,0,0,44,1993,1,6784,958,3652333.3
49953,75,1,1,38,2021,1,699,794,5007612.1
65297,73,1,1,86,2017,1,260,910,6536489.7
9457,70,0,1,37,2014,1,3606,425,953108.4
14224,26,1,1,45,2003,0,5175,801,1433009.3
92860,28,1,1,2,2018,1,4952,473,9291439.8
82109,57,0,1,15,1990,1,62,770,8215749.0
82907,81,1,1,14,2010,0,2647,300,8297847.0
85467,96,1,0,72,2016,1,4319,707,8552777.6
48861,27,1,0,56,2002,0,4333,458,4890753.2
20851,89,1,0,33,2004,0,2317,677,2091090.4
54531,42,1,0,53,1996,1,9925,664,5456185.6
71923,67,1,1,27,2002,1,4093,413,7196257.2
87018,37,0,0,79,1995,1,2617,777,8707002.5
82525,63,0,1,38,2008,1,9388,363,8258910.8
1562,77,0,0,72,2013,1,9322,304,161885.3
55877,30,0,0,22,1994,1,6349,635,5589583.4
29392,42,1,0,45,2003,0,299,200,2944295.3
61067,81,1,0,39,1998,1,5257,377,6109873.8
92725,81,1,1,33,2003,0,4903,363,9283435.3
86614,65,0,1,63,1996,1,1472,919,8671187.6
85022,55,1,0,99,2012,0,2977,734,8508095.2
95388,66,0,0,57,2008,0,376,692,9543098.8
389,28,0,1,34,2000,0,3187,294,43545.0
22254,94,0,1,46,1991,0,3063,653,2233861.1
17518,98,1,1,59,1998,0,5802,113,1760239.8
56997,84,1,0,93,1990,1,2970,425,5704164.0
76149,24,0,1,63,2009,1,973,168,7619731.9
26223,35,1,1,8,2014,1,1084,195,2630045.4
88914,11,1,0,67,2005,0,7270,692,8899500.5
53822,82,0,0,14,2008,1,9755,761,5383902.8
22451,88,1,1,30,2019,0,4720,943,2251128.9
51678,100,1,0,64,2016,1,4890,147,5175264.6
77383,8,1,1,34,1994,0,4386,670,7746930.4
46018,47,1,1,11,1993,1,6161,124,4612424.3
43691,19,1,1,39,1993,0,834,222,4375504.3
55209,80,1,0,96,2006,1,1168,691,5532468.6
24052,85,1,1,6,2005,1,7850,990,2410520.5
21482,43,1,1,38,2021,0,5360,271,2156342.1
34713,92,0,1,27,2020,1,5767,398,3475991.0
20395,11,0,1,24,2020,0,5170,381,2041658.0
2599,8,1,0,85,2004,1,5566,989,267488.4
81472,22,1,1,16,2013,0,2042,526,8157989.3
69945,5,0,0,77,2014,0,8796,924,6998212.4
61139,92,0,1,94,2006,0,2336,225,6127221.6
28899,6,1,0,20,2007,1,8771,907,2892484.7
23210,4,0,0,1,2014,1,4166,608,2321968.4
48670,25,1,1,53,2005,1,1372,755,4874367.5
60256,60,1,0,68,2016,1,5123,569,6033836.6
81902,38,0,0,85,2010,0,885,514,8192941.0
22606,99,0,1,80,1998,1,2718,776,2271736.8
56613,58,1,0,92,1990,0,5219,444,5673842.0
54822,84,0,1,12,2016,0,9311,459,5485078.6
46536,57,0,0,58,1997,0,1768,924,4660099.7
61502,77,1,0,75,2019,0,6111,258,6158082.9
42079,5,1,0,10,1991,0,3385,254,4213303.1
1693,30,0,1,38,2006,0,2917,714,174850.6
28617,20,1,0,65,1995,1,6782,666,2866340.5
94394,79,0,0,94,2006,1,8167,891,9441848.6
71714,82,0,0,53,2006,0,8313,288,7175059.6
28076,4,1,1,86,2014,1,6596,110,2819687.4
88642,66,0,0,83,2001,0,2366,950,8872635.1
99532,17,0,0,62,1993,0,3158,501,9954865.3
70707,70,1,1,68,2011,1,7276,859,7077984.1
68985,67,1,1,79,2017,1,5004,755,6910322.7
20469,43,1,0,77,2003,0,3682,809,2057093.3
64930,54,1,1,75,2001,1,4584,612,6510156.1
47275,91,0,0,86,1990,1,5759,768,4731933.0
88658,94,0,1,7,2015,0,7508,535,8869471.5
51476,97,1,1,97,2017,0,1268,330,5155902.7
15351,93,1,0,14,2003,1,6441,873,1539085.3
66990,11,1,1,3,2011,1,8630,995,6708186.1
99338,73,0,1,88,2007,1,7399,867,9941123.7
18376,68,0,1,21,1997,1,5904,612,1842716.7
16214,65,1,0,56,2015,1,9024,882,1629077.5
42477,38,1,0,13,1991,0,5380,943,4252254.1
1331,73,0,0,94,1996,1,5208,591,135115.6
32433,33,0,1,71,1999,1,5047,318,3253892.9
16888,2,1,1,41,1996,0,4516,967,1694620.6
45206,39,1,1,12,2014,0,2724,615,4527173.4
77936,43,1,0,54,2001,0,3782,380,7799946.1
52324,70,1,1,36,2009,1,487,690,5240655.9
94565,13,0,0,95,2004,0,8133,213,9463275.4
38273,17,0,1,26,2012,0,1451,618,3832850.2
50109,35,0,1,13,2015,1,7101,846,5016997.5
1887,70,0,1,28,2015,0,3200,594,194035.5
43891,36,0,1,23,2005,0,6242,634,4394008.5
43621,28,0,0,62,2010,1,9613,902,4364041.0
93924,77,0,0,38,1992,1,6396,588,9396009.2
70589,78,1,1,7,2009,1,4554,739,7065959.9
15729,36,0,0,94,1998,0,3260,480,1575961.8
36849,25,0,1,52,1998,0,1892,678,3689400.8
68365,98,0,0,82,2001,0,8576,663,6841624.1
52478,20,0,1,22,1992,0,9916,428,5252648.2
67012,32,0,0,76,2004,1,6796,248,6707398.4
61335,61,0,1,13,2018,0,2805,104,6137391.8
3535,1,0,1,16,1995,1,2341,962,358689.5
79620,60,0,0,63,2019,0,7652,150,7965223.9
53596,87,1,1,97,2020,1,7636,847,5369695.0
74621,100,1,0,17,2003,1,2857,313,7468927.3
21749,44,1,1,49,2011,0,5405,502,2181457.1
60899,79,1,1,64,2004,0,3350,735,6099761.4
7957,70,1,0,66,2001,0,314,143,805480.1
35941,83,0,0,97,2001,0,3845,191,3596784.1
97772,35,1,1,27,1993,1,7671,594,9781828.3
66508,75,0,0,100,1990,1,5510,545,6652899.0
30862,32,1,1,12,2001,0,3856,233,3091919.1
25872,18,0,0,28,1991,0,1995,992,2589819.1
81653,67,1,0,77,2007,1,827,685,8173862.7
3261,6,0,1,32,2010,1,3937,969,330590.0
86301,57,0,1,13,2006,0,7729,125,8634295.6
31810,81,0,0,20,1994,0,1413,137,3183159.4
49386,96,0,1,76,1990,1,3940,376,4943038.0
82353,84,1,0,98,2011,0,9983,612,8238845.1
25998,57,1,1,99,2001,0,6471,196,2618078.1
43120,4,1,1,58,1990,0,3887,854,4322504.0
82202,100,0,1,59,2014,1,3857,326,8227582.4
51966,86,1,1,27,1994,0,132,946,5202574.4
74988,62,1,1,66,2012,0,7677,714,7513503.2
35412,27,1,1,70,1994,0,4160,455,3555286.4
18179,14,1,1,49,2004,0,3796,905,1822705.4
35375,23,0,1,93,2006,0,9591,383,3547670.6
75731,13,0,0,98,2017,0,9189,384,7581003.7
40227,36,1,1,46,1997,1,1146,668,4030969.7
93046,70,0,1,88,2000,1,9528,614,9312840.0
16979,67,1,0,84,2012,0,4773,303,1706608.2
45273,54,0,1,27,2007,0,139,992,4535019.7
62247,100,0,0,68,2010,0,3823,907,6231793.0
44913,30,0,0,39,2015,0,6521,652,4493550.5
60745,97,0,1,85,2015,1,5075,936,6084063.5
93571,47,1,0,38,2018,1,5674,995,9361586.8
15186,54,0,0,73,2001,0,3742,763,1523188.1
32024,91,0,1,13,2019,0,4896,920,3207302.9
30579,73,0,0,98,2002,0,5664,268,3064236.2
83117,48,1,0,1,1993,1,7867,382,8314925.3
75189,55,0,0,53,2005,0,9457,465,7523363.5
6121,70,1,0,31,2004,0,8341,560,618710.4
47554,86,1,1,53,2020,0,8783,688,4765507.0
38525,87,1,1,18,2018,1,161,599,3861258.8
76623,27,0,0,9,2001,0,1831,410,7663621.1
56430,86,0,1,95,2013,0,4525,795,5651930.3
89237,9,1,0,99,2004,0,1129,299,8935828.4
42495,49,0,1,11,2008,0,6667,548,4254092.8
2930,61,1,0,52,2002,1,1757,549,298074.2
34336,92,1,1,55,2013,0,1604,630,3442471.3
39222,55,1,0,25,1991,0,4245,381,3929495.1
36428,24,0,1,9,2015,1,3344,255,3646080.5
9852,85,1,0,25,1990,1,6620,141,992182.0
27197,43,1,1,91,2021,1,9484,740,2727914.1
30176,36,0,1,84,2011,0,8940,754,3024957.1
40057,56,0,0,32,2020,1,2609,877,4007722.0
54379,82,1,1,10,2012,0,8445,466,5447444.2
35131,20,0,1,12,2001,0,4415,914,3515398.1
30872,54,0,0,19,1992,0,5917,370,3088148.2
94569,18,1,1,6,2000,1,848,939,9464117.0
35714,84,1,0,52,1993,1,8094,240,3578983.3
63182,21,0,1,91,1990,1,4465,469,6326321.0
35122,45,0,1,76,1993,1,9919,390,3519372.3
49171,2,1,1,78,2004,0,5815,515,4931736.4
83780,56,1,0,6,2020,1,4012,656,8382464.0
87781,72,1,1,44,2011,1,3052,933,8789651.1
93437,40,1,0,36,2009,1,3370,850,9350312.9
51477,14,1,1,26,2021,1,480,271,5152795.1
33028,62,0,1,4,2016,0,6303,211,3307652.6
78173,67,0,0,68,1996,0,3923,791,7819707.6
85424,18,1,1,26,2005,0,6111,500,8548350.5
41303,43,0,0,29,2021,0,2712,625,4132922.1
96859,19,0,1,84,2020,0,8672,740,9697543.0
43455,37,0,1,49,2010,0,5289,293,4353454.0
66050,85,1,0,81,2018,0,7047,433,6616556.8
56659,43,0,1,85,2012,0,3855,554,5671005.2
58597,99,1,1,4,2021,0,2792,146,5867655.1
78552,67,1,1,32,2008,0,8338,747,7861906.8
36565,5,0,0,19,2007,0,4363,523,3658403.7
97843,40,0,0,76,2012,0,2334,780,9790045.2
49777,23,1,0,64,1990,1,1399,880,4984030.0
94847,31,1,1,6,2001,1,9311,426,9493047.1
5886,87,1,1,22,1991,0,3244,871,594670.1
85083,70,0,0,33,1994,1,1697,573,8511641.4
60153,68,0,1,49,1994,0,1658,519,6021519.4
13553,66,0,0,65,2017,1,5143,437,1360671.7
90797,98,0,0,35,1998,1,1112,806,9082814.8
66814,39,1,0,57,2018,1,95,351,6684800.8
87182,38,1,1,11,2007,0,5422,204,8723444.7
85184,38,1,0,12,2008,1,6650,415,8522151.8
22216,50,1,0,21,2006,0,7509,963,2227097.6
20967,33,1,1,66,2016,0,8214,118,2103788.6
52948,91,1,1,10,1994,0,190,114,5301685.4
69328,3,1,0,64,1997,0,3320,499,6939925.7
8759,60,0,0,28,2003,0,2356,651,879516.3
83475,29,1,1,21,2003,1,8529,713,8354822.3
68213,15,0,0,46,2018,1,5504,689,6824757.8
37041,95,1,1,42,1990,1,5601,108,3712504.0
45199,42,1,1,35,2017,0,6758,363,4525009.7
64514,85,1,1,7,2018,0,4548,446,6458929.8
55484,78,0,1,28,1996,1,3639,377,5555288.6
74310,4,1,0,30,2004,0,8773,200,7436951.4
75985,5,0,1,68,1994,0,6106,884,7606736.4
90110,64,1,0,52,1998,0,8600,384,9019491.8
77231,96,1,1,86,2008,0,7020,185,7736121.8
33135,29,0,0,77,2014,1,5397,745,3319402.4
25662,30,1,0,28,1992,0,5062,857,2572373.2
3479,15,0,0,21,2016,0,6261,484,349192.6
91004,36,1,0,11,2009,1,1334,460,9102980.9
41387,3,0,0,37,2008,0,5738,760,4141466.8
82616,76,0,0,31,2003,0,7653,961,8262441.3
40647,84,1,1,96,2007,1,8371,372,4077290.7
9410,26,1,0,99,1994,0,7053,827,953870.4
81166,80,0,0,33,2017,0,3061,502,8119282.7
21459,14,0,1,85,2005,1,5520,100,2156838.5
94674,52,1,1,78,1991,1,8822,590,9477047.1
76405,7,1,1,71,2009,1,2611,255,7654143.9
59302,85,1,1,31,2007,0,4968,826,5940173.7
5017,6,1,0,10,2005,0,7797,880,505976.5
45737,86,1,1,37,2011,0,7396,134,4580439.1
77021,24,1,1,27,1990,1,5405,131,7708657.0
37563,11,0,0,73,1994,1,7193,522,3758386.4
32561,12,0,0,69,2016,1,5445,206,3259171.6
97802,50,1,0,68,2021,1,8877,189,9787101.1
40792,37,0,0,65,2018,0,7593,680,4083461.8
96309,1,1,1,25,2011,1,6790,164,9638086.1
34131,4,1,0,19,1991,1,3503,122,3418759.1
7427,82,0,0,25,2011,0,637,878,743576.1
93132,93,1,1,35,1998,1,2064,315,9320824.8
792,4,0,1,68,2016,1,9670,904,86613.6
87446,46,0,0,5,2006,0,777,217,8745320.6
12664,49,1,1,27,1997,0,5096,332,1276391.7
52101,44,1,1,96,1991,1,4434,829,5223673.1
65052,24,0,0,25,1992,0,6382,976,6507074.2
96526,29,0,0,97,1992,0,5207,553,9657476.2
42943,27,1,1,82,1994,1,1203,294,4303486.4
51518,39,0,1,67,1999,1,9542,124,5160065.9
28311,88,0,0,25,2002,0,7463,157,2833875.2
40081,48,0,0,21,2012,0,1731,359,4009410.2
53020,64,0,1,79,1996,0,5586,637,5309888.6
5740,49,0,1,66,2001,0,5294,276,578196.1
91472,12,1,0,30,2002,1,2505,123,9154295.2
42820,94,1,0,58,2002,0,5629,885,4284262.2
56105,44,1,0,26,2013,1,6193,425,5615435.3
52370,47,1,1,68,2002,1,4829,293,5249769.2
16998,1,1,1,90,2013,1,8630,569,1711614.3
37394,85,0,1,50,2013,1,5502,369,3747668.3
39092,15,0,0,39,2008,0,4754,728,3912190.8
82310,69,1,0,21,2006,1,1244,527,8235493.6
79576,78,0,0,24,2011,0,3003,895,7958981.1
73717,72,1,1,39,2017,1,2569,449,7380635.7
33851,19,1,0,72,2013,0,1297,944,3390907.3
22878,99,0,1,50,2014,1,7075,885,2293660.4
30352,16,0,1,32,1998,1,887,230,3040502.8
75549,16,1,0,69,2013,1,72,708,7561347.3
95568,83,1,0,73,2013,1,5347,819,9566990.3
15180,44,0,0,6,2003,1,1867,614,1518916.3
57582,76,0,0,55,2014,0,7345,385,5762906.4
25112,40,0,0,99,1994,0,750,303,2518927.4
12558,36,1,1,40,2014,0,2566,214,1267518.4
43262,98,1,1,86,2016,1,310,677,4338500.6
15334,16,1,0,43,1996,1,8275,266,1535869.6
95409,46,0,0,78,2003,1,3890,796,9544720.3
58704,94,1,1,53,1996,0,6928,440,5883585.6
14213,73,0,1,32,2013,1,3651,745,1428141.3
56007,65,0,1,81,2000,0,5027,104,5604820.0
52330,1,1,1,64,2017,0,1888,705,5245987.7
74986,59,1,1,94,1999,0,1878,766,7510238.9
41043,1,0,0,78,1993,0,5723,603,4105841.3
90374,86,0,1,24,2016,0,4161,102,9043292.6
73664,52,0,0,96,2011,1,9940,617,7368733.1
64693,12,1,0,10,2001,0,9194,352,6472400.1
20743,19,1,0,15,2011,1,3648,835,2080020.1
1719,5,1,1,31,2018,1,736,165,180524.8
61920,10,0,1,70,2000,1,127,867,6198911.0
79047,7,1,0,58,1992,0,5833,309,7913249.2
1344,86,0,0,10,2016,1,2060,605,135751.6
90170,21,0,1,23,2010,0,739,919,9019821.0
92196,29,0,1,84,1992,0,3300,314,9224397.2
5065,71,0,0,89,1997,1,5208,860,516232.7
7923,31,1,1,1,2001,1,7056,531,799303.1
80237,88,0,0,35,2006,1,6209,134,8025945.6
63681,29,0,1,16,2005,0,1778,520,6373356.5
33749,44,0,0,38,1991,0,5688,169,3379097.1
98664,15,1,1,42,2003,1,3439,222,9876359.3
7535,67,0,0,58,2012,1,5069,229,756107.2
29827,64,1,1,45,2013,1,8183,197,2990376.3
39734,99,1,1,81,1992,0,3606,510,3983895.2
1097,31,0,0,66,2020,0,2597,110,114412.0
79629,97,0,0,8,2009,1,5358,615,7964152.9
61480,64,0,0,39,2021,0,2121,643,6149872.1
89921,60,1,0,2,2008,0,7541,746,8995782.8
78256,13,1,0,33,2006,1,5104,206,7832866.6
2743,61,0,0,20,1996,1,8385,474,276139.6
33507,85,0,1,87,2013,0,221,418,3360225.3
51859,59,0,0,60,2003,1,7275,572,5190340.3
9145,20,1,0,59,2009,0,8147,841,919003.9
60072,36,1,1,81,2013,1,619,866,6021514.3
33099,3,1,1,86,2020,1,7525,795,3322097.0
48299,88,0,1,34,2010,1,1928,846,4838730.0
72481,18,1,0,71,2021,1,9080,273,7254308.1
65822,70,0,0,88,2006,1,5889,396,6585590.6
40259,8,0,0,25,2003,0,2455,864,4029000.3
43653,13,0,1,72,2012,1,5654,519,4374203.2
44008,40,0,0,10,1992,0,894,817,4402299.2
6578,34,0,1,27,2008,0,7746,346,662084.8
25210,98,1,0,34,1994,0,5454,147,2525784.4
72580,79,1,1,84,1996,1,9378,409,7269915.6
4722,57,0,0,99,1995,1,806,456,481417.5
52967,19,1,0,54,1990,1,9331,497,5304068.0
48046,97,1,1,54,2015,0,7748,428,4818306.5
58725,76,0,1,5,2018,0,8990,831,5876344.8
80062,78,0,0,90,2011,0,1797,862,8007951.1
87547,11,0,0,81,2008,0,7269,715,8756084.8
10496,32,0,1,39,2007,1,7069,473,1056525.7
53466,98,1,1,22,2007,0,6083,633,5354379.7
81164,24,1,1,40,2005,0,2828,749,8122770.5
12125,50,0,1,45,2004,0,8208,204,1219284.4
73851,51,1,0,8,2007,0,1690,171,7387211.7
9327,96,1,1,72,2001,0,193,651,942653.1
64000,54,0,1,85,2012,0,9149,389,6407878.2
4840,9,1,1,70,1992,1,9078,739,497373.2
48164,50,0,1,36,2003,1,5361,995,4819035.3
70087,79,1,1,81,2017,1,1736,601,7025221.7
68609,67,1,0,74,2000,0,8794,912,6870074.0
92037,100,1,1,66,1993,1,3416,762,9216204.3
34477,46,1,0,24,1995,0,5761,472,3454533.5
16009,87,1,1,32,1992,0,8617,360,1609358.2
66061,62,1,0,61,1990,1,6571,670,6613492.0
96142,6,0,1,79,2020,0,1962,832,9622454.0
34341,27,0,0,81,2017,1,1765,727,3440578.7
52576,67,0,1,16,2021,0,6790,563,5260049.1
31149,95,1,0,81,2002,0,2821,468,3122865.2
35958,96,1,0,52,1995,0,1555,362,3602301.5
4114,43,1,0,14,1996,0,8440,961,415562.6
39995,23,0,1,79,2008,0,4683,111,4003367.8
99227,26,1,1,82,1991,1,4052,397,9936021.1
39337,54,0,1,53,2017,0,9298,185,3939660.7
77980,24,1,1,60,2003,1,4579,469,7808460.3
63092,26,1,1,84,2000,1,3993,405,6319624.0
58974,44,0,0,78,2008,1,7758,278,5904218.8
91156,20,0,1,47,2009,1,9405,842,9120679.9
31045,100,1,0,35,1990,0,1750,404,3109000.0
17012,2,0,0,6,1999,0,8324,189,1702289.9
21258,38,1,1,30,1991,0,3175,298,2131166.1
82808,49,0,0,7,2004,1,2185,459,8282112.4
31696,1,0,0,57,2005,1,1062,562,3172950.5
76262,16,1,1,86,2021,1,6248,307,7636698.1
51127,76,0,0,41,2012,0,1888,818,5116713.2
13092,12,1,0,11,2009,0,4448,567,1312532.9
84722,8,1,1,51,1993,0,9686,318,8479242.3
28787,16,1,0,83,2018,1,7495,618,2889198.8
18436,31,1,1,6,2002,1,6212,811,1852147.2
3426,95,1,0,11,1992,0,828,845,345268.2
27193,57,1,1,5,2016,1,2151,386,2726538.6
85431,3,1,0,33,2016,0,8326,195,8550479.6
11986,9,1,0,100,2014,0,1441,770,1207946.4
77744,34,0,0,85,1990,1,3190,379,7781079.0
41419,78,0,0,96,1992,0,8271,309,4146569.2
88441,86,1,1,65,2014,0,6096,639,8854284.4
6506,10,1,0,35,2002,1,9958,838,658467.2
61562,52,1,0,87,1991,0,32,873,6164454.1
69355,73,0,1,93,2013,0,3625,796,6942882.3
1453,44,1,1,5,2009,0,9078,286,152267.9
91524,23,1,1,83,2003,1,5349,400,9157838.3
79375,43,1,0,6,2013,1,4513,222,7942261.3
15940,42,0,0,15,1990,1,729,526,1595269.0
36425,79,1,0,93,1996,0,6507,629,3654949.6
83264,28,1,1,20,2021,1,3072,605,8336224.1
26018,58,0,1,79,2002,0,5295,707,2608276.2
52194,8,0,1,97,2017,0,2232,970,5224594.7
72570,98,0,0,97,2014,1,9856,874,7260082.4
88671,68,1,0,44,1997,1,4769,527,8871592.7
3796,28,1,1,86,2004,1,4418,412,389975.4
94129,29,0,0,81,1998,1,6578,254,9419500.8
60490,14,0,0,80,1998,1,2930,953,6051979.8
10206,42,1,0,56,2007,0,6807,537,1024239.7
14375,1,0,1,85,2019,0,9111,402,1449663.9
42168,6,1,0,80,2013,1,8869,364,4222857.3
46695,77,1,1,78,1997,0,2840,194,4680907.7
1514,97,1,0,82,2001,1,1049,354,156371.1
24140,14,0,0,13,2014,0,8956,562,2415551.4
68309,3,0,0,83,2006,1,1714,895,6836397.6
59288,44,0,1,8,2021,0,4412,219,5934463.1
99173,83,1,1,35,1992,0,4914,248,9927131.2
20926,75,0,0,34,2011,0,2379,759,2093781.1
22567,6,0,0,37,2000,1,3815,654,2257816.0
31873,56,1,1,44,1997,0,9443,393,3197462.7
83197,46,1,1,68,1997,0,4439,351,8327908.7
57229,73,1,0,26,2001,1,3468,333,5729282.1
68143,87,0,0,14,2018,0,2675,994,6816133.8
21284,67,0,0,63,2010,0,1589,788,2134558.0
90360,65,1,0,4,2003,1,4727,727,9039117.3
83300,84,1,0,100,2001,0,3231,423,8338071.1
79770,98,0,0,57,1997,0,8501,363,7978838.7
31239,99,0,0,77,1992,0,6178,208,3130709.2
49856,95,1,1,25,1997,1,7182,125,4992838.7
24840,64,1,1,82,2002,0,3619,504,2494109.2
52526,43,1,1,28,2008,1,211,485,5261013.8
12797,47,1,0,26,2001,0,9030,961,1284541.1
77128,69,0,0,79,1998,1,3383,269,7721041.8
77708,17,0,1,95,2015,1,2635,546,7778998.5
42509,39,0,1,83,2017,1,5212,179,4260579.7
53436,18,1,1,1,2000,0,6009,178,5352131.0
1344,64,0,0,56,2020,0,3576,404,140104.0
61911,51,0,0,89,2000,1,8178,410,6200711.0
82247,22,1,1,34,1992,0,6593,402,8231274.2
20447,11,0,1,99,2020,0,9134,642,2056119.0
54645,96,0,0,23,2007,0,6195,645,5466135.7
61453,7,1,1,86,2006,0,8951,558,6152438.6
91978,98,0,1,6,1995,1,7355,815,9201430.5
5826,13,0,1,80,2003,0,3606,922,590397.3
20486,81,0,1,17,2013,0,9303,876,2052565.3
9474,28,1,1,84,2002,1,6994,156,961132.2
98426,11,0,1,74,1992,1,3934,820,9850377.2
49072,14,0,0,46,2007,0,9889,245,4910288.7
54310,38,1,0,34,1998,0,763,838,5435355.8
78289,2,1,1,34,1995,0,5833,168,7834644.5
30403,97,1,0,84,2017,0,8656,490,3049116.7
62083,16,1,0,63,1991,0,1709,121,6212807.1
57405,99,1,1,32,2018,1,1870,653,5747803.8
22674,64,0,0,87,2003,1,2214,471,2275756.3
51682,76,0,1,100,1997,0,7572,510,5179120.7
72001,72,0,0,76,2005,1,7481,695,7207458.5
43758,83,0,0,94,2008,0,9550,441,4385098.8
63958,92,1,1,97,2013,1,7067,915,6409487.3
66049,51,0,0,6,1996,1,6899,368,6605823.6
18780,88,0,1,77,1994,1,4010,767,1889782.4
88810,90,1,0,11,1993,0,7900,902,8883384.3
76936,44,0,0,31,1995,1,3776,330,7696025.5
98403,87,1,1,10,2014,1,2823,399,9847192.4
30249,96,0,0,53,1993,0,3720,415,3026833.3
40588,45,0,1,13,2008,1,4056,827,4064857.8
6686,90,0,0,73,1999,0,3114,898,674578.9
93703,38,1,0,59,2012,0,7305,869,9378462.2
86049,35,1,1,49,2011,1,6318,374,8615471.1
44728,4,1,0,82,1994,0,2593,283,4482174.4
53565,14,1,0,47,1990,1,9618,273,5363979.0
74769,99,1,1,30,2011,1,3835,288,7487371.1
31131,58,1,0,55,2006,1,4193,620,3119278.6
10526,34,1,0,79,1997,0,9534,359,1061695.7
98462,79,0,1,38,2003,1,2792,794,9851011.3
55094,82,1,0,33,2016,0,4704,577,5513407.6
14293,14,0,1,7,2013,0,9029,761,1432820.3
45008,37,1,1,48,2002,0,6870,656,4511521.2
83857,95,1,1,92,2016,1,1703,806,8398328.6
34136,60,1,1,18,2001,1,6937,112,3422411.1
88123,97,1,0,43,1999,0,4371,174,8816802.9
82244,81,0,1,28,2001,1,391,936,8231444.1
49609,95,1,0,34,2004,0,9450,500,4965921.4
45790,36,1,1,4,2015,1,7987,953,4583445.5
44726,77,0,1,73,1991,0,1142,496,4480483.1
23481,34,1,0,26,2020,0,3552,887,2353320.0
32633,71,1,1,16,2020,1,7978,526,3269031.0
10549,25,0,1,57,2005,0,774,939,1064177.5
38279,30,0,0,22,2008,1,1182,962,3828880.8
87413,43,1,0,34,2010,0,1133,774,8747829.0
34378,2,1,1,56,2006,1,5422,988,3449885.6
23548,42,1,1,26,1991,0,5326,600,2363386.1
15614,21,0,1,37,2001,1,7068,667,1568188.1
89356,23,0,0,18,1991,1,1305,868,8937435.1
39022,97,0,0,29,2008,1,1668,173,3905955.8
68731,24,1,0,70,1993,0,1954,938,6881235.3
12014,83,0,1,1,2006,0,7206,665,1203385.6
55709,95,1,0,2,2015,1,3712,949,5574634.5
43434,5,1,1,80,2017,0,8320,931,4353911.7
70348,73,0,1,43,1995,1,5865,762,7041313.5
39610,92,0,0,60,2017,1,370,976,3962981.7
84563,37,1,0,66,2009,0,6720,188,8462338.9
71061,42,0,0,75,1993,1,7747,466,7109849.3
26479,71,1,1,99,2009,0,4468,210,2655657.9
3440,62,1,1,72,2009,0,7498,489,354630.9
5577,44,0,0,79,2014,0,8539,747,565361.4
78789,30,1,0,52,2017,1,5808,198,7885033.7
82517,24,1,0,97,2011,1,5963,579,8262678.1
11602,85,0,1,47,2008,1,3765,402,1167525.8
37195,84,1,0,54,2001,1,9265,918,3725955.1
32862,3,1,1,55,1994,1,3598,370,3296638.4
73542,75,1,1,83,2021,0,3925,417,7371844.1
24280,29,0,1,17,1998,0,697,550,2433903.8
97959,97,0,0,52,2002,0,4558,672,9801176.2
42760,89,0,1,23,2021,1,1703,190,4280171.1
52429,24,1,1,42,2018,1,1481,490,5253024.8
90301,35,0,1,89,1999,0,7394,262,9043358.9
89674,6,0,0,5,2012,1,5673,604,8968371.2
69242,90,1,0,23,2010,0,3734,110,6927700.0
5802,99,0,0,61,2010,1,542,465,583663.0
53755,33,1,1,52,2015,0,292,580,5385263.5
78731,88,0,0,79,1991,1,5914,742,7878473.1
22727,54,1,1,84,1990,1,7185,764,2288176.0
95490,7,0,0,46,2000,1,5025,515,9553090.0
78293,20,0,0,39,2004,0,5078,701,7832273.4
856,2,1,1,38,2000,0,1600,374,94449.0
17225,31,0,0,16,2014,0,3401,690,1723749.4
15118,74,1,0,28,2014,0,6483,944,1514316.4
51393,99,1,1,68,2004,1,8696,736,5153610.4
75284,15,0,0,90,2001,1,2865,869,7531660.1
31609,97,1,1,15,1994,0,2134,174,3169821.4
28350,56,0,1,82,1999,1,8713,692,2838367.9
58314,84,1,1,8,2021,1,8292,880,5835776.1
40327,56,0,1,100,2013,1,8085,951,4036268.3
9171,18,0,0,9,1996,1,3760,429,917869.6
152,80,1,1,18,2012,1,475,879,22160.2
86617,95,0,0,69,2021,1,9790,234,8667306.1
72297,40,0,0,98,2001,1,7479,113,7234718.1
16361,4,1,1,93,1993,0,9867,554,1647116.3
72563,81,0,0,39,2018,1,421,141,7260015.8
2749,39,1,1,71,2006,1,7795,415,283521.6
40987,99,0,0,77,1995,0,4564,942,4105390.5
13559,59,0,1,100,1990,1,8510,186,1359893.0
36295,54,0,1,3,2007,1,3177,866,3634585.7
77280,49,0,1,8,2009,1,5583,444,7734154.9
67529,27,1,1,95,2019,0,815,847,6758563.9
84902,26,1,1,38,2012,1,952,161,8501347.2
41718,22,1,1,50,1998,1,4080,679,4181244.8
76298,45,0,0,83,2011,1,4466,753,7633806.1
1078,27,1,1,72,1992,1,3539,901,120493.2
69205,33,1,1,18,1991,1,410,789,6929406.1
55974,55,0,1,12,2009,0,878,225,5601532.9
6171,80,0,1,5,2019,1,2474,407,621350.9
90716,32,1,1,26,2007,1,4299,279,9079770.7
3394,53,0,0,69,2004,0,7541,717,341544.4
26312,91,0,1,73,1991,1,685,687,2643540.1
999,41,1,0,51,2014,0,3022,849,104359.4
27610,29,1,1,53,1994,1,2487,880,2768020.4
51036,90,0,0,10,1998,0,434,961,5105099.8
6995,86,0,1,85,2020,1,6341,118,704035.0
56025,68,1,0,86,2017,0,3731,857,5608298.7
43846,54,0,0,89,2005,0,827,318,4391747.5
4039,92,0,0,9,1991,0,3277,574,404475.1
42208,26,1,0,11,2003,1,9849,806,4224392.3
61004,39,0,1,41,2008,0,6712,387,6103922.8
8284,92,0,0,21,2012,1,5937,374,830539.2
3525,3,1,1,29,2009,0,3547,479,358221.9
12643,90,1,1,78,2011,1,7673,120,1278163.1
40513,40,0,1,80,1992,0,5024,418,4058569.2
16933,1,0,1,19,2010,0,3821,437,1697974.0
26750,42,1,0,74,1992,1,3650,345,2678911.2
85100,9,1,0,63,1997,0,3962,401,8517058.7
31141,6,0,1,3,2020,1,3258,514,3118168.0
79252,27,0,0,61,2020,0,2277,922,7929634.0
27444,22,1,1,46,2010,1,1426,123,2757164.0
25263,53,1,1,51,2004,1,9834,183,2532250.4
48104,51,0,1,58,1998,1,5228,343,4816257.8
88167,3,1,0,91,1996,1,5968,446,8823304.6
81316,71,1,0,8,2006,0,8749,765,8136403.6
11931,33,1,0,14,1991,0,3791,638,1197776.1
25473,48,1,1,98,2013,1,3132,480,2555163.3
62986,81,0,1,36,2002,1,895,212,6302874.2
22004,18,0,1,24,2012,1,2283,377,2206727.2
42826,33,1,1,36,2019,0,9284,603,4290813.9
32156,64,1,1,78,2009,1,2413,866,3223835.9
40694,99,1,1,18,1999,1,338,724,4077703.9
94532,27,0,0,28,2017,1,5959,948,9455571.7
41269,28,1,1,70,2019,1,9458,417,4136202.9
12376,56,0,1,79,2009,1,3177,562,1248053.9
29435,69,0,1,19,1991,0,3899,499,2948686.1
891,25,1,0,14,2020,0,6195,826,94306.0
81901,89,1,1,59,2012,1,7253,472,8200054.2
8138,59,0,0,39,2014,1,57,645,815961.4
87901,43,1,0,57,2008,0,6765,994,8798163.8
43845,23,0,0,57,2019,1,302,917,4390445.9
30858,28,1,1,32,1997,0,2575,351,3093387.7
80323,100,1,0,86,1995,0,5662,349,8045525.5
56727,76,1,0,99,2016,0,5838,251,5679000.6
15765,33,1,0,13,2019,0,1003,554,1582487.9
86276,45,1,0,93,2008,1,895,895,8635652.8
2011,61,1,1,37,2019,0,9543,975,208435.9
30187,55,1,1,82,2011,1,8079,452,3031862.1
95795,48,0,0,69,2012,0,2275,770,9585545.2
72820,87,0,0,69,2008,0,6740,849,7285517.8
13550,43,1,0,37,2014,0,2437,326,1362271.4
72781,12,0,0,25,2019,1,2119,270,7280626.9
80294,65,0,1,67,2010,0,8307,413,8040382.0
88086,97,0,1,41,2007,0,1572,195,8817211.7
22939,37,0,1,25,2012,1,3285,923,2297898.2
68188,23,0,1,48,2012,1,9355,249,6828051.2
32244,67,1,1,87,2001,0,8227,188,3239674.1
47894,3,1,1,52,1996,0,7893,961,4799734.6
16960,39,1,0,28,2002,1,4044,134,1700327.2
15330,33,0,0,23,2009,1,9370,850,1535813.9
60443,81,0,0,37,2017,0,1402,960,6046307.7
26304,79,0,0,23,2006,1,5209,968,2632641.6
60619,62,1,1,93,2020,1,3414,537,6076849.0
53690,5,0,1,88,2000,0,783,391,5375387.0
21104,12,0,1,86,2008,0,8164,194,2117222.8
98551,68,0,1,78,1992,1,1830,206,9860229.2
61238,70,1,0,39,2013,1,4070,119,6131806.3
40846,23,1,1,3,2014,1,8833,711,4089009.4
90262,97,0,1,45,2008,0,3904,447,9035172.8
30322,54,0,0,7,2015,0,1680,360,3032885.5
35503,12,1,1,5,1992,1,7685,459,3557443.2
56701,27,1,1,36,2009,0,7864,706,5679272.9
27786,79,0,1,45,2001,0,5008,519,2783279.1
17685,13,0,1,46,1997,1,4525,153,1772972.7
36871,80,0,1,71,2005,1,7399,507,3692818.5
66070,38,1,1,10,1997,0,9697,375,6616285.7
78004,71,1,1,96,1990,1,4527,329,7816750.0
11998,61,1,1,53,1996,1,5529,979,1208637.6
27176,60,0,1,26,1993,0,6042,452,2724809.3
79517,9,1,0,45,2000,1,8360,190,7955735.0
99367,5,0,1,21,2003,1,9239,856,9942514.3
94222,26,0,0,75,1990,0,5350,305,9424799.0
30144,93,1,1,94,2019,1,7886,253,3024682.9
84688,40,0,0,45,2017,1,5093,645,8472631.7
58623,42,0,1,15,1996,0,3185,755,5866256.6
97380,94,1,1,7,2006,0,6798,997,9745017.6
16668,62,1,0,68,2018,1,4303,513,1673885.8
73212,16,1,0,70,2020,1,3789,984,7329443.0
18053,51,0,0,5,2000,0,174,675,1805820.0
3205,52,1,0,4,2004,0,9186,580,323978.4
62506,72,0,0,54,2003,0,3573,635,6252728.3
8394,36,1,1,23,2011,1,7546,548,847621.1
88637,80,0,0,50,2009,1,755,801,8866500.9
85275,61,1,0,97,2006,0,7590,484,8540701.6
24420,46,0,0,27,2001,1,501,293,2444385.1
52912,87,1,1,15,2001,0,2340,687,5301627.1
6708,96,1,0,12,1991,1,2487,307,674285.1
30514,83,1,0,73,2014,1,7080,538,3061149.4
87543,85,0,1,10,2017,0,4940,623,8758617.7
48324,27,1,0,80,2001,0,7317,806,4840107.1
43247,6,0,0,9,2019,0,9115,269,4326266.9
48932,96,1,1,4,2015,1,257,349,4900232.5
926,57,1,0,94,2017,1,5063,716,105869.7
61039,89,0,1,89,2020,0,8374,295,6113757.0
57967,52,1,1,68,1998,0,5172,644,5802218.8
24313,46,1,0,53,2003,0,1365,437,2438137.3
65546,74,1,0,21,2011,0,1708,585,6559358.1
58284,35,1,0,73,2006,1,4127,753,5838204.6
65417,66,0,0,82,1994,0,5200,891,6550299.4
67724,64,1,1,32,1991,1,9339,751,6780960.1
62039,56,0,0,41,2006,0,1876,905,6205356.6
55369,37,1,0,52,2020,0,4601,336,5546033.0
27592,14,0,1,24,2019,1,9886,246,2765037.9
99757,15,1,1,34,1995,1,132,313,9983872.5
56256,84,1,1,84,2001,1,3473,931,5639542.1
79718,53,0,0,89,1998,1,4743,439,7973973.8
77913,6,0,0,82,2010,0,6930,561,7794411.0
11169,97,1,1,97,1990,1,2978,171,1135694.0
15723,100,0,1,5,2017,0,2554,253,1576275.7
40806,34,1,1,71,2014,1,6778,716,4089457.4
39348,26,1,1,65,1990,0,6637,139,3945410.0
17762,59,1,0,40,1999,0,6834,457,1782317.9
16006,64,1,0,81,2014,1,5205,431,1606879.4
49026,22,0,0,12,2011,0,6192,318,4904339.1
43905,58,0,1,49,2014,1,1108,191,4396172.4
45323,16,1,1,60,1999,1,4067,779,4537806.9
37656,7,0,0,87,2000,0,3590,703,3773756.0
96151,75,1,1,100,1993,0,481,224,9629194.3
61788,26,0,0,39,2000,0,1256,341,6183155.0
4933,77,0,0,3,1995,0,8050,296,494065.5
36905,38,0,0,96,2004,0,9950,705,3694640.4
5589,17,1,1,64,2010,0,2946,547,571738.0
83526,38,1,1,84,2002,0,4920,533,8368737.2
62166,68,1,1,42,2009,1,800,911,6222231.9
82953,36,0,0,94,1992,0,9535,634,8301213.2
97895,1,0,1,45,2013,0,5932,783,9796308.3
69265,11,0,1,83,1998,1,6004,803,6931554.8
85476,36,1,0,44,1992,1,6698,692,8553019.2
50251,14,1,1,53,1999,1,1647,141,5037541.9
11484,92,1,0,4,2006,0,4233,682,1153872.6
17315,4,1,0,80,2001,1,5949,666,1740209.1
36511,57,1,0,12,1994,1,5545,312,3653650.4
88307,62,1,1,11,2005,1,9220,613,8837519.5
27900,1,1,0,96,2005,1,5210,622,2796434.5
78199,93,0,1,15,2003,0,4837,569,7825365.3
21912,73,0,0,42,2020,1,8105,366,2195690.0
9374,93,0,1,64,1998,1,3792,490,948170.8
89490,98,0,0,47,2003,0,7956,762,8951286.3
43204,26,0,0,60,2015,1,7185,945,4322921.5
16357,96,1,1,15,1997,0,6899,464,1640789.7
88997,90,1,0,84,2003,0,6367,404,8909466.3
36705,38,0,1,23,2010,1,2585,450,3676738.0
63751,77,1,1,37,1991,0,4432,833,6383612.1
98419,62,0,0,18,2017,1,2894,731,9844171.7
21167,27,1,0,66,2013,0,4548,625,2121941.3
11629,92,1,1,64,2010,0,320,201,1173671.0
60278,96,0,1,38,2020,1,1956,269,6032040.0
84619,27,1,0,35,2006,1,7529,482,8468432.6
33779,69,1,1,46,2009,1,6656,881,3387381.9
85134,65,0,1,94,2018,0,9053,846,8522625.8
70137,41,0,0,85,1998,1,4538,893,7018139.8
94839,98,1,0,94,2001,0,408,120,9488360.1
13735,92,0,1,1,2001,0,3610,690,1378845.1
42940,15,1,0,95,2012,0,880,460,4302940.2
55144,48,1,1,87,2011,1,2299,724,5525409.1
63505,37,1,0,5,1999,0,1791,547,6354413.9
31869,19,1,0,51,2012,0,1412,333,3191873.2
79857,62,0,0,46,2018,1,4707,469,7988061.8
21796,25,0,1,8,2009,0,2344,302,2184961.9
5724,31,1,1,24,2007,1,4580,479,580503.7
79837,56,0,1,61,2019,0,6045,939,7991469.9
68856,98,1,1,57,2019,1,7138,725,6893304.9
6473,56,0,1,35,1992,0,822,568,651720.2
20159,23,1,1,54,2001,0,6989,283,2024367.1
76995,87,0,1,50,2007,1,7098,688,7706348.7
51461,45,1,1,28,2017,0,1861,198,5152982.7
57104,9,1,1,49,2017,0,1420,640,5717757.7
64834,64,1,0,17,2013,0,3719,546,6490258.3
60162,93,1,0,9,2014,1,874,101,6020751.4
88942,46,1,0,68,1993,0,2778,183,8900440.3
35551,82,1,1,4,1999,0,1082,510,3562999.9
63076,8,1,1,54,2019,1,8663,670,6318959.9
69073,4,0,1,7,2011,1,7827,830,6911097.1
62979,58,1,0,85,1996,0,4145,905,6301868.6
97328,43,0,1,83,1990,1,8767,218,9739502.0
83520,50,0,0,78,2000,1,4440,807,8354366.0
77791,94,1,0,67,2009,0,2582,854,7786745.9
45215,81,1,0,40,2007,0,5896,964,4528000.7
12012,78,0,0,83,2018,1,2412,140,1210218.8
55113,22,1,1,12,2016,1,2108,936,5519790.6
39298,78,0,1,40,2008,0,9636,583,3934536.8
83705,94,0,0,27,2008,0,6632,757,8372582.8
84039,59,1,0,82,1995,1,344,571,8415253.5
61089,8,1,0,14,1991,1,8139,359,6112177.1
73080,96,1,0,28,1990,1,2800,687,7311244.0
31501,57,0,1,67,2013,0,5054,139,3157956.3
39170,54,1,1,41,2005,1,2427,187,3926220.5
41000,5,0,1,8,1991,0,7245,668,4101893.1
27803,8,0,1,75,2008,0,2798,228,2784033.8
13910,75,1,1,80,2015,1,1194,103,1404398.5
91275,17,0,1,21,1999,1,5497,224,9133455.9
60018,28,1,0,64,1992,1,554,336,6008211.2
3237,82,1,0,99,2008,1,7466,202,333538.8
65946,98,0,1,63,2015,1,5802,740,6597608.5
84696,69,0,1,25,1991,1,6935,541,8472972.1
8392,81,1,0,97,1998,1,5071,844,848992.8
29063,54,1,1,100,2020,1,2467,294,2916890.0
84148,97,1,0,100,2005,1,9349,864,8418964.5
67210,22,0,1,68,2018,1,4144,613,6731422.8
61129,44,1,1,33,2008,0,8553,440,6121496.8
63416,94,0,0,72,2016,1,3566,141,6347507.6
12636,70,0,1,28,2019,1,9656,481,1269858.9
70806,79,0,1,62,2011,1,7008,310,7089274.1
29589,44,1,1,53,1999,0,4510,923,2968021.9
14621,40,0,0,41,1996,0,9586,633,1465123.6
28281,49,0,0,33,1998,0,8210,839,2829887.8
1832,94,0,1,76,1992,1,1757,937,190497.2
77216,46,0,0,57,2007,1,578,456,7723483.7
80909,44,0,0,37,2019,1,1151,627,8094783.9
64411,88,0,0,28,2016,0,5730,905,6443803.6
42490,73,0,1,20,2012,1,4773,706,4252006.2
32724,84,0,0,27,2021,0,6354,757,3273920.1
4502,94,0,1,90,2002,1,6372,977,462779.2
95464,28,1,0,88,2010,1,5369,293,9552982.0
27541,55,1,0,75,1996,0,3935,856,2765257.6
42648,55,1,0,61,2010,1,8489,533,4271244.0
80002,42,1,0,76,2015,1,5678,135,8007425.5
99145,95,1,1,48,2011,0,3903,852,9923111.1
70574,11,0,0,72,2016,0,4972,758,7064747.6
8096,90,1,0,27,1992,1,2672,762,815549.2
12757,15,0,1,89,1992,1,9361,291,1287195.2
29480,66,1,1,77,2018,1,4555,574,2958907.8
85503,42,0,1,20,1997,1,5317,488,8553712.7
77851,35,0,0,98,1999,0,5658,147,7788297.9
35352,89,1,1,18,2020,0,8670,471,3540142.0
96720,14,1,1,27,1994,0,9849,778,9680680.4
6629,41,0,1,32,2004,0,8331,293,666360.4
2210,29,1,1,51,2019,0,440,202,230691.9
32476,14,1,0,32,2006,0,7818,900,3251348.6
70837,57,1,1,35,2013,1,9709,272,7089763.3
54042,17,1,1,76,2008,0,2160,112,5419304.8
98939,21,0,1,13,2000,1,1449,662,9899616.0
62871,76,1,0,30,2007,1,7769,462,6290336.7
67959,65,0,1,3,2005,0,9689,965,6798522.5
70614,38,0,1,9,1994,0,8522,628,7064089.4
12877,83,0,0,64,2021,0,4350,311,1291196.1
90947,75,1,0,8,2020,0,6379,595,9098966.0
58619,86,1,0,61,2014,1,7249,171,5867256.4
55617,24,1,1,55,2019,1,2478,147,5572546.9
59318,7,1,0,23,2001,0,7247,561,5938361.1
31505,13,0,1,6,1991,1,729,534,3153329.1
4280,98,1,1,41,2018,1,6036,117,437389.8
25394,71,0,1,83,2019,0,7256,570,2543531.9
8353,53,0,1,88,2021,0,3371,561,847023.1
55871,52,0,0,91,2000,1,678,851,5588933.0
81440,29,1,0,50,2011,0,530,715,8150830.1
32037,74,1,0,15,2013,1,1969,970,3206943.3
80426,15,1,1,99,2003,0,1905,137,8053552.3
90339,74,0,0,3,2007,0,4282,552,9034852.7
86848,93,1,0,56,1992,1,9493,224,8691290.2
97435,90,1,0,67,1990,0,2229,197,9752191.0
28760,63,1,0,3,2013,1,8705,681,2878626.3
18209,51,1,0,60,2017,1,6216,315,1829917.7
628,70,1,0,75,2020,0,7428,150,68498.0
85637,43,0,0,19,2008,0,7098,946,8565946.8
70630,24,1,1,99,2012,0,2449,278,7073702.2
32282,48,0,0,97,2003,1,672,532,3234723.3
96877,77,1,0,94,1992,0,9944,481,9692657.2
71673,98,0,1,28,2012,1,608,275,7172397.2
48130,20,1,0,9,1995,1,5002,187,4815765.5
86247,92,0,0,70,2021,1,9631,560,8630082.1
56361,40,1,0,22,1995,0,110,229,5639699.5
50336,11,1,1,97,1996,0,5190,451,5041774.6
69440,73,1,0,80,2005,1,588,974,6951545.5
58882,25,1,0,60,2008,0,1708,313,5894427.8
33131,42,1,1,95,2000,1,6469,758,3320746.0
12463,2,0,0,51,1990,1,9892,951,1247764.0
3166,87,1,1,73,2009,1,2737,820,327022.9
19084,54,1,1,96,2002,1,5774,954,1917423.2
22348,78,0,0,34,2013,1,5562,327,2238999.3
65050,3,0,1,54,2003,1,5764,330,6508789.3
29721,94,0,1,76,2001,0,5160,136,2981160.1
50793,51,0,1,21,2015,0,4263,860,5082950.5
68186,84,1,1,99,1993,0,9946,229,6835138.3
11253,32,0,1,2,2017,0,8762,787,1129352.7
41987,94,0,1,26,2015,0,6361,283,4203907.5
12425,17,0,0,85,2013,0,6387,652,1248831.3
55434,55,1,0,97,2015,0,9485,774,5547739.5
52353,13,1,0,81,2021,0,4645,705,5246946.1
93918,70,1,1,80,2019,0,383,525,9404641.9
64312,22,1,1,89,2012,0,9550,268,6438512.2
36558,40,0,1,24,2004,1,3190,337,3659640.4
68575,56,1,0,26,2014,0,6193,811,6864163.4
67665,100,1,1,61,2004,1,2212,825,6773957.4
24415,18,1,1,79,2002,1,7712,153,2452866.2
65222,63,1,1,98,2021,1,476,637,6532384.1
46276,33,0,1,67,2004,0,9148,736,4632070.4
71398,36,0,1,83,1992,1,6475,138,7143594.2
64894,8,1,0,28,2002,1,8207,218,6495345.2
50556,43,1,0,34,2021,0,4398,666,5061327.1
9776,15,0,1,74,2002,0,2334,503,984138.2
96347,68,0,1,55,2018,1,9802,682,9637701.8
78357,13,1,0,98,2016,0,2629,842,7839653.6
2744,62,1,1,4,1998,0,1359,475,278798.8
90703,80,1,1,88,2014,1,7611,183,9082664.4
57415,21,1,1,43,2020,1,7766,260,5752367.0
85486,33,0,1,46,1993,0,4228,388,8553308.3
90981,76,1,1,89,2013,1,3249,429,9107657.3
12989,47,0,0,95,2017,0,4646,642,1306641.7
89561,54,1,1,92,1993,0,1171,982,8968239.3
28828,63,1,1,11,1998,0,852,507,2893152.8
50956,33,0,0,25,2008,1,3939,370,5096675.8
13082,24,1,0,48,2005,1,6406,892,1316514.5
30645,87,0,1,28,2011,1,7360,674,3068569.1
87669,30,1,1,23,2000,0,5640,520,8777427.0
3577,50,1,1,94,1993,1,1661,536,366957.3
92943,43,1,0,9,1994,1,990,967,9300361.4
34721,80,0,0,55,2012,0,8493,434,3474091.2
34764,16,0,1,80,2020,1,7869,972,3484320.0
51329,27,0,0,63,1990,1,7702,745,5137918.0
77198,68,0,1,76,2020,0,5289,844,7728649.0
59560,21,0,0,69,1999,1,3889,843,5960180.9
28561,85,0,1,11,1999,1,9667,381,2862521.9
24323,65,1,1,46,1995,1,5226,682,2439231.5
74383,58,0,0,14,1992,1,6646,984,7439935.2
93734,17,1,1,62,1999,1,2504,325,9385146.9
30342,26,0,0,91,2020,1,7782,494,3039602.0
69629,20,1,1,95,2016,0,8397,934,6972311.6
70494,69,1,1,98,2005,0,5652,160,7059376.5
2609,84,0,1,88,2012,0,7248,545,270146.2
95610,12,1,0,28,2003,0,3708,659,9567484.3
26046,6,0,0,52,2002,0,7397,770,2609010.2
65309,69,0,0,27,1991,1,1967,143,6532309.1
17872,82,1,0,89,1992,1,5328,997,1791761.2
46735,54,1,1,28,2014,1,930,218,4682390.4
50560,23,0,0,49,2002,0,6472,800,5058512.2
19714,35,1,1,47,2016,1,839,931,1983648.6
41132,53,1,1,53,2004,0,3108,133,4122535.4
47615,4,0,0,77,2006,0,4618,371,4768372.6
16187,31,1,1,22,2014,1,8179,587,1626142.4
31616,59,0,1,35,2008,1,4466,790,3166791.8
6551,52,1,1,3,2018,0,5284,267,662414.8
34162,76,1,1,78,2018,0,9530,142,3426173.8
23123,64,1,1,24,2004,1,2847,497,2319772.4
65118,46,1,1,34,2001,1,6403,414,6521916.1
52287,45,1,1,33,2003,1,4820,422,5233872.3
86437,45,1,0,71,2011,0,5509,178,8651644.1
53662,94,1,1,61,2013,1,1995,766,5371947.3
27327,96,0,0,68,1994,1,8888,351,2739443.4
13160,55,1,0,76,1996,1,9049,567,1323840.6
99278,79,1,0,84,2016,0,3816,509,9937148.6
8493,12,0,1,71,1990,0,2561,758,856106.0
16101,66,1,1,36,2013,0,1772,115,1621185.3
1054,53,1,0,9,2008,1,9222,516,108029.8
40511,89,1,1,18,1996,0,8694,691,4060278.6
62060,100,0,0,29,2010,0,1718,629,6207859.0
35968,13,0,1,72,2010,1,4207,143,3602388.0
89136,37,0,0,84,2017,0,3786,678,8920113.7
16416,75,0,0,98,2012,1,9495,554,1650531.2
92582,13,1,0,65,2002,1,729,558,9268566.2
91239,99,1,1,28,2000,1,2326,113,9133551.0
94257,85,1,0,78,2011,0,7725,887,9435819.1
6048,100,1,0,43,1991,0,6009,244,609426.1
66222,7,0,1,99,2001,0,6361,140,6627187.1
7917,39,0,1,51,2019,1,10000,676,800462.9
60498,78,0,1,79,1991,0,7002,652,6058305.1
17635,17,1,1,20,2004,0,6956,451,1770551.4
56414,55,1,0,24,2004,0,576,770,5646944.4
55984,92,0,1,51,1999,1,4997,213,5604992.9
97184,95,0,1,60,2012,1,5927,256,9725732.2
17673,92,0,0,51,2013,0,6748,268,1768662.3
87561,32,0,0,34,1997,1,1493,184,8759873.7
69323,36,0,1,51,2005,1,2795,290,6937072.5
76373,33,0,1,32,1995,1,4171,182,7641233.5
7362,14,0,0,16,2000,0,6445,631,738168.0
15822,15,0,1,16,1995,0,1695,829,1584936.5
74688,85,0,0,73,2019,1,2289,325,7475875.9
15713,12,0,0,68,2006,0,6405,924,1576682.6
79092,12,1,1,78,1999,0,4549,902,7920131.9
51018,88,0,1,73,1999,1,8565,664,5108683.9
19039,60,0,1,63,2012,1,215,806,1910454.2
68660,9,1,1,50,2018,0,8539,764,6875785.8
81404,69,1,0,8,2003,0,3559,170,8145005.3
84825,30,0,0,68,2015,0,1942,400,8484171.5
77086,55,0,1,92,1996,1,1357,908,7714958.6
18834,29,0,1,34,2021,1,3958,927,1887913.1
30018,49,1,1,29,2003,1,6324,753,3008092.3
11351,80,0,0,99,1992,0,3688,693,1139512.2
80309,44,0,1,50,2011,0,6134,847,8039284.1
12983,7,1,1,19,2017,0,7650,114,1305339.7
31706,12,0,1,86,2016,1,1064,246,3178060.6
84568,45,1,1,86,2021,0,6935,236,8467953.1
77604,38,0,1,47,2019,0,5010,335,7767659.9
23118,75,1,1,81,2012,0,8213,479,2326378.2
52851,68,0,0,43,2021,1,3583,145,5287766.1
69364,24,1,1,2,1992,1,9897,154,6943393.2
53645,57,0,0,14,2015,0,9030,885,5366189.5
37819,91,0,0,93,2020,0,1779,822,3791037.0
61578,47,1,1,35,1999,1,4185,812,6170525.9
14443,11,1,1,13,2000,1,5924,597,1452025.0
42469,26,0,1,77,2016,0,6642,992,4258191.6
12148,71,1,0,63,1997,0,1751,650,1218447.7
43552,51,0,0,70,2021,0,8136,591,4357922.1
88589,2,0,0,81,2001,1,3643,201,8866678.1
35133,26,1,0,60,2005,1,5587,727,3521964.5
38502,77,1,1,11,2010,1,8276,407,3861362.0
77747,50,1,1,72,2014,1,4829,455,7786197.4
28459,52,0,0,4,2012,1,3570,318,2846923.2
34668,69,1,1,12,2002,1,3476,503,3475230.2
64335,4,0,0,83,2020,0,7301,802,6435779.0
22875,86,1,0,95,1994,0,6394,542,2295511.4
42242,62,1,1,64,2019,1,8973,683,4238504.9
99872,60,0,0,27,1992,1,1440,683,9989326.2
51963,42,1,0,7,2020,0,7115,312,5200015.0
49411,29,0,1,8,2002,1,3249,969,4944414.2
37852,1,0,1,77,2009,0,846,419,3790538.9
11694,95,1,1,64,2021,0,2573,294,1185882.1
71593,92,0,0,34,2005,1,1418,547,7160694.5
14639,94,1,0,99,2021,0,4267,423,1467522.1
17723,48,1,1,82,2007,1,2154,631,1781409.7
88759,85,0,1,94,2012,1,2261,156,8882062.2
59260,39,1,1,35,2018,1,1832,452,5932371.8
25333,24,0,1,16,2013,0,6852,622,2538258.3
81572,26,0,0,86,1995,0,7330,643,8163755.5
89167,93,1,0,49,2013,1,1458,924,8923665.3
59108,38,0,0,84,1992,0,3231,651,5913599.2
76932,16,0,0,80,2010,0,2074,236,7698911.0
98250,45,1,0,13,2002,0,6344,869,9830956.2
55429,85,0,1,16,2011,1,4549,130,5547619.1
39750,46,0,1,41,2012,1,7936,888,3982103.2
92846,12,0,1,45,2005,1,3227,135,9289625.5
42623,92,1,0,18,2019,0,2114,218,4268615.9
26428,55,1,1,94,2002,0,577,698,2655761.2
98547,4,0,1,51,2018,0,8356,489,9860566.8
68391,99,0,0,10,2009,0,2529,253,6840640.9
49939,91,1,1,67,2010,0,8910,501,5006544.0
63822,79,0,1,30,2011,0,1607,679,6388329.1
1853,49,0,0,29,2020,1,7001,596,188275.0
87908,29,1,0,99,2006,0,41,464,8797517.6
50223,34,0,0,80,2016,0,5747,839,5030381.6
14598,12,0,1,2,1990,1,6653,150,1465055.0
27728,59,1,1,52,2021,1,8468,890,2784047.1
33947,56,1,1,83,2003,1,8462,638,3403675.3
25802,89,0,0,63,2013,0,4676,157,2581922.3
71623,11,1,0,30,2018,0,9136,531,7167463.8
53629,57,1,1,9,1992,1,2160,317,5366623.2
79555,80,0,0,6,1990,0,8575,413,7956251.0
35060,21,0,1,82,2013,1,5150,323,3513606.3
19298,73,0,0,4,2016,0,6432,106,1930595.6
35788,33,1,1,37,2018,0,6969,600,3586313.8
742,92,0,1,62,1992,0,2364,964,79288.2
4306,82,0,1,65,1999,1,8230,840,440424.9
85397,2,1,1,17,1996,0,5573,418,8544806.6
19598,44,1,1,2,2015,0,4821,772,1965660.5
79338,35,1,1,80,2014,1,1908,447,7943850.4
919,7,1,1,23,1992,1,5465,110,100175.2
57764,85,1,1,91,1995,1,4558,442,5785302.5
91266,17,0,0,21,1992,1,7969,880,9128050.2
7201,97,0,1,59,2004,1,7783,299,728462.4
64297,88,0,0,96,2004,0,8524,663,6433264.4
21054,56,0,1,46,2012,0,1348,142,2111055.2
84213,27,1,0,59,1997,0,7598,424,8429482.7
82928,1,1,0,70,2007,1,489,427,8297655.7
17847,85,1,1,15,2010,0,5249,782,1790044.0
85420,77,1,0,18,2013,1,8078,911,8547192.3
58571,24,1,1,96,1996,1,2821,845,5871811.6
39066,20,0,1,27,2001,1,9286,337,3914366.1
76971,9,0,1,82,1992,1,9440,477,7704323.2
72509,45,1,1,98,2015,0,6997,819,7262915.5
78498,32,1,1,99,1993,0,4422,624,7865584.3
67360,62,1,0,77,1994,1,297,413,6748344.4
85926,3,1,1,35,2012,0,6592,543,8601212.2
67302,75,1,0,37,2013,0,6416,349,6736275.3
2783,95,0,1,42,2014,1,2993,905,285274.4
54096,76,1,1,81,2009,0,3228,753,5421215.9
98102,41,0,0,36,1990,1,2931,940,9812451.0
2065,43,1,0,81,2002,1,7468,851,216333.2
2908,99,1,1,79,2018,0,98,690,301147.8
89144,92,1,1,52,2002,0,243,119,8920858.2
94196,62,1,1,25,1996,1,8589,968,9427245.6
17818,61,0,1,32,1998,1,2631,329,1785818.8
26050,20,0,1,48,1991,0,9143,195,2612716.1
92688,17,0,0,41,1994,0,8919,814,9271540.4
63304,18,1,0,81,1997,1,9788,503,6342245.7
84827,9,0,1,62,2018,0,9239,911,8487673.8
75762,87,0,0,10,2014,1,9116,119,7577001.4
30513,57,0,1,86,1996,0,1223,699,3062130.6
91604,28,1,1,57,2018,1,7951,489,9169471.8
68365,96,0,1,79,1990,1,8246,636,6846772.0
96037,58,1,0,4,1993,0,2963,341,9606569.3
63137,34,0,1,46,1994,0,1446,617,6319616.4
98951,98,1,0,46,2012,1,9413,230,9905156.2
69623,69,0,0,54,2007,0,2459,471,6966322.7
75689,19,0,0,32,2006,0,6914,581,7571270.6
16147,47,0,1,63,1990,0,1730,722,1620485.0
73739,27,1,1,10,2009,0,1187,595,7382091.9
93361,15,1,0,7,1996,0,3520,920,9340382.6
59300,61,0,1,81,2016,0,5786,298,5934782.6
5988,72,1,1,10,2009,0,7391,487,606466.9
15009,100,1,0,9,1999,0,2164,950,1506018.9
1863,61,1,1,81,2000,1,7113,298,197006.0
28700,7,1,0,18,2005,1,5230,843,2873058.5
1012,23,0,0,81,1991,1,5343,683,106809.1
28238,51,0,1,51,2010,0,2933,392,2828215.0
10069,71,0,0,40,1990,1,6982,621,1010749.0
12279,2,1,0,75,2010,0,672,946,1237678.0
61924,89,0,1,21,2003,1,4010,525,6198532.3
54550,94,0,1,59,1997,1,4482,486,5460811.7
84491,83,1,1,16,1996,1,6653,323,8457523.6
4007,2,1,0,11,2020,1,339,245,404732.0
55238,86,0,1,63,2018,1,5472,947,5527940.8
47794,35,0,1,78,2014,0,7795,957,4784670.4
37944,37,0,1,54,1995,0,7627,153,3799916.5
14434,8,1,0,54,1993,0,5877,749,1453434.3
12193,32,0,0,6,2006,1,1586,781,1220166.6
41757,46,0,0,31,2016,1,4331,194,4177546.6
84609,59,1,1,29,2006,0,1459,205,8469601.6
7517,20,1,0,59,2004,1,1063,456,756764.4
89974,11,1,1,43,1990,0,8372,431,9008989.0
56191,6,1,1,51,2005,1,5181,358,5625288.5
36799,77,0,1,56,1992,1,9053,623,3685628.2
60555,100,1,1,17,2016,0,2639,506,6065217.6
80582,24,1,0,74,2011,0,2241,146,8067342.1
28964,75,0,1,54,2004,1,9920,560,2905336.4
45467,82,0,1,29,2006,0,368,182,4551038.6
80039,86,1,1,45,1996,0,6447,581,8009219.6
94744,36,0,1,12,2010,1,252,212,9477533.0
23494,3,1,1,61,2014,1,509,542,2361737.4
8908,7,1,0,58,1997,0,5619,999,896834.7
8416,63,1,1,99,2013,0,7932,124,850814.3
50070,66,0,1,47,1995,1,2411,766,5010998.5
18286,89,0,0,78,2016,1,7738,738,1833185.6
67798,54,0,0,87,2013,0,5019,839,6783470.3
71025,99,0,0,23,2010,1,5948,464,7104405.0
23088,29,0,0,55,2000,1,778,774,2313705.0
96923,94,1,0,2,2008,1,9683,392,9694422.8
22587,48,1,1,29,1998,0,5533,652,2266626.8
81793,10,0,0,73,2018,0,7377,472,8184784.8
92698,19,1,0,28,2006,0,6673,275,9274536.6
61241,19,0,0,45,2019,1,6684,766,6125986.9
21068,18,1,1,85,1990,1,9868,935,2118534.0
84154,70,0,0,83,2008,1,7318,890,8419569.8
63437,51,1,1,78,2000,0,4062,156,6351922.0
34441,35,0,1,1,2002,0,1045,836,3447690.2
70634,46,0,0,7,2002,1,6044,370,7064676.2
16174,26,1,0,100,2010,1,6699,550,1632405.0
53330,81,0,0,8,2002,1,4562,820,5334440.2
49092,10,1,1,81,2002,0,4429,198,4923130.2
39899,65,0,0,41,2006,0,1746,418,3993466.6
44994,4,0,1,71,1997,1,970,701,4507755.7
31088,59,0,1,40,2003,0,2370,943,3116014.3
9447,28,0,1,9,1995,0,6319,854,949332.5
83936,20,0,1,25,1995,1,1460,601,8399014.5
82910,41,0,0,73,1995,1,9869,273,8295330.5
43215,68,1,0,4,1998,1,1384,535,4323726.8
21597,45,0,0,74,2015,0,5714,649,2161065.5
958,48,1,0,15,2016,1,575,740,99445.6
11904,59,0,1,55,1993,0,9794,813,1198851.3
63693,10,1,0,94,2005,1,4171,574,6379693.5
15555,13,0,0,66,2014,0,4754,398,1558805.4
88308,31,1,0,35,2014,1,524,637,8838121.4
72161,65,0,0,94,1998,0,9148,765,7225761.8
48684,47,0,0,87,1995,1,3821,127,4870243.5
37494,32,0,0,66,2006,0,507,447,3752888.6
87587,80,0,0,59,2011,0,4857,713,8761570.1
19507,46,1,0,55,2010,1,690,760,1955298.0
63600,7,1,1,20,2018,1,305,101,6369418.8
73482,65,0,0,33,2013,0,6813,900,7351375.3
43020,3,0,1,75,2012,1,2367,946,4306904.2
58949,9,0,0,36,1996,0,9186,380,5897197.6
84431,72,0,0,35,1996,0,3882,727,8445624.6
26299,53,0,0,82,2020,1,1857,224,2638300.0
73073,66,0,1,54,2003,0,5066,305,7317758.3
73031,1,0,1,59,1993,1,8249,966,7309235.3
13283,67,1,0,95,1998,0,749,411,1334061.8
5086,54,0,0,99,2003,0,5717,145,516329.3
15880,4,0,0,26,2016,0,9337,811,1591475.6
99093,39,1,0,34,2012,1,7447,207,9914508.2
56701,60,1,1,34,2008,0,9778,396,5673882.8
9920,82,0,1,16,1997,1,6475,398,996888.7
7228,22,1,1,86,1992,1,7826,695,737118.2
18684,79,1,0,42,1990,0,501,897,1877347.0
36297,52,1,1,60,2017,0,1214,387,3637736.7
29753,69,1,1,68,2017,1,1025,524,2986236.7
16915,1,1,0,82,2006,1,5580,600,1701274.6
11593,40,1,0,57,1997,0,490,195,1166355.7
76658,24,1,1,7,2020,1,9433,286,7674076.0
28436,50,0,1,90,1999,1,3497,366,2848381.9
22461,85,0,1,70,2019,0,5513,943,2255310.9
59071,87,0,0,24,2012,1,7221,742,5909009.2
78010,16,1,1,100,1994,1,9159,286,7809768.4
14079,32,1,1,81,1991,1,3291,276,1419421.1
68726,93,1,1,44,2004,1,381,378,6881563.4
37856,97,1,0,85,1998,0,5501,647,3792661.8
2789,83,1,0,55,2014,0,4719,310,283446.4
11512,93,0,0,59,2012,1,8834,279,1152954.2
82377,82,1,0,1,1997,0,1171,336,8241773.7
99648,97,0,1,39,1996,1,6343,453,9971099.6
68269,16,0,1,41,2017,0,2860,867,6835405.7
48831,69,0,1,29,2015,0,634,634,4889109.5
96228,54,1,0,76,2017,0,759,724,9627177.7
36936,97,1,0,65,2002,0,1375,688,3697084.2
93217,54,0,0,95,1997,1,4686,696,9328799.7
70715,49,1,0,45,2001,1,1556,741,7076608.1
33512,28,1,0,46,2007,0,1795,587,3355634.7
61587,25,1,0,93,2011,1,19,281,6167753.1
32910,67,1,1,15,2010,1,6957,697,3301042.0
64963,33,1,0,55,2014,1,3190,317,6500685.4
35519,100,1,1,28,2003,1,2339,910,3558953.3
56501,81,0,0,27,2000,1,4877,798,5651274.0
35005,23,1,1,2,2011,0,248,807,3507342.1
44969,89,0,0,61,1995,0,438,422,4502396.5
16460,93,1,0,98,2009,0,1016,792,1660482.9
9155,41,1,1,67,1994,1,4976,471,922517.4
52646,91,1,0,30,2001,0,6433,911,5272375.1
74623,98,1,0,99,2019,0,9494,549,7477062.9
24547,69,1,1,50,2006,1,640,727,2463506.6
64492,84,1,1,31,2014,0,5273,324,6459748.4
45989,84,1,1,74,2008,1,5937,354,4611619.8
79549,44,1,1,4,2014,0,4168,513,7961296.4
82284,19,0,1,90,2015,0,3292,850,8236956.5
48240,65,1,0,94,2004,1,993,909,4831157.4
663,59,0,0,9,1990,1,2348,260,67550.0
46505,63,1,0,11,2013,0,8982,741,4654841.3
47651,32,0,0,54,2014,0,8258,996,4768941.4
85811,70,1,1,91,1999,0,8142,552,8594337.9
60936,91,1,0,33,2016,0,7581,577,6098399.6
42407,33,0,0,86,2021,1,9083,639,4247458.1
84181,78,0,1,3,2000,1,3900,345,8420281.0
86680,94,0,1,4,2001,1,90,171,8672197.1
4690,15,1,1,7,2014,0,8543,987,474716.4
49779,77,1,1,31,2006,1,1112,883,4986710.6
32204,3,0,1,3,2001,0,3308,654,3226023.1
6547,93,0,0,20,2021,0,719,884,657002.1
5801,42,1,0,74,2006,0,8627,857,587160.6
49033,67,0,1,92,2020,0,4774,731,4913241.0
22468,61,0,0,21,2013,0,7138,337,2248298.3
73885,47,0,1,31,2019,0,6657,562,7393278.9
10252,49,0,1,22,2017,0,8455,994,1030176.7
57639,65,1,1,40,2002,0,8125,973,5769167.2
3802,10,0,0,98,1991,1,3153,619,388147.1
68862,78,1,0,12,2017,1,3064,962,6891082.7
30312,65,1,0,78,1996,0,2308,930,3038342.6
1256,2,1,0,9,2008,1,4159,390,130440.8
74893,94,1,0,87,2020,1,4898,355,7494261.0
99125,99,1,0,16,1998,1,9298,556,9916436.8
99104,77,1,1,64,2001,1,8965,327,9922700.1
31644,35,0,1,42,2013,1,3968,842,3169499.3
84789,50,0,1,27,1992,0,9782,857,8484814.2
71807,99,1,0,87,1996,1,6710,415,7193582.6
57412,53,1,0,6,2013,1,4079,538,5747107.3
14921,74,0,0,64,1995,1,3884,431,1496575.5
65830,45,1,0,4,2017,1,2759,205,6587835.7
84872,55,1,1,78,2005,1,7968,836,8500395.5
30877,44,1,0,5,2001,1,4957,829,3089945.1
9642,33,1,0,59,2021,0,9423,949,971897.1
53798,78,0,1,52,1993,1,1249,461,5386875.3
82733,48,1,1,87,2018,0,2073,869,8287927.8
99670,35,1,0,55,2009,1,9428,140,9974144.9
95968,59,1,1,59,2019,0,7779,749,9609048.9
31357,85,1,0,76,2017,1,3115,248,3141062.7
5012,77,1,1,64,2018,0,8597,735,511059.8
32088,25,0,0,87,2018,0,51,527,3216535.8
99355,81,1,1,68,1994,0,6968,950,9940016.4
98940,15,1,1,65,2015,1,5891,877,9899873.5
78916,18,1,0,8,2009,0,7306,242,7897498.9
31844,5,0,0,57,2008,0,7904,624,3190358.8
46367,77,1,1,10,2014,1,3806,469,4641159.4
73889,32,1,1,93,1996,1,3758,469,7403420.6
27769,42,1,1,54,2012,1,162,869,2791895.2
19911,8,1,1,22,2016,1,5802,623,1997090.6
44513,65,0,1,49,2013,1,425,813,4457776.3
54631,69,1,1,43,2006,1,3289,686,5471295.6
49806,15,1,0,6,2021,0,1547,504,4983577.1
3289,89,0,0,72,1992,1,5883,261,330701.2
17109,89,0,1,35,2020,0,2929,831,1719159.0
65046,86,0,0,48,2001,1,9300,877,6506466.1
47264,21,1,1,50,1993,1,9201,707,4737385.3
13898,96,0,0,41,2007,1,1816,534,1393356.7
9750,84,0,1,85,1999,1,8075,831,982119.9
60238,99,0,0,98,2010,0,7210,782,6028617.0
39591,48,1,1,55,2021,0,1971,266,3967203.1
58046,61,1,1,29,2001,1,9252,779,5811902.1
54694,75,1,0,73,1996,0,7413,347,5478956.6
26864,34,0,0,86,2001,0,6504,191,2692368.1
71657,2,0,1,42,2012,0,6036,577,7170264.2
43524,58,0,0,28,2003,1,9143,815,4354494.3
65357,83,0,0,6,1990,0,959,821,6536555.0
1664,52,1,1,25,1992,1,8348,950,174007.2
18349,49,1,1,47,1997,1,5649,313,1844863.7
47870,23,1,1,59,2018,0,3903,933,4795565.8
61761,77,0,0,10,2014,0,2530,942,6177711.4
99266,80,1,1,39,2016,1,3627,871,9932775.6
85512,64,1,1,73,1994,0,4707,302,8560263.4
97392,48,0,1,83,2016,1,2771,167,9746606.6
91440,98,0,0,95,1994,1,6253,743,9150599.4
51813,48,0,0,97,2009,1,5255,278,5187344.9
22601,79,1,1,6,2012,1,4345,139,2268497.2
34901,13,0,0,32,2010,0,9079,296,3493455.0
74300,50,1,0,14,1991,1,8604,109,7436179.1
6178,4,0,1,41,2019,1,9278,763,625784.9
42873,48,1,1,95,1999,0,445,689,4295566.9
38172,58,0,1,69,1997,1,8394,432,3822350.7
25624,79,1,0,91,1992,0,846,277,2566661.2
78765,84,1,0,51,2011,0,3294,463,7886131.1
28911,58,1,1,55,1991,1,1565,953,2902639.1
58492,82,1,1,87,2005,1,8483,829,5860459.5
38075,72,0,1,28,1995,1,9309,420,3812421.5
41371,14,0,0,64,2013,0,605,458,4139663.3
35522,94,0,1,5,1994,0,3373,839,3554423.4
52856,3,1,0,1,2013,1,7308,540,5289891.3
28988,14,1,0,38,2014,0,9968,977,2907130.4
56555,90,1,1,78,1990,0,9438,901,5668603.0
52254,56,0,0,91,2005,1,7979,677,5230022.5
32879,88,0,1,74,2021,1,8045,229,3299134.1
25012,61,1,0,2,2014,1,4770,735,2503623.4
4865,61,1,0,8,1999,0,9281,932,491173.9
49395,20,0,0,10,2015,0,6387,415,4941101.5
10606,76,0,1,16,1996,1,6543,957,1064850.6
63724,30,1,1,16,2012,1,189,648,6378709.2
33956,92,0,1,46,2001,0,8896,480,3404280.1
82900,16,0,0,71,2001,0,8720,235,8292317.1
93319,53,1,0,61,2018,0,4258,362,9338497.8
95160,71,1,0,27,2001,0,756,233,9522790.1
59498,94,0,0,24,1998,1,4482,927,5952425.8
148,91,0,0,11,1992,1,6618,939,16799.2
67709,82,1,0,2,1992,0,2723,535,6776316.2
93224,34,0,1,85,2019,0,1871,765,9329864.9
76183,69,0,0,41,1996,1,2290,648,7620092.6
37132,24,0,0,38,2009,0,6546,797,3714296.9
66993,81,1,1,72,2016,1,548,954,6710225.6
82244,92,0,1,24,2000,1,4073,355,8228737.0
29370,13,0,0,45,2002,1,3746,797,2938725.2
66129,76,0,0,48,2020,0,6552,670,6615134.0
29846,50,0,0,14,1998,0,3839,580,2985095.8
64108,67,0,1,98,1992,1,7326,898,6423668.2
2850,42,1,0,37,2012,0,3800,984,290875.2
35652,48,0,0,33,1996,0,9009,716,3569151.6
10932,28,0,0,49,2007,0,5345,377,1094185.7
58914,54,1,1,73,2017,1,5801,869,5899786.7
12018,4,1,0,88,2006,1,6066,563,1213311.6
91395,16,0,0,25,2008,0,6930,165,9141900.8
73956,23,1,0,90,2006,1,5045,493,7400410.6
49421,26,0,0,10,2020,1,8763,746,4943342.0
55529,15,1,1,84,2008,0,6197,931,5558926.8
43547,84,0,1,12,2016,0,5388,267,4358059.6
28554,21,0,0,45,2012,0,4742,155,2856686.2
85341,52,1,0,36,2004,1,8479,884,8538869.4
60826,54,1,0,30,2016,0,8428,296,6087968.6
1863,16,1,1,22,2010,0,2578,490,190783.0
59476,59,1,0,41,2018,0,6291,800,5950982.8
85493,67,1,1,11,2013,1,1747,758,8557738.3
5808,56,0,0,16,2014,1,3004,797,582907.4
50673,69,1,1,5,2015,1,6732,974,5076210.5
62802,20,0,1,53,2020,1,991,866,6283765.0
67977,32,1,0,22,2009,1,3897,937,6803875.9
61217,43,1,1,65,2015,0,3710,905,6134485.5
40207,90,1,1,48,2018,1,2099,778,4029373.8
69142,16,0,0,63,2005,1,8568,340,6916927.5
80596,84,0,1,74,1999,0,2388,984,8065721.9
54473,9,1,0,40,2015,0,4560,835,5452279.5
51271,33,1,1,90,1993,0,5684,686,5139928.3
14809,58,0,1,28,2015,0,5452,823,1486480.5
59144,53,1,1,36,2020,1,5313,130,5922786.0
7791,21,1,0,17,1998,0,5524,780,785517.8
54266,54,0,0,5,1997,1,9620,601,5427669.7
59547,97,0,1,84,2016,0,2680,946,5967994.6
32813,92,1,1,3,1990,0,9189,618,3286268.0
34154,100,0,0,89,1998,1,308,538,3423970.8
50093,28,0,1,52,2001,0,9193,413,5014755.1
57133,23,1,1,5,2019,0,4136,469,5718350.9
72829,91,0,0,63,2020,0,7696,417,7287180.0
44461,91,1,1,24,2015,0,6427,532,4454468.5
81789,84,1,0,28,1995,1,2452,780,8184845.5
87821,14,1,0,59,2004,1,3079,776,8788809.4
38704,27,1,1,65,1998,1,4998,960,3882049.8
50478,34,0,0,11,2015,0,5532,711,5048822.5
72170,33,0,1,86,2020,0,1139,627,7229974.0
42770,9,0,1,42,2002,1,2424,896,4281356.2
2226,73,1,0,4,2000,1,4784,711,224310.0
73741,14,0,1,36,2007,0,5012,314,7377791.7
55785,82,1,0,91,2010,1,1954,632,5590650.0
53812,56,0,1,61,1999,1,4090,976,5390255.9
70492,3,0,0,48,2019,1,7131,676,7054127.9
70577,22,0,1,88,2005,0,8860,128,7064452.5
37879,52,1,1,95,2004,1,3443,851,3804577.4
36559,78,0,0,47,2007,0,3961,325,3658559.7
97087,98,1,0,38,2008,1,6678,719,9716102.8
62816,59,1,1,56,2010,1,7894,116,6295641.0
54843,45,0,0,16,2015,1,8934,703,5486701.5
79853,45,0,0,17,1994,1,5601,975,7987746.4
23119,1,1,0,14,2004,0,4103,410,2316639.4
10320,55,1,0,43,2002,1,1545,692,1038005.2
17353,2,0,0,77,1993,1,1509,628,1740330.3
73196,19,0,1,48,2011,0,7389,114,7325901.1
83934,54,1,1,31,2001,0,555,999,8400357.1
99177,51,1,0,57,2004,1,9729,403,9926523.4
84466,92,1,1,73,2011,1,6674,986,8456570.1
50619,37,1,1,33,2019,0,9207,314,5071031.9
76541,99,1,0,4,2000,1,1272,166,7656647.0
64105,57,0,1,96,1991,0,4995,462,6419376.1
39786,47,0,0,55,2021,0,5675,677,3984007.1
52370,73,0,1,23,1997,0,9018,625,5242857.7
21722,58,0,0,25,2020,1,9978,951,2173827.0
62686,39,0,1,71,1994,1,4240,759,6272659.4
64087,83,1,0,29,2010,1,8720,404,6414075.0
25972,7,1,0,11,2021,0,641,838,2600292.1
10830,28,0,1,65,2006,1,5829,439,1093719.6
82065,96,1,1,90,2012,0,8017,767,8217209.2
66972,19,0,1,52,2009,1,7292,967,6701382.9
96871,55,0,0,77,1996,0,7309,122,9690783.6
52554,82,0,1,58,2011,1,180,363,5260061.1
76017,90,0,0,81,2005,1,810,877,7603441.5
76097,46,0,1,51,2020,0,3337,337,7616002.0
99254,85,1,0,77,2004,0,8706,690,9931071.4
26952,86,0,0,54,2006,1,3036,477,2698982.6
36968,27,1,1,92,2002,1,2785,381,3711515.2
71610,90,1,0,100,1990,0,4871,745,7169819.0
50252,4,1,0,92,2014,1,662,278,5033342.4
78254,61,0,0,71,1990,1,6303,422,7831345.0
11933,49,1,1,21,2005,1,8801,140,1201065.5
58069,91,1,1,55,2004,0,4432,671,5819120.4
47580,45,0,1,90,1995,1,2195,441,4768584.5
45747,84,0,0,40,1992,1,7612,535,4579479.2
38515,51,1,1,94,2003,0,5275,596,3865010.3
91204,91,1,1,10,1990,1,1974,994,9127495.0
38425,20,1,1,88,2015,0,7704,837,3858124.5
20537,98,0,0,44,1994,1,7671,610,2056267.4
67462,52,1,0,98,2008,1,5585,655,6754742.8
32282,85,1,0,9,2008,1,8348,944,3231758.8
63380,30,1,0,53,1994,0,495,687,6341950.4
49322,8,0,0,97,2017,0,3508,600,4940658.7
72935,57,0,1,27,2012,1,1099,113,7298657.2
34410,29,1,0,28,2015,1,1461,568,3445264.5
40790,69,0,0,54,2002,1,9799,745,4080340.2
65260,34,1,0,83,1996,1,1777,683,6534195.6
43189,41,0,1,39,1990,0,7762,928,4326117.0
40416,14,1,1,92,1990,0,289,895,4050909.0
31202,12,0,0,37,1993,1,1116,368,3121833.3
72688,74,1,0,45,2019,1,1941,378,7275937.9
27119,77,0,1,25,2000,1,380,647,2717313.0
24916,36,0,0,55,2010,0,2931,523,2496771.0
88545,38,0,1,8,1993,1,5715,586,8860039.3
92102,30,0,0,88,1999,1,6612,340,9213411.9
90204,18,0,1,8,2017,1,4559,889,9025058.7
97867,19,1,1,66,1997,0,3965,805,9799102.7
70197,56,0,1,52,2000,1,3200,177,7027634.0
60153,39,0,1,46,1992,1,5712,207,6018727.2
71824,30,0,0,82,1997,0,543,901,7190229.7
96478,98,1,0,95,1993,0,2204,847,9661311.3
93756,43,0,1,14,2001,0,5339,627,9378616.1
99170,33,1,1,85,2014,1,8170,728,9924309.4
11778,42,0,1,95,2001,1,2254,833,1185823.1
91109,59,0,0,46,2005,1,1221,930,9113552.5
71985,49,0,1,83,2016,0,5614,568,7207321.6
10978,24,1,1,79,1998,0,5786,427,1108254.8
24086,30,0,1,3,2014,1,8094,907,2410817.4
92058,66,0,1,44,1997,1,9933,839,9212309.7
32017,81,0,1,26,2010,1,1912,863,3205104.0
36564,51,0,0,5,2010,1,2823,220,3657736.0
96719,96,1,1,73,2020,0,9415,928,9685049.0
79851,83,1,1,38,1998,1,3647,997,7995217.8
79673,66,0,1,99,1992,1,6484,906,7981527.2
40200,51,1,1,69,2006,1,8674,386,4028239.6
54936,64,0,0,94,2002,1,4655,352,5502510.2
65975,54,1,0,63,1992,1,6457,785,6603622.2
66713,10,0,0,25,2006,1,7410,399,6673050.6
80415,21,1,0,69,2007,0,4326,360,8053263.7
48057,4,1,1,50,2011,0,6503,121,4811373.1
45140,28,0,0,59,1993,1,7134,319,4520881.3
70896,81,0,0,96,1990,0,497,869,7098171.0
20492,15,1,1,77,1993,1,833,475,2062026.3
82196,64,1,1,28,1990,1,5632,167,8227719.0
83530,25,0,1,55,1999,1,9247,394,8358735.9
57838,32,1,1,74,2002,0,4170,286,5793020.2
12632,47,1,0,94,2012,1,2646,633,1271361.2
13254,91,1,0,58,2014,0,1937,506,1333885.4
90078,66,1,1,36,2004,1,6583,310,9016393.4
54765,75,0,0,12,2013,1,6543,101,5478329.3
4596,97,1,0,96,2014,0,3971,394,465858.4
19575,90,0,0,75,2013,0,4566,306,1959201.3
77661,24,1,0,56,2013,0,6681,713,7775177.3
5239,100,1,0,52,1993,1,3509,421,529032.3
65630,31,1,0,28,2020,0,6187,290,6566530.0
62478,45,0,0,33,2000,0,736,980,6249752.0
63434,99,0,1,51,2003,1,524,556,6351082.3
16003,28,1,0,32,1995,0,6293,171,1606578.5
49942,64,1,0,57,1990,1,4558,585,5001819.0
1405,96,1,1,16,1998,1,6851,538,148112.8
15232,4,1,0,100,1994,1,3372,816,1528469.4
96577,68,1,0,88,2010,0,9459,395,9662991.0
11986,69,1,1,75,2001,0,2322,555,1204666.1
41392,20,1,1,61,1991,0,1803,491,4151181.1
57118,31,1,1,49,2018,1,5712,353,5718957.8
74880,34,1,0,53,2003,1,4015,425,7497502.3
50989,97,0,1,61,2012,0,9441,326,5105808.2
65752,15,0,1,76,2020,1,2809,724,6583468.0
49786,71,0,1,32,2004,0,5478,563,4984145.4
96381,73,1,0,44,1997,0,4337,817,9642408.7
53097,98,1,0,77,2005,1,428,737,5315665.5
50846,44,1,1,79,2001,1,2903,660,5091984.1
61856,17,1,0,97,1999,0,8735,887,6199110.9
2685,31,1,1,35,2010,0,5553,188,274819.0
24021,4,1,0,4,1997,0,804,354,2407456.7
72068,71,1,1,95,1992,0,3751,991,7221629.2
74729,92,1,1,59,2000,1,5584,274,7486919.0
45242,27,0,0,56,2003,0,529,120,4527632.3
350,65,0,0,40,2020,1,9872,345,37972.0
42179,11,0,0,40,1999,1,9985,442,4221359.9
71973,32,0,1,9,2012,1,2596,575,7201696.2
19237,62,0,0,89,2012,1,4135,888,1931115.2
98728,55,1,1,13,2011,1,4040,538,9880299.1
38044,67,1,1,8,2007,0,5926,944,3812193.7
20862,4,1,1,62,2007,0,1330,543,2098549.7
72815,54,0,1,37,2015,1,9419,376,7287721.5
72510,70,1,0,6,2021,1,6583,788,7255056.1
51474,68,1,1,27,2000,1,8908,999,5157614.0
46945,63,1,0,50,1993,0,9900,652,4702996.3
13714,36,1,0,3,2005,0,8417,704,1373673.5
29749,97,0,1,14,2003,0,8565,717,2981571.3
80167,68,1,0,31,2018,1,4641,748,8021140.8
63829,29,0,0,52,2021,0,1612,535,6388502.1
57372,33,1,1,87,1998,0,3125,630,5748423.8
46195,77,0,0,67,1990,1,4603,678,4622073.0
55049,8,1,0,30,2005,0,4434,468,5509865.5
8256,7,1,0,59,2005,0,1713,510,831710.5
68311,38,1,1,26,2005,1,635,746,6839967.5
89885,93,0,0,40,2004,0,6599,487,8992850.4
38535,59,0,0,78,2015,1,1175,103,3855421.5
18109,31,1,1,26,2000,1,574,774,1820065.0
18487,6,0,0,89,2009,0,5262,228,1856865.9
42276,4,0,0,100,2006,0,9884,586,4229850.6
48344,34,0,0,20,2004,1,1072,564,4836340.4
68573,45,1,0,97,2014,1,1709,691,6861756.4
43577,64,1,1,39,1993,0,6517,298,4366538.3
8584,46,1,1,98,1999,0,9855,615,873709.9
56240,94,0,0,45,2007,1,8495,727,5627160.7
44976,88,0,0,70,1997,1,9885,526,4504969.7
53653,21,1,1,1,1990,0,4507,412,5371906.0
52384,39,0,1,95,2012,0,3525,230,5247146.2
54907,90,1,1,65,2003,1,7442,874,5495099.3
92106,87,1,1,86,2014,0,8205,621,9224115.4
53404,98,0,0,42,1999,0,802,225,5343461.9
3033,98,1,0,74,1997,1,8290,200,312271.7
78992,42,1,0,68,1996,1,2628,243,7903591.6
41726,97,0,1,25,2016,0,8887,131,4174598.6
30674,89,0,0,57,2010,0,3949,489,3072660.0
982,83,0,0,96,1990,0,224,350,101341.0
86160,75,0,1,7,2004,1,5221,168,8618638.4
5389,42,0,1,25,2017,1,2030,939,543793.7
79114,18,1,1,70,2004,0,6519,995,7923653.4
43042,42,0,0,93,2004,1,4004,393,4311510.4
36195,8,1,1,76,2000,0,255,648,3634512.0
38500,35,1,0,76,1994,1,9151,723,3859493.4
12508,52,1,0,53,1991,1,3399,431,1258036.1
94799,74,1,0,24,2012,1,8512,190,9484566.2
13192,18,0,1,77,2008,0,3588,685,1327004.8
57369,83,0,1,34,2017,1,6725,685,5740996.7
27474,58,1,0,13,1997,1,9588,211,2752632.7
60056,7,1,1,30,2010,0,6640,831,6014878.0
63977,36,1,1,50,1995,1,8802,249,6407296.5
4087,23,0,1,22,2012,0,1660,433,414319.2
99474,78,0,0,81,2016,0,4360,852,9952430.6
59085,88,0,1,49,2014,1,349,101,5915775.4
11877,86,0,1,9,2019,0,14,499,1189428.9
48659,84,1,0,46,2009,0,2291,933,4872302.9
47144,24,1,0,94,1992,1,3264,601,4723888.2
69764,94,1,1,73,2008,0,8607,874,6986164.8
40116,21,0,0,42,1997,1,1194,722,4015069.7
46292,8,1,0,46,1992,1,6387,425,4635389.2
77359,88,1,0,71,1990,0,7247,199,7744185.0
32455,72,0,0,17,2017,0,2256,939,3247206.7
34395,24,1,0,7,1999,1,1417,449,3442821.9
4922,60,1,1,8,2019,1,8694,453,498519.9
60515,47,1,1,34,2018,1,2271,710,6061337.8
36842,2,0,0,19,1990,1,9049,910,3685346.0
21669,24,0,0,65,2005,0,1700,419,2171545.5
37956,46,0,0,50,2016,0,7947,576,3799201.6
19745,72,0,0,28,2003,1,5194,934,1977004.3
22822,15,0,0,55,2010,0,5197,590,2285071.0
75339,16,1,1,55,2015,1,6978,590,7545974.5
45038,41,0,0,46,2020,0,4792,982,4507412.0
17595,96,1,1,99,2021,0,4123,253,1770417.1
55518,93,0,1,70,1993,0,8964,471,5559599.3
77032,67,1,0,68,2020,1,3925,725,7708083.0
61347,33,0,1,19,2021,1,5213,876,6139920.1
3418,38,1,0,30,1993,1,5115,915,347934.3
29233,22,1,1,5,2007,1,1527,103,2927647.7
26193,70,0,0,7,2013,1,1033,421,2620565.3
45781,38,0,1,18,2014,1,927,830,4584350.4
77465,54,1,1,42,1995,0,6722,286,7753128.5
76357,72,1,0,97,2002,0,5899,235,7641043.2
54528,69,1,1,41,2017,1,3501,231,5465714.7
71930,54,1,1,87,2005,0,4619,949,7208762.5
93803,75,0,1,38,2000,1,2369,214,9387508.0
50262,64,0,1,55,2003,1,8015,209,5034452.3
12387,51,1,0,55,2017,0,1393,789,1242765.7
42904,4,1,1,70,2005,0,4680,699,4302680.5
31421,23,0,1,28,2005,0,9438,357,3148839.5
16894,96,0,0,88,2011,0,8415,301,1697483.1
49044,43,1,0,91,2005,0,7430,437,4914350.5
82950,100,1,1,46,1994,0,9187,847,8301059.4
96654,43,1,1,34,2016,1,130,680,9672602.6
23210,17,1,0,52,2014,1,9776,255,2329090.4
2789,20,0,0,21,1991,1,5157,872,281030.1
64720,75,1,0,18,1990,1,5702,453,6478034.0
22459,63,0,0,14,1991,1,8836,727,2246811.1
96791,17,0,0,63,2009,1,1240,383,9680369.9
23608,21,0,0,31,1995,1,6410,720,2364456.5
13688,9,0,0,19,1991,0,6489,117,1369377.1
72070,75,0,1,98,1999,0,2666,316,7220918.9
86607,8,1,0,98,2017,0,5389,381,8669030.7
95817,97,0,1,25,1995,1,6697,840,9588183.5
3506,14,0,1,51,1991,1,4712,310,356564.1
37448,19,1,0,67,1997,0,1605,680,3751951.7
36988,97,0,1,87,2007,1,7454,546,3705539.7
998,21,0,1,90,2008,0,8604,348,104702.8
9493,57,0,0,27,2009,1,9660,241,951804.9
72370,81,0,0,89,2003,1,4618,856,7242934.3
73049,92,0,0,65,2005,0,7064,568,7306250.5
91370,11,1,1,6,2009,1,2687,565,9146210.9
55045,75,0,1,30,2004,1,5733,464,5511210.4
17989,9,1,0,11,2017,0,5679,172,1802630.7
53749,61,1,1,1,1997,0,2336,969,5381679.7
32694,26,0,1,60,2009,0,1421,635,3274621.9
24261,91,1,1,44,2003,1,7476,678,2437565.3
27394,93,1,1,66,2012,0,9345,959,2754889.2
99432,56,1,0,36,2015,0,6843,591,9947325.5
67229,17,0,0,18,2016,0,7856,754,6725201.6
89186,28,0,0,5,2021,0,5759,283,8919497.1
93313,100,1,0,66,2018,1,2702,809,9338654.8
53671,16,1,0,95,2017,1,5731,139,5378022.7
62318,43,1,0,29,2007,0,4844,281,6235136.7
79422,52,1,1,4,1995,0,2686,305,7952304.5
11093,5,0,1,71,1997,1,8059,287,1117189.7
23321,35,1,0,37,1991,0,7618,253,2335697.1
19198,90,0,0,46,2003,1,2995,918,1921930.3
78216,45,1,1,89,2010,1,2643,351,7832429.0
14750,30,1,0,12,2014,1,5905,643,1478391.4
61098,27,0,1,48,2008,0,2276,459,6115352.8
63111,36,1,0,89,1996,0,7826,630,6314137.6
43250,2,0,1,55,2019,0,6059,851,4334802.9
88168,94,1,1,57,2020,1,973,953,8825815.0
37506,88,0,0,94,2016,1,4468,172,3753651.6
64269,77,0,0,26,2000,0,5225,606,6428786.0
7490,71,1,0,3,1996,0,4328,121,753009.6
97121,98,0,1,100,2012,1,5700,956,9717727.2
14185,3,1,0,94,2002,1,5155,799,1422531.2
86682,12,0,0,80,1996,0,2126,654,8674009.6
34282,24,1,0,94,1991,0,7021,971,3440156.1
89022,48,1,0,44,2004,1,4759,123,8904794.4
91543,6,1,0,77,2013,0,1902,211,9166876.3
54993,22,1,0,70,2017,1,4944,360,5503799.7
85795,3,1,1,22,1990,1,8852,915,8587486.0
64079,93,0,0,50,2019,0,7255,388,6412901.9
80116,85,0,1,14,2000,0,7964,402,8015692.0
52866,23,0,1,40,2004,1,933,384,5293836.4
68375,55,0,0,74,1994,0,3854,168,6838539.4
55802,91,1,1,32,2011,0,1112,459,5588172.1
62117,80,0,0,3,1995,0,5600,426,6212439.5
50890,49,0,1,90,2020,0,180,117,5094287.0
44248,24,1,0,28,2018,0,2192,666,4431469.8
76326,2,0,0,83,2004,0,4050,248,7635872.4
56778,85,0,0,67,2005,1,3260,511,5679689.5
80225,100,0,0,67,2002,1,656,932,8025744.2
69320,22,1,0,45,2017,1,3636,476,6939825.7
24962,41,0,0,6,2014,0,1251,260,2497425.4
91964,56,1,1,93,2013,1,6032,950,9209295.3
40787,73,0,1,88,2011,1,359,107,4091282.1
28053,21,1,1,22,1991,0,9531,574,2815718.1
90172,34,0,0,65,1999,0,7383,623,9023549.9
816,7,0,1,48,2003,0,3587,726,87585.3
751,2,1,0,71,1992,1,1252,631,82123.2
87627,33,0,1,89,1999,1,2149,146,8769190.9
16786,93,1,0,36,2007,0,802,262,1684521.7
74832,60,1,1,69,1992,1,3427,209,7492714.2
12920,1,0,1,83,2016,0,5166,948,1305319.6
54879,79,1,0,6,1999,1,7739,818,5492312.9
62083,96,0,1,81,1994,0,7667,392,6218129.4
96814,90,0,1,9,1999,0,2678,481,9687090.9
38301,66,1,1,53,2004,0,2522,336,3841237.4
78947,86,0,0,94,1992,0,1965,698,7900369.2
44836,85,0,1,88,2000,0,8687,986,4493247.0
5488,56,1,0,35,1992,1,6778,442,554027.2
99886,83,1,1,37,2003,0,4600,210,9999687.3
57072,87,0,0,32,2013,0,3694,317,5710445.3
93684,24,1,0,35,2016,0,6716,291,9373516.6
96978,75,0,0,68,1991,1,5754,497,9703653.1
3624,80,1,0,1,1999,0,7887,702,365077.9
78000,50,0,0,25,2000,0,6386,978,7801225.0
25972,7,1,1,98,1996,0,5998,815,2605855.6
93922,54,0,1,89,2011,1,9492,998,9403863.1
61039,27,1,1,69,1995,0,4909,666,6114260.5
84404,70,1,1,98,2001,0,9795,325,8456155.1
73622,7,1,0,54,2020,0,4412,417,7365758.0
81012,92,1,0,7,2012,0,6946,585,8104126.2
73687,25,1,1,49,2001,0,7113,181,7376903.1
93952,63,1,1,10,2015,1,8302,910,9403674.5
82120,77,0,1,62,2001,0,9335,170,8216635.1
2351,69,1,0,51,2018,0,4104,723,239411.8
38132,73,1,0,16,1996,1,7592,112,3818556.6
42808,33,1,1,67,1996,0,8536,855,4290930.6
70722,57,0,0,55,2016,1,9738,454,7076626.6
46134,71,1,1,23,2004,1,7647,666,4624090.4
92044,60,0,1,28,2001,1,4700,754,9210929.1
12583,62,1,1,79,2001,1,2683,519,1267192.1
38048,67,0,0,74,2010,0,4814,346,3808313.0
48546,64,1,1,60,1993,0,782,547,4860634.3
94228,34,0,1,62,1994,0,815,836,9430661.4
55825,69,1,0,25,2001,1,441,905,5585288.1
7773,100,1,1,85,2007,0,5057,391,792566.7
24180,68,1,0,93,1991,0,1857,463,2425595.1
30502,91,1,1,77,1998,1,9151,146,3062069.8
30346,25,1,0,80,2000,1,2677,114,3047721.0
20311,23,1,1,87,2017,1,1558,931,2039188.7
70936,60,0,0,21,2006,0,8370,884,7094370.6
56416,41,1,1,99,2021,1,3804,243,5653890.1
26073,59,0,1,23,2006,0,1018,420,2612190.6
79182,37,1,1,9,1993,0,9600,428,7922295.3
39627,29,0,0,44,2008,0,2974,982,3964708.8
97677,51,1,0,35,1994,0,4887,810,9772148.4
34013,84,1,0,95,2014,1,7960,331,3411660.4
55620,90,1,1,90,2002,1,3282,470,5573469.2
77421,70,0,0,6,2011,1,6219,194,7743163.1
50844,99,0,1,83,1995,1,7366,706,5092707.5
94541,78,1,0,67,2003,1,6902,501,9460440.3
10976,17,1,1,77,2001,1,237,334,1108155.1
52697,25,1,0,60,2009,1,8452,133,5278045.9
38860,27,1,0,70,1991,1,5171,628,3894132.1
98501,66,1,0,51,2002,1,2911,520,9856475.2
49300,64,0,1,46,2019,0,2512,708,4936882.9
8562,24,1,0,33,2015,1,5275,755,860330.5
51585,70,0,1,8,2010,1,268,831,5163838.0
55038,46,1,0,45,2007,0,9300,172,5510722.7
74166,35,1,1,16,1990,0,6208,116,7423668.0
43885,69,1,0,3,2010,0,3497,424,4393918.0
55391,27,0,1,7,1991,1,566,777,5544879.1
9551,27,0,0,33,1992,1,3816,591,956658.2
17655,55,0,0,58,2012,0,4895,297,1769201.2
28743,30,1,0,49,2000,1,2192,989,2881705.0
12744,56,1,0,4,2016,0,1453,713,1279063.6
34109,36,0,1,19,2003,0,5930,628,3416596.3
55971,94,0,0,30,2001,1,4596,284,5600410.1
8163,17,0,1,45,1992,0,5815,948,825054.2
4463,93,0,1,39,2012,1,7372,578,453762.2
51890,85,1,1,37,2020,1,9905,442,5194644.0
88616,92,0,1,37,1999,1,8685,382,8868266.9
61104,88,1,1,51,1997,1,1649,144,6124108.7
31832,90,1,1,85,2003,1,706,266,3193411.3
12683,92,1,1,7,2019,0,1409,950,1275226.9
37375,13,1,0,66,2015,1,6681,881,3745925.5
10310,85,1,0,93,2016,0,6055,434,1041341.6
38300,27,0,0,8,2005,1,2464,463,3831178.5
91524,23,1,1,43,1998,1,4642,945,9160076.8
41155,9,1,0,51,2012,1,1335,671,4121258.2
97732,45,0,0,19,2014,1,4115,735,9774150.4
5431,15,1,1,13,2011,1,9049,470,548835.1
97452,83,1,1,54,1992,1,9092,419,9751753.2
88935,70,1,1,28,2002,1,5359,680,8903298.2
61243,58,0,1,75,1993,1,9318,362,6132501.3
41367,6,1,1,37,1994,1,9966,628,4147892.4
95269,87,0,0,44,2018,1,9071,755,9529625.8
6501,53,1,1,39,1991,0,7598,297,658653.1
44229,65,1,0,39,1993,1,9789,230,4429834.3
10745,86,1,0,14,1995,1,8212,338,1080749.5
33647,9,0,1,78,2020,1,6228,700,3373938.0
35930,95,0,1,27,2012,0,4611,470,3598810.2
37961,67,1,0,85,2011,1,2733,170,3806007.1
40639,27,1,1,42,2013,1,6672,546,4074524.3
18866,49,0,0,44,1998,1,1059,720,1890711.8
69101,90,1,0,2,2017,1,9455,506,6914075.7
94109,72,0,1,83,2014,0,8095,227,9417855.4
43366,59,1,1,44,2015,1,6043,729,4346233.5
85181,4,0,1,98,2020,0,9945,574,8530230.0
51340,5,0,0,73,1999,0,9791,711,5138145.9
48870,22,0,1,69,2013,0,772,413,4894474.3
2167,98,1,0,93,1990,1,1100,676,226782.0
88926,38,0,0,23,2012,1,7979,109,8893969.2
65472,69,0,1,5,2001,0,7004,283,6549900.1
60060,58,0,0,60,2010,0,2016,707,6010411.0
43295,34,0,1,22,1995,0,1676,643,4335970.5
65322,5,1,0,94,2010,1,9337,806,6537327.0
43084,5,1,0,27,2018,1,7387,388,4312866.8
51419,68,0,0,92,2014,1,4990,924,5145979.4
31464,21,1,0,21,1992,0,28,497,3148466.2
9503,12,1,0,8,2016,1,8790,603,955903.6
33272,97,0,1,88,2020,0,8224,455,3332408.0
32257,72,1,1,84,2006,0,1191,190,3239971.6
61217,36,1,0,18,2012,0,1592,494,6126771.2
75887,30,0,1,51,2003,1,4181,978,7592702.3
73064,12,1,1,49,1994,0,7086,392,7312103.4
10648,72,0,0,90,2012,1,7528,131,1071651.2
4149,70,0,1,19,2001,0,2606,326,420560.1
75350,6,0,1,64,2021,1,2329,382,7539904.1
70345,90,0,0,2,2015,0,3695,826,7035087.5
39723,57,0,1,84,1995,1,1030,223,3981216.5
96429,68,1,1,49,2004,1,4092,650,9650188.4
20001,37,1,0,48,2013,0,7270,919,2007477.3
163,6,0,0,29,1990,0,6022,391,17363.0
77882,73,0,1,76,1993,1,2355,747,7797780.3
89492,44,0,1,68,2003,0,7276,351,8957726.3
94972,19,0,1,23,1990,0,9628,151,9500113.0
38606,28,1,0,14,1999,1,3026,554,3864489.9
4389,21,0,0,22,1991,1,4112,993,441287.1
9088,21,0,0,93,2008,0,6869,555,913263.8
64256,37,0,1,87,1994,1,3051,807,6438154.4
88976,6,1,0,74,2011,1,4176,357,8906213.1
8910,20,1,0,93,2012,0,3097,223,898488.2
13851,77,0,0,83,2019,1,2448,961,1392391.9
15928,29,1,1,81,2017,0,9165,195,1603995.7
67849,40,0,1,94,1996,0,4405,719,6792498.6
91073,72,0,0,50,2018,1,6760,976,9111251.8
91458,44,0,0,49,1991,0,2763,108,9149688.1
46478,6,1,1,31,2003,1,1813,916,4657996.3
62592,47,1,0,30,2017,0,6845,833,6262694.7
60680,49,0,0,80,2012,1,8520,855,6075501.2
85659,57,0,0,17,2015,1,8825,743,8567586.5
35188,79,0,0,52,2010,0,4392,639,3523563.0
91123,89,0,0,47,2008,0,6089,622,9116372.8
78117,98,1,1,84,1997,1,1732,331,7825898.7
98689,75,1,1,55,2009,0,3462,882,9874062.9
1720,73,1,1,83,1991,1,70,126,183918.1
14345,37,1,1,99,1997,1,1617,857,1445853.7
30914,5,0,0,2,1996,1,5768,307,3092163.6
4099,27,0,0,84,2000,0,7950,741,413304.0
23478,80,1,0,5,2019,0,5728,263,2351874.9
1086,4,1,0,81,2011,1,64,375,116061.1
45181,78,1,1,39,1994,0,6735,530,4525938.4
176,30,0,0,15,2000,0,2325,536,18985.0
79680,84,0,0,100,2018,1,3404,632,7975851.8
32776,72,0,1,71,2001,1,8324,737,3283690.1
88755,4,1,1,5,2011,0,1759,288,8882476.1
95096,68,0,0,83,2009,1,7667,801,9515861.9
77212,70,0,1,16,2012,1,8919,692,7727317.2
46910,80,1,1,99,1994,0,4093,890,4706368.4
75487,82,0,1,97,2011,0,9162,442,7558644.1
41090,24,0,1,39,2010,0,8963,316,4114595.0
87111,16,1,0,71,2008,1,4567,708,8716894.8
87353,5,1,1,47,1991,1,5013,108,8745540.1
29664,88,1,0,87,2006,1,1108,891,2975680.6
23184,56,1,1,100,1997,1,7131,762,2335644.7
65482,66,1,1,21,1996,1,134,171,6556065.6
81602,9,1,1,46,2017,1,5471,144,8169478.7
48129,73,1,1,76,1994,1,7889,514,4823162.4
2684,97,0,1,19,2010,1,2676,936,272104.0
17563,51,1,0,95,2013,1,4369,555,1762997.3
37853,97,0,1,54,2019,1,1210,332,3792902.9
25147,35,1,0,81,2014,1,4068,225,2521731.4
23843,64,0,1,87,1999,1,2961,919,2391434.9
68369,86,1,0,19,2010,1,3330,292,6843646.0
11583,49,0,1,9,2012,0,8636,549,1161984.2
9559,28,0,0,76,2020,1,4966,849,963514.0
38611,20,1,1,53,2020,0,308,810,3870229.0
17618,9,1,1,36,1992,0,8906,943,1771805.2
73903,34,1,0,35,2017,0,250,718,7397590.7
24484,22,1,0,21,2000,1,6601,236,2452550.0
32442,25,1,1,51,2004,1,9834,289,3252838.4
38826,53,1,0,91,2001,1,2901,464,3890080.1
65340,84,0,0,34,2004,0,5481,836,6536254.4
93638,51,1,1,62,1992,1,6134,694,9378471.2
61146,84,1,1,54,2021,1,4572,433,6125077.1
24004,62,1,1,99,2003,0,1372,446,2414637.3
83588,82,1,1,57,1994,1,2598,108,8369526.4
85820,72,1,1,70,2002,0,2238,998,8588402.2
39799,23,1,0,76,1993,1,5411,281,3984987.3
84355,23,0,1,22,1999,1,4851,736,8439985.9
59747,38,1,1,13,1994,1,4173,973,5984506.4
6009,36,1,1,59,2016,0,8867,158,612067.6
5965,25,0,0,88,2017,0,9846,243,601173.7
78079,31,1,0,98,2001,1,3136,989,7820045.1
48378,17,1,1,19,2000,1,7572,498,4848213.0
94695,86,1,1,1,1992,1,5398,509,9478421.2
48642,56,1,0,87,2020,0,3600,145,4869835.0
11524,24,1,1,65,2018,0,9789,331,1161912.8
97539,70,1,0,88,1990,1,4165,447,9761326.0
825,24,0,1,23,2008,0,8622,584,87430.8
64365,46,1,1,27,2018,1,204,957,6444610.8
68063,52,1,0,51,1990,1,9550,379,6813816.0
41848,55,1,1,99,1992,1,2330,861,4200544.2
78741,54,0,1,60,2005,0,9057,402,7880701.5
16824,86,1,1,72,2010,0,4287,984,1695808.0
51203,59,0,0,58,2010,0,8413,359,5123643.0
97108,30,0,0,88,2008,1,1103,555,9714782.8
69261,41,1,1,29,2008,1,6518,546,6935036.8
89425,19,1,1,47,2002,1,3695,439,8952287.2
26792,67,1,1,32,2003,0,4687,327,2684819.3
91443,65,0,0,61,2002,0,9240,549,9148710.2
89470,47,0,0,4,2005,1,6633,321,8947834.5
53313,41,0,0,47,2003,0,2127,793,5335501.3
93913,6,0,1,15,2009,1,9940,744,9396713.9
31042,48,0,0,53,2003,0,907,162,3109396.3
9329,18,0,0,18,2018,1,2898,176,934231.8
42272,8,1,0,15,2017,0,6622,733,4232650.7
30588,71,1,0,73,1998,1,9841,457,3064993.8
99742,96,1,1,51,2013,1,6762,760,9984910.3
33065,15,1,1,22,1998,0,733,305,3314847.8
22702,10,0,0,49,1995,0,6442,122,2271827.5
31885,26,1,1,68,2005,0,1974,732,3202805.5
64602,77,1,0,65,1996,1,2656,434,6467513.6
75853,17,1,0,63,2004,1,4768,256,7591050.4
5409,51,0,0,70,2017,1,7475,142,546201.7
80699,20,1,0,88,2009,1,1740,372,8074576.9
8607,17,0,0,14,1992,1,1627,504,862453.2
75057,63,1,1,63,2017,1,9394,275,7518049.7
70919,11,1,1,44,1997,1,8742,177,7101031.7
29710,96,1,0,67,2015,1,9951,1000,2978583.5
61798,46,0,0,54,2013,0,9956,361,6182113.3
6313,53,1,0,67,2014,0,7458,651,641055.4
60375,50,0,0,65,2004,1,8852,664,6038750.4
69421,45,0,1,9,2014,0,8080,665,6945284.4
89086,4,0,0,16,2019,0,2269,885,8909993.9
68603,60,0,0,23,2020,1,5026,209,6861289.0
12448,59,0,0,44,2003,0,1095,168,1249624.3
37945,85,0,0,79,2001,0,1684,917,3799158.1
34867,42,0,1,69,1991,0,6839,809,3491110.1
16547,85,1,1,40,2008,1,2183,119,1659757.8
58218,14,1,1,46,2004,0,1556,831,5834539.4
28790,88,0,1,45,2005,0,6294,655,2882833.5
92822,54,1,0,9,1999,0,1193,975,9287119.9
89217,75,1,1,77,1991,0,2892,331,8929604.1
65822,14,0,0,59,2006,0,6182,946,6588632.6
617,21,1,0,27,2013,0,2834,638,67453.3
37171,98,0,0,18,2012,0,3008,440,3719105.2
82918,54,0,0,10,1999,0,8930,871,8292659.9
4130,26,1,1,41,2021,1,7601,896,421621.1
95145,60,1,0,50,2020,1,6696,284,9519958.0
58864,11,0,1,1,2014,0,7302,105,5891413.4
94363,61,0,1,23,1999,1,5668,589,9440706.9
78204,16,0,0,46,2012,1,1830,783,7822501.2
71588,89,0,0,21,2012,0,1540,318,7161052.2
68579,67,1,0,70,1997,1,3523,352,6868611.7
19174,44,0,1,54,1996,1,7078,192,1923170.6
90646,21,0,0,82,1997,1,4615,585,9071481.7
81430,82,1,0,54,2020,0,7294,924,8147920.0
99428,94,0,0,68,2018,0,5468,572,9947775.8
60815,2,0,0,97,2015,0,6517,800,6089911.5
95591,90,1,1,39,1993,1,3338,958,9569415.3
47497,18,1,0,72,2009,1,6683,630,4761272.9
65725,75,0,1,95,2000,0,9052,890,6582022.0
21360,8,1,0,60,1991,1,8744,374,2139458.1
56559,23,1,0,60,1990,0,9091,366,5661049.0
45440,74,0,1,98,2002,0,9249,597,4550279.2
13112,74,1,1,26,1993,1,1633,362,1318665.3
68276,71,0,0,31,2012,0,1793,696,6829756.2
64518,90,0,1,61,2020,1,4171,125,6455071.0
56093,94,1,1,11,2008,0,5012,226,5619471.8
84653,83,0,0,20,1997,1,8123,851,8467089.7
96169,51,0,1,13,2019,1,2255,559,9620987.9
57789,60,1,1,24,2008,0,5651,105,5787699.8
93091,33,1,1,43,1993,1,5077,144,9317741.3
87190,99,1,0,14,2013,1,8633,406,8724894.3
38998,68,1,1,31,1996,0,2855,238,3910733.6
97134,61,1,0,68,2019,1,8966,602,9718663.9
39309,80,1,1,32,2001,0,9448,344,3939850.1
70751,87,1,0,93,2003,1,4567,721,7084089.3
63086,91,0,0,49,2013,0,9450,333,6312576.3
25472,23,0,1,44,2003,1,2869,892,2552592.3
3514,8,0,1,21,2013,1,1565,975,357856.3
99134,67,1,1,32,1998,0,9316,517,9919472.8
82653,31,0,1,37,1992,0,6390,480,8270829.2
3723,75,1,0,31,2010,0,5815,240,378299.0
28232,6,0,1,18,1997,0,1632,143,2827201.7
46838,49,0,1,51,2020,1,7312,306,4691794.0
90562,47,1,1,7,2002,0,2562,580,9066552.2
562,95,0,1,97,2003,0,887,178,65326.3
5603,75,1,0,73,1992,0,746,627,566684.2
61704,20,1,0,11,2012,1,638,565,6176111.2
49579,99,1,1,37,1996,1,2301,658,4967775.6
59885,28,1,1,25,2010,0,2803,944,5995883.0
72109,81,1,0,41,1995,1,7934,446,7220099.5
41965,87,0,1,61,2000,1,4173,216,4204881.0
94216,32,1,1,75,1996,0,4216,209,9432083.6
39166,68,0,1,86,2008,0,4613,570,3924397.8
9923,41,0,0,46,1994,0,1340,477,995743.4
49374,38,0,0,63,2000,1,3356,555,4944387.0
76316,99,0,0,56,1995,0,9431,566,7634333.5
26089,30,1,1,6,2013,1,4029,554,2615548.3
98045,21,1,1,62,1995,0,7184,691,9818036.5
69594,47,0,0,58,2021,1,6899,215,6963010.1
56966,77,0,1,17,1992,0,8974,373,5701030.2
64795,53,1,1,64,1996,1,8261,304,6489157.6
39574,37,1,1,54,2018,0,2806,619,3969486.8
49014,54,0,0,62,2014,0,38,743,4908129.4
17034,50,1,1,89,2006,1,832,417,1717170.6
18742,10,0,1,10,2015,1,9836,387,1879684.5
98794,80,0,0,91,2021,0,4648,662,9886677.1
72207,46,1,1,33,1996,0,6041,471,7230004.6
54881,24,0,1,72,1998,0,7585,446,5494411.8
12873,1,0,0,12,2010,1,4165,497,1288333.0
66263,51,0,1,4,2020,0,9244,371,6628369.0
26965,29,1,1,19,2002,1,9662,149,2703481.2
9433,84,0,0,1,2015,0,6558,196,944025.5
95293,80,0,0,43,1993,1,7547,772,9534163.3
86619,36,0,0,7,1990,1,255,222,8663060.0
8677,63,0,1,61,1996,0,927,839,875920.6
83153,43,0,1,84,2014,0,7479,956,8326391.4
81892,7,1,1,69,2015,0,9180,230,8204629.5
21293,25,0,0,24,2007,0,2560,242,2131214.7
43636,13,1,1,11,2007,0,4347,561,4373848.7
1254,23,0,1,12,2018,1,817,873,127840.8
96953,70,1,0,55,2014,1,9651,730,9703052.4
92877,22,1,1,57,1993,0,5428,170,9293826.3
37312,40,0,1,9,2000,0,8764,319,3735539.0
44075,60,1,1,27,2005,1,5450,755,4416478.5
55845,73,0,1,76,2020,1,718,927,5593543.0
68565,89,0,1,21,1996,1,9995,708,6862474.6
87484,77,0,1,27,2015,1,7495,332,8750467.5
89220,31,1,0,64,2014,1,6972,361,8928266.4
31525,25,0,1,58,1992,0,4833,462,3161366.2
52579,55,1,1,2,2013,1,1496,778,5263918.3
30803,39,1,0,49,2004,0,3551,968,3085897.4
82120,31,1,1,33,2018,0,9276,156,8223358.8
71171,22,1,1,44,2001,1,5734,873,7127415.1
579,8,0,1,20,1994,1,5060,710,63718.4
89204,69,0,0,19,1994,0,4087,742,8921053.4
5904,56,0,1,1,2018,0,9801,490,595108.8
92629,62,0,0,15,2003,0,5983,618,9263965.3
77553,96,0,0,99,2005,1,4072,406,7763278.5
3542,16,1,1,92,1998,1,6923,414,363918.8
10749,68,1,1,71,2000,0,4757,889,1085899.0
38021,76,1,1,82,1991,1,8601,955,3817885.1
97193,47,0,1,18,2009,1,3810,488,9723642.9
13309,20,1,0,73,2004,0,1620,843,1337541.4
10708,84,0,1,93,1998,1,9347,209,1076965.8
77460,95,0,1,23,2008,1,9289,951,7753079.8
94133,93,0,0,71,2012,1,9978,143,9415634.2
99869,63,0,1,15,2001,1,5894,826,9990641.1
66370,15,0,0,20,2002,0,5358,962,6638720.2
74780,86,0,0,3,2005,1,3421,276,7479141.5
89925,25,0,1,50,1992,1,4584,918,8999987.2
28808,71,1,1,13,2010,0,75,755,2888357.0
28640,68,0,1,98,1990,0,4829,865,2870927.0
15517,54,0,0,27,2001,0,7754,991,1554406.1
11059,42,0,1,85,2011,1,9216,888,1113128.1
86183,10,1,1,31,2010,0,8389,637,8624347.0
19408,71,1,1,50,2013,0,4385,180,1953014.3
26958,32,1,1,40,2001,1,9038,575,2706761.1
45859,4,0,1,69,2008,1,3926,362,4595196.8
55845,54,0,0,41,2019,1,704,315,5588845.9
43304,52,0,1,72,2009,1,3471,674,4337442.9
79511,16,0,0,48,2007,0,6230,643,7953040.7
88501,53,0,0,54,1992,0,6277,234,8853507.2
75616,74,1,0,80,2006,0,3725,247,7571050.6
18368,21,0,0,7,2002,0,637,362,1837769.2
5375,33,1,1,58,2010,0,2524,120,550909.0
6707,72,0,1,4,2001,1,4976,429,673817.1
92190,11,1,0,72,1995,1,5402,142,9225418.5
25432,58,1,0,46,2011,0,9273,426,2550518.1
37793,34,0,1,55,1996,1,7075,555,3786136.6
60854,27,1,0,30,2019,0,8561,434,6092125.9
91531,85,1,0,12,2007,1,7085,974,9157941.7
68876,40,1,0,25,1990,0,7964,634,6891640.0
7608,98,1,0,6,2019,1,7675,951,764900.9
68717,60,0,1,13,2004,0,5345,605,6877356.4
65723,52,1,1,24,2008,0,1917,236,6578284.8
80039,64,0,0,39,1990,0,7828,700,8008148.0
62744,34,0,1,26,1990,1,6211,307,6279042.0
33624,60,1,1,29,2016,0,256,723,3371675.6
7939,23,1,1,75,1995,1,4950,770,806234.5
62854,33,0,0,71,2006,0,6993,137,6289045.6
51757,81,0,0,35,2002,0,2500,510,5177725.2
32497,56,0,1,20,2018,0,8808,167,3253783.8
32267,51,1,1,59,2019,0,4674,179,3235159.9
92490,40,1,0,23,2009,1,6831,650,9254979.9
72677,78,1,0,57,2019,1,3202,787,7274269.9
68744,89,1,1,77,2013,0,1008,146,6883722.3
87436,65,1,0,77,2005,0,6671,360,8753875.5
80776,37,0,1,38,1990,1,4193,847,8086132.0
30472,87,1,0,34,2001,1,7093,686,3053446.1
52141,65,0,1,40,1999,1,6502,866,5218700.9
51777,6,1,1,38,2007,0,6619,105,5186005.7
40280,72,1,0,56,2002,1,4126,522,4036659.2
79457,58,1,0,18,1992,0,1393,338,7949180.2
93568,51,1,0,31,2017,0,2633,317,9362309.7
656,98,0,1,12,2016,0,5947,707,68528.6
28997,16,1,0,28,1992,1,8232,873,2906243.2
97147,4,0,1,98,1995,1,5468,595,9722196.5
69411,45,1,0,25,2013,0,5047,303,6945253.3
38190,42,0,1,92,2012,1,6916,411,3828288.2
81473,12,1,1,1,1990,0,8513,615,8154129.0
23682,31,1,0,97,2007,1,4705,115,2381051.7
81448,44,0,0,24,1996,0,200,190,8146243.6
16127,73,0,1,6,2005,1,3055,286,1615094.5
61486,18,1,1,39,1995,1,629,231,6155982.5
96526,1,0,0,65,2005,1,7174,617,9657380.5
55287,83,0,0,7,2017,1,3623,267,5529453.7
86820,16,0,0,34,2012,0,5812,765,8683419.2
93373,79,1,1,74,1990,1,4750,552,9348395.0
33098,24,1,1,13,2021,0,3844,380,3318507.1
69898,71,0,1,77,1992,0,8394,920,6994429.2
11401,44,1,0,99,2013,1,6823,169,1152914.3
66705,50,0,0,11,2007,1,4489,310,6672336.7
38947,88,0,1,21,2018,1,6357,751,3900872.8
65205,6,1,0,19,2004,0,9346,467,6523874.4
19339,2,1,0,81,2003,0,9699,889,1939172.3
23971,18,1,1,59,2005,0,9045,461,2402438.5
50944,19,0,1,11,2013,0,6963,893,5099151.3
43283,59,0,1,43,2002,0,6595,642,4336072.2
29323,58,1,1,7,2000,1,4994,846,2938369.0
81362,72,0,1,72,1994,1,6047,716,8144502.4
8941,4,0,0,94,2012,0,7273,987,902785.2
34967,30,1,0,49,2009,0,8103,418,3501658.9
66555,56,1,1,36,2020,1,847,184,6664457.0
85985,4,1,1,34,2005,0,6166,303,8608190.5
85645,49,1,0,1,1998,1,1660,426,8570147.8
39215,18,1,0,21,1994,0,5706,415,3927273.4
56643,14,1,0,58,2018,1,6952,504,5673199.8
60479,97,0,0,11,2016,1,6393,679,6049532.6
20348,57,0,0,75,2021,0,209,240,2037902.1
66371,49,0,1,75,2012,1,5198,367,6646262.2
31291,16,1,0,27,2012,1,1969,689,3134903.2
7330,54,0,0,95,2014,0,4957,690,740586.4
41502,81,0,0,63,2016,1,6507,307,4155333.6
23027,52,1,0,35,2013,1,4215,497,2309849.3
53371,41,0,1,97,2003,0,3552,822,5346532.3
26997,44,1,1,99,2001,1,409,715,2712687.1
16806,10,1,0,19,1998,1,5645,997,1686882.8
44304,87,0,0,63,2002,0,5377,146,4436179.2
66563,56,1,1,53,2005,1,2867,623,6665417.5
89812,74,0,1,14,2002,1,7195,467,8986041.2
39302,41,0,0,67,2016,0,8316,170,3933732.6
44799,32,0,1,71,2003,0,7341,408,4489422.3
36268,23,0,1,65,1997,0,7419,260,3633523.7
86676,22,0,1,12,1999,1,6119,970,8672062.9
83120,8,0,0,7,2005,0,2074,121,8313030.5
25341,85,1,1,47,2014,0,5010,990,2544899.4
25105,8,0,1,33,2006,0,9587,238,2515100.6
54090,61,1,1,36,1996,0,4321,923,5418306.6
80610,64,0,1,93,2007,0,7915,753,8071729.7
65507,43,0,0,90,2004,0,5622,890,6557760.4
27204,73,1,0,2,1997,1,5833,574,2726114.7
79025,88,1,0,42,2014,0,750,728,7908018.4
3452,7,0,1,76,2001,0,6823,106,355370.1
21550,89,1,0,100,2013,0,8350,990,2164424.3
11657,88,0,1,21,2012,0,4859,999,1170585.2
28103,84,1,1,15,1993,0,884,279,2815163.3
47957,13,1,1,47,2017,0,6806,259,4801705.7
63519,91,1,1,31,2006,1,1001,938,6358243.6
76021,71,1,1,12,1990,1,9738,727,7607661.0
88259,8,0,0,96,1998,1,8896,572,8832355.8
82787,69,1,1,80,2014,0,27,551,8289297.4
56517,45,0,1,25,1999,1,6575,631,5657851.9
29096,51,0,1,45,1996,1,9210,652,2913547.6
36216,15,0,0,69,1999,0,405,695,3622946.9
5139,71,1,1,51,1998,0,8060,517,525841.8
25487,54,1,1,76,2002,0,4815,435,2562661.2
35733,25,0,0,3,2003,0,2304,899,3573868.3
16735,92,0,1,80,2010,1,2664,759,1677084.0
56202,3,0,0,89,2001,0,8228,254,5629550.1
12426,33,1,1,40,2020,0,5838,901,1253371.0
33984,100,0,1,41,1990,0,1083,452,3402691.0
98651,32,0,0,48,2004,1,994,565,9870164.4
5117,58,1,0,30,2018,1,9147,926,517775.8
56800,87,0,1,12,1999,1,6298,539,5683058.9
90904,25,0,1,53,2009,0,3625,940,9093802.9
26923,55,0,0,57,2004,1,9177,145,2698265.4
15734,35,1,0,24,2003,1,792,401,1579608.3
17513,81,0,1,73,1996,0,3196,263,1761977.6
14052,47,0,1,67,2013,1,1285,987,1411943.3
19727,58,1,1,82,1996,0,1637,527,1984798.6
77423,58,1,1,16,1996,1,564,329,7749477.6
65904,84,0,1,47,2002,0,1605,155,6596494.2
29001,49,1,1,72,1994,0,1526,202,2912635.4
32361,44,1,0,57,2018,0,7036,685,3240276.8
93174,36,0,1,53,1997,0,3133,879,9325575.7
71192,8,0,1,89,2021,0,5726,239,7129401.1
68128,39,0,1,18,1999,0,3823,856,6817710.9
98923,61,0,1,33,2015,0,1393,224,9897661.5
72196,50,1,1,12,2013,0,8722,608,7225665.3
99278,10,0,1,41,2004,0,9887,513,9932606.4
30896,94,0,0,40,2014,0,2375,353,3092891.4
50293,82,1,0,99,1994,0,847,166,5038042.4
18229,24,0,1,84,2001,1,6915,243,1832795.1
79224,87,0,0,84,2008,0,9128,648,7926948.8
91975,49,0,0,24,2012,1,9533,473,9198849.2
36387,4,1,1,17,1993,1,6573,577,3642700.3
32136,96,1,1,82,2012,1,1924,694,3227676.2
20995,5,1,0,29,2015,0,2240,487,2103067.5
94361,77,1,0,42,2020,0,2139,848,9442418.0
53019,41,1,0,8,2004,1,4970,106,5306854.4
8609,35,1,1,55,2012,0,351,482,867508.2
64245,59,1,1,5,2012,1,4341,559,6430465.2
28192,64,0,0,12,2000,1,9495,999,2820880.0
14933,56,1,1,100,2020,1,4788,587,1500885.0
54323,79,0,1,83,2015,0,6116,970,5442454.5
92204,27,1,0,33,2008,1,2390,516,9226065.8
3314,3,1,1,3,2014,0,9251,978,336316.4
17466,80,0,0,51,2005,0,6862,444,1751126.5
17389,98,1,0,30,2008,0,1922,387,1744561.8
23444,72,0,1,62,2019,1,3821,348,2349143.9
24097,42,0,1,31,1991,1,1222,218,2416228.1
59850,12,1,0,18,2006,0,3447,670,5990534.6
88387,59,1,0,40,1994,0,2808,494,8845142.4
17671,45,1,1,88,2001,0,8916,775,1777405.1
8537,59,1,0,49,1998,1,3152,238,859540.8
19183,18,0,0,41,2004,0,7151,470,1919702.4
74178,54,1,0,36,2016,1,5497,872,7424829.6
10562,38,1,0,14,2014,0,7767,542,1058582.4
77339,55,0,1,50,2008,1,6408,748,7741650.8
9842,92,1,0,1,2009,0,7593,520,987460.9
39477,84,0,0,22,1993,0,2103,859,3948983.3
22482,95,0,0,87,1997,0,9933,926,2256703.7
26592,72,0,1,49,1992,0,6614,752,2667272.2
27008,9,0,1,96,2013,0,1759,665,2714052.3
48768,37,1,1,86,2016,0,2302,411,4887404.6
81967,13,1,0,86,2003,0,1913,163,8208953.3
94845,37,1,1,98,2000,1,5484,122,9494690.0
22451,98,0,1,37,1990,1,3714,557,2250405.0
89087,2,0,1,44,2007,0,8225,852,8914578.7
4881,78,0,0,96,2007,0,6456,712,493342.7
31484,95,1,0,73,2010,0,517,861,3158232.0
42616,83,0,1,97,1996,0,7206,489,4272292.6
99840,13,1,0,40,2002,0,8071,701,9988738.2
67360,55,0,1,42,2003,0,6775,448,6742928.3
70010,92,1,1,29,2011,1,9689,900,7008509.1
23228,16,0,0,18,2013,1,3513,563,2324503.3
67055,85,1,0,70,2011,0,4388,693,6712487.1
39758,19,1,1,2,2011,0,9954,823,3983187.1
47618,53,1,0,98,1996,1,7883,137,4765943.6
39897,78,1,1,34,2019,1,6857,877,3998497.9
49729,3,1,0,89,1991,1,1545,443,4984739.1
86564,12,1,1,17,2014,0,5488,175,8664807.4
7426,29,0,0,59,2013,1,6817,786,748575.3
97110,72,0,0,77,1993,0,1464,428,9718256.3
83738,35,0,1,39,2010,1,824,424,8379855.0
77716,85,0,0,28,2006,0,2286,968,7773638.6
88251,56,0,0,30,2011,0,6309,336,8828611.1
38800,99,0,0,53,2003,1,6536,149,3883353.3
54789,36,0,0,47,2005,1,1180,442,5480117.5
99099,42,1,1,31,2005,1,4838,535,9915651.5
77018,26,0,0,63,2015,1,6578,540,7704215.5
69707,67,1,1,58,2005,0,1397,458,6977217.5
84211,28,0,1,66,1996,0,4313,133,8426333.6
59752,83,0,1,86,1995,0,4550,246,5987095.5
37815,67,0,0,26,2005,1,5008,518,3783946.5
18681,89,1,1,18,2001,1,1036,356,1876356.1
28285,28,1,0,97,2006,0,8041,118,2840774.6
59773,42,0,0,18,1999,0,7426,757,5978589.9
87566,38,1,0,15,2008,0,4781,354,8759575.8
58801,69,1,1,100,2016,1,3810,136,5891738.6
6454,29,0,0,63,1996,1,9136,365,646692.6
87590,42,1,0,29,2021,1,5863,635,8764908.1
25532,94,0,0,25,2006,1,6959,235,2555050.6
15791,20,1,1,7,1996,0,785,322,1583248.6
32737,24,0,0,98,1995,0,9526,942,3278517.5
74097,11,0,0,29,2003,1,1337,588,7411597.3
24995,59,1,1,95,2009,1,6515,837,2511825.9
13591,18,1,0,28,1990,1,1561,735,1367021.0
77100,83,1,1,63,2004,1,6924,107,7719293.4
21189,23,0,0,83,1994,1,8252,209,2126521.4
28195,80,0,0,80,1995,0,1274,984,2826549.5
92363,66,0,1,68,2013,1,2054,551,9242507.3
31752,69,1,1,27,1997,1,244,576,3181933.7
94966,64,1,0,56,2010,0,1360,237,9505250.0
35493,27,1,1,100,1997,1,8212,777,3558407.7
78152,6,0,1,21,2005,0,5218,562,7819761.5
13874,91,1,0,8,1992,1,4886,325,1393115.2
74893,14,0,0,37,2015,1,4325,195,7490630.5
36314,100,1,1,42,2008,0,5745,146,3638453.8
34804,35,0,1,37,1991,1,5165,256,3484349.1
33783,24,1,1,7,1993,1,928,824,3384758.3
47739,40,0,1,40,2007,1,9446,955,4782451.7
39108,64,1,0,67,2020,0,9251,568,3915608.0
36823,16,0,1,36,2002,0,5808,989,3687131.2
88221,94,0,1,51,2004,0,8436,945,8828225.4
78977,96,0,1,58,2004,1,9457,116,7906006.4
99680,12,1,0,69,1997,0,1970,511,9978509.7
5658,56,1,0,97,1999,1,1418,712,577145.9
15526,11,0,0,32,2013,0,5840,203,1555821.3
62964,16,0,0,13,1990,1,7792,778,6298222.0
89172,65,0,0,84,2016,0,2187,769,8919647.6
111,32,0,1,34,2003,0,2239,951,14431.3
43467,34,1,0,22,1998,0,4340,738,4350497.8
35112,98,0,1,47,2002,1,9387,404,3515831.2
6600,61,0,0,72,1994,0,8513,587,667067.4
46709,69,0,0,86,1996,1,3928,925,4680113.6
6856,55,1,0,22,2007,0,8070,211,689679.7
7148,50,0,1,51,2014,0,2714,390,723077.4
53062,91,1,1,13,1990,0,3263,469,5313492.0
43159,96,0,0,43,1994,1,6151,975,4318950.4
40705,74,1,1,52,1991,0,9802,736,4080567.1
86419,3,0,0,51,1996,0,5149,284,8645299.6
37225,64,1,1,10,1995,0,7069,762,3729838.5
13912,15,1,1,65,1995,0,6588,245,1399630.5
12228,84,1,1,20,2011,1,6733,745,1227403.1
873,11,0,0,51,2005,1,6353,860,92386.5
77472,32,0,0,68,2001,0,455,739,7749318.1
55812,95,1,0,34,2011,0,622,339,5584760.1
56730,16,0,0,58,1993,0,3300,357,5674735.3
33002,61,1,1,10,1995,0,7427,547,3307651.5
3929,61,1,1,87,1993,1,1270,590,398525.3
66744,40,1,0,44,2011,1,8949,851,6681155.1
92759,25,0,1,83,2020,0,7449,386,9279850.0
4117,95,1,1,74,1990,1,7965,695,424791.0
65476,3,0,1,62,1990,1,1740,537,6554554.0
50404,92,0,0,15,1991,0,8257,999,5042499.1
85421,62,0,0,23,2006,0,1226,206,8543272.6
54226,21,0,0,36,1999,0,6779,438,5426007.9
56287,87,0,1,91,2000,0,7958,160,5637555.0
84340,37,1,0,28,2007,1,7776,309,8437869.7
57577,17,0,0,24,2013,0,789,451,5759307.3
27451,80,0,1,20,2015,0,934,354,2747145.5
79814,41,0,0,98,2004,1,6907,871,7987492.4
53894,15,1,0,58,2019,1,2037,275,5396620.9
36095,34,1,1,32,1995,1,9812,375,3617203.5
93290,54,1,1,60,2001,1,3029,613,9335722.1
16478,5,1,0,64,2009,0,8696,396,1651205.9
68482,51,1,0,35,2021,0,3562,603,6853208.1
23614,53,1,0,90,2020,1,1199,671,2368476.0
73692,80,1,0,20,1992,1,5200,520,7375143.2
46227,32,1,1,36,1993,0,648,886,4632832.3
57454,35,0,0,90,1998,0,1554,576,5753949.8
18929,79,1,0,76,2009,1,8750,682,1899066.9
20572,37,1,0,13,2004,0,5688,259,2059597.4
18012,30,0,0,46,1991,1,5994,217,1804873.1
59361,29,0,0,76,2010,0,5418,827,5942427.0
85444,35,0,1,97,2002,1,366,901,8553656.2
64265,50,1,0,44,1998,1,8217,450,6430203.8
1986,44,1,0,79,2020,1,8776,213,207433.0
16999,65,0,0,1,1996,0,8988,183,1700539.6
68912,26,1,1,33,1990,0,6392,342,6902784.0
59986,57,1,0,17,2008,0,3483,149,6004309.8
45426,64,0,0,9,1994,1,3929,500,4543837.4
28347,40,0,0,81,2011,0,8801,287,2843096.1
15124,68,0,0,56,2012,0,3556,177,1514981.2
72495,90,0,1,55,1990,1,5340,361,7255630.0
39097,32,0,1,18,2011,0,5244,932,3915258.1
45958,17,0,1,7,2002,0,4200,158,4597561.2
11898,67,0,0,10,2000,0,868,404,1191000.0
54901,65,0,1,71,1994,0,3885,380,5499856.4
18198,25,0,1,66,2009,0,4239,782,1828162.9
98149,91,0,1,24,2008,1,4751,549,9820073.8
94491,76,1,1,37,1998,0,1364,823,9456801.8
63261,94,0,0,6,1995,1,537,742,6327015.5
77990,97,1,0,93,2017,1,9478,445,7809156.7
4827,90,0,1,11,1993,0,4233,541,486479.3
50472,71,1,1,39,2021,0,1789,619,5055489.1
51798,99,0,0,56,2014,1,5422,653,5185741.4
29431,69,1,1,30,2017,0,6501,946,2950835.7
52915,63,1,0,97,1996,0,544,480,5302289.6
47831,78,0,0,99,2012,1,7449,457,4792760.2
24511,39,0,0,42,2015,1,4237,185,2454663.5
33612,29,0,0,22,1995,1,5058,182,3364167.5
52223,81,1,0,93,1993,1,9211,763,5232399.3
98796,32,0,0,68,1997,1,3347,835,9885975.7
2770,36,1,1,86,2017,1,6653,114,285402.7
58108,25,0,1,79,2018,1,8054,793,5822178.8
1933,57,0,0,18,2011,1,9381,382,194307.1
78046,5,0,0,62,2005,1,4371,478,7810522.5
81425,17,1,0,99,1992,1,9406,114,8154947.2
74709,32,1,0,61,1993,1,1506,691,7476997.3
58527,27,0,1,76,1993,0,1909,170,5858721.3
90505,36,0,1,4,2001,1,3245,759,9055749.1
32842,93,1,0,30,2002,0,6137,371,3291228.2
49531,5,0,0,32,1995,0,8062,161,4955365.5
97472,83,1,1,54,2014,1,8163,939,9756768.4
41117,93,1,1,58,2004,0,1049,214,4123695.4
32850,49,1,1,91,2012,0,5633,624,3296112.2
25762,91,0,0,33,2021,1,7653,507,2580119.1
69179,60,0,1,9,1993,0,4155,580,6921389.3
1333,53,0,1,62,2016,1,4196,210,139934.6
91107,30,0,0,57,1998,0,8372,991,9113493.8
96843,25,1,0,66,2011,0,7338,202,9688919.1
24378,27,0,1,45,2006,0,2159,118,2441961.6
8988,51,1,0,75,2016,1,8758,574,905757.6
1549,65,0,1,89,1999,1,6845,220,165820.9
79081,20,0,1,88,1993,1,7804,880,7918094.3
54077,1,0,0,98,2002,0,46,521,5410654.2
7249,79,0,1,56,1998,0,9291,273,732666.8
99095,77,0,1,49,2006,0,6432,960,9915571.6
11292,68,0,0,82,1998,1,924,753,1132623.8
36436,85,0,1,63,1995,1,4258,575,3650349.5
35727,78,1,0,14,2015,0,1124,306,3578110.5
82736,15,0,0,81,2007,0,2570,460,8276711.7
50024,73,1,0,80,2004,0,9924,214,5010562.4
38535,52,0,0,6,2009,1,1039,925,3854588.9
20820,50,0,0,70,2014,0,545,767,2088001.4
20614,15,1,1,87,2019,1,9037,359,2070677.9
4776,91,1,0,92,2012,1,7864,404,486403.2
44487,98,0,1,60,1999,0,1393,617,4453518.9
5528,47,1,0,96,2011,0,5688,476,564350.1
84165,62,1,0,24,2010,1,4100,992,8420418.0
86326,18,0,0,55,2021,1,5279,412,8635482.1
37868,21,0,1,80,1994,1,9901,796,3793089.4
62328,54,1,0,72,2020,0,3805,592,6238922.0
76184,58,0,1,17,2010,1,7975,647,7623937.0
96352,25,1,1,31,2019,0,9789,636,9643641.9
831,46,0,0,86,2015,0,5943,723,91333.5
59764,78,0,1,39,2020,1,7781,869,5981705.0
33976,71,1,0,44,2005,0,6644,152,3405161.5
71627,52,0,0,91,2009,1,4683,967,7172359.9
53500,26,0,0,16,2018,1,7448,362,5350627.8
32085,94,0,0,94,2009,0,1297,593,3216632.9
48144,72,0,1,46,1995,0,1081,802,4820543.5
32939,18,0,1,70,2013,0,5777,774,3300978.3
74743,10,0,0,21,2013,1,896,774,7476064.3
44436,20,0,0,9,1992,0,5551,465,4444815.2
21834,73,0,1,10,2007,0,3222,981,2189064.7
71104,57,0,0,93,2008,1,3571,854,7112359.8
36654,43,0,1,31,1992,1,1167,562,3673319.2
40195,56,0,1,35,2000,0,1098,833,4024544.0
57072,13,1,1,37,2017,1,8424,815,5716738.7
4750,51,0,1,3,2002,1,2669,552,478917.2
43712,6,0,0,11,1996,1,5068,303,4372014.6
73733,43,1,0,23,2005,0,8747,809,7377738.5
46731,76,0,1,92,1997,0,2118,757,4683103.7
46864,3,1,0,4,2002,1,4315,704,4690234.2
6881,69,1,1,15,1996,0,379,407,693986.6
88838,41,0,0,94,1993,0,3040,499,8892157.3
90350,80,0,1,82,2015,1,3023,844,9041614.5
88408,37,0,0,79,2004,0,6195,400,8842527.4
37017,26,0,1,75,2000,0,2197,655,3709665.0
40035,37,1,1,41,2021,1,9391,532,4010245.1
49740,99,1,1,75,2020,0,4019,311,4987445.0
50296,62,1,1,59,1993,0,6698,283,5038241.3
47237,31,1,0,96,2003,1,3035,974,4736122.3
53536,62,0,0,42,2018,1,3985,693,5356837.8
68348,75,0,1,62,1995,1,2304,704,6841098.5
3790,7,0,1,55,2021,0,319,864,383898.1
31906,15,0,1,73,2000,0,6121,463,3194626.0
51672,89,0,1,76,1992,1,6292,591,5176324.2
31990,100,0,1,73,2018,0,2491,974,3204947.8
12099,53,0,0,67,2011,0,1856,954,1216298.1
29366,22,0,0,63,2017,0,6351,709,2941676.7
429,83,0,1,18,1996,1,3648,990,49802.6
65413,96,0,1,15,2014,0,2437,569,6545051.4
83090,56,1,0,94,1994,1,9920,469,8315777.4
16218,66,1,1,70,2015,1,6691,220,1630148.5
64943,100,0,0,8,2000,0,6076,942,6495254.0
1947,6,0,0,43,2013,1,8878,385,198209.3
4009,37,1,0,74,2005,0,2551,847,406778.5
41404,2,0,0,69,2020,0,7226,814,4147112.0
34469,70,0,1,26,2007,1,1828,677,3450552.7
16254,27,1,0,36,2020,0,2964,763,1630892.0
63941,22,0,0,12,1994,1,9722,340,6396123.4
65582,39,0,1,98,2003,0,2051,613,6563957.3
49407,4,0,0,68,2008,0,6894,805,4947076.8
17847,99,1,0,93,2011,0,2023,929,1796189.1
73769,84,1,0,27,1994,1,8290,243,7385023.4
40912,4,1,1,45,1992,0,7528,602,4100574.2
30632,43,0,1,81,1999,1,7695,721,3071259.9
92329,97,0,1,97,2004,0,6386,950,9242250.4
94457,63,1,1,29,2007,0,3310,520,9453238.7
45739,67,1,0,52,2005,0,5377,225,4576141.5
31774,3,1,0,47,1998,1,251,986,3180672.8
272,79,0,1,8,2011,1,2951,866,30703.1
92618,66,1,1,88,2020,0,6347,668,9267692.0
97566,74,1,0,41,2004,0,4550,106,9765060.4
74348,61,0,1,85,2008,0,5707,950,7438478.8
34035,90,0,0,91,2001,0,8830,950,3407854.1
25078,90,0,1,81,1998,0,3290,151,2514434.8
80023,30,1,0,48,2011,1,2021,932,8011758.1
4141,55,1,1,19,2021,1,4806,999,421086.1
87245,63,0,0,17,2021,0,713,560,8726378.1
15981,9,0,0,91,2004,1,8694,565,1600688.4
66944,3,1,0,16,2007,0,7887,480,6698622.7
71437,100,1,0,68,2001,0,7016,857,7150458.1
33742,65,1,0,98,1993,0,5601,699,3385270.3
37677,5,1,1,32,2002,0,5108,102,3776536.2
3760,92,0,1,60,1995,1,6117,463,382598.5
1668,74,0,0,20,1994,0,8337,944,168399.4
74500,68,0,0,54,2017,0,9321,192,7452595.7
88272,79,1,0,76,2007,1,5554,619,8835369.7
42230,5,0,1,16,2019,0,9505,466,4228536.9
21346,36,1,1,36,2016,1,7454,559,2144809.6
62388,33,1,0,21,2002,1,2298,601,6244189.2
9196,17,0,1,11,2010,1,5450,661,926114.0
3939,40,1,1,70,2021,1,724,711,404238.1
5132,54,1,1,42,2018,0,3199,215,520566.8
52820,58,1,1,8,2005,0,1293,581,5289930.5
56694,26,0,0,46,1992,1,9061,376,5674217.2
21648,13,1,1,99,1991,0,4049,176,2177627.1
11513,88,1,1,88,2018,0,6944,531,1160638.8
86850,86,0,0,11,2013,0,3299,163,8685896.3
84311,87,1,1,96,1992,1,8730,779,8444031.2
70139,57,1,1,78,1991,1,9024,247,7021733.1
38691,59,1,1,54,2019,1,4480,342,3877340.9
4769,15,1,1,90,2004,0,6732,307,488123.4
4456,65,1,0,79,2015,1,9586,745,451747.5
66727,25,0,1,24,2017,0,8190,239,6675463.7
21856,5,1,1,22,2003,1,2477,298,2190424.3
73542,93,0,1,38,2001,0,3417,158,7361356.1
13423,62,0,0,32,2007,1,5986,470,1344222.7
91361,89,0,0,90,1994,1,8906,548,9138709.4
8583,64,1,0,92,2015,0,5844,421,868189.5
67671,96,0,0,23,1998,1,2969,359,6769786.8
74235,80,0,0,19,1994,1,7524,320,7424923.4
37531,25,1,0,10,2016,1,5552,568,3757051.6
66610,8,0,0,18,2000,0,4538,127,6662840.0
88869,11,0,0,84,2011,0,2889,482,8893331.1
56102,64,1,0,93,2004,0,8973,236,5620090.4
98114,73,1,0,52,2019,1,734,365,9817419.9
82310,95,1,1,55,2005,0,8556,793,8240688.5
6601,52,1,1,81,2016,1,2785,384,674121.6
39130,3,0,1,52,2004,1,3279,383,3921493.4
26848,77,1,1,21,2012,0,4748,729,2689927.2
77975,28,1,1,22,1999,0,1438,252,7801482.9
78739,4,1,0,87,2007,1,6589,614,7883763.7
59704,32,0,0,84,2009,1,9312,248,5974678.9
1634,10,0,1,1,1994,1,3569,526,166341.4
83954,71,0,0,60,1990,0,7983,557,8396809.0
6381,56,0,0,78,2013,1,3859,933,639687.3
16817,53,0,1,100,1998,0,9966,812,1694147.8
88402,75,0,1,75,1997,1,262,825,8848110.7
54789,5,1,0,12,2007,1,3145,583,5484239.7
12020,56,1,1,47,1991,1,5153,141,1212214.1
16602,31,0,0,62,2002,1,1529,624,1664806.2
81800,16,0,1,78,2011,1,4694,456,8188934.1
211,10,0,0,46,2009,1,3367,436,24058.9
21106,58,1,1,86,2006,1,2357,607,2117995.6
53833,77,0,1,73,1991,0,4671,209,5388850.1
96246,62,1,0,37,2009,0,3918,893,9631618.9
62199,61,0,0,37,2011,0,1668,156,6222956.1
67216,72,1,0,60,2016,0,1579,937,6729066.6
82395,4,1,1,22,2017,1,561,474,8246501.7
89880,93,1,1,57,1992,1,1266,880,8998164.2
42686,61,0,0,45,1995,0,4775,654,4271554.5
68043,34,0,1,66,2012,0,705,672,6814850.2
88821,1,0,0,44,2016,0,3418,997,8886403.6
74641,91,0,0,16,2020,1,2163,378,7465378.0
32121,41,1,1,17,2013,1,3308,750,3220114.3
43665,51,0,1,43,2004,0,9936,293,4375632.4
22849,54,0,0,17,2014,1,4439,174,2286370.4
51021,1,0,0,68,2011,0,9252,251,5108595.1
25316,99,1,0,17,1999,0,5367,541,2535882.9
77346,34,0,1,43,2010,1,5367,138,7738601.0
18346,7,0,1,43,1998,1,1311,477,1839603.8
72368,74,1,0,91,2002,0,9310,331,7245229.2
18014,85,1,1,67,2015,0,9508,872,1810349.5
56391,99,1,0,9,1992,0,349,151,5641537.2
30007,48,1,1,36,1993,1,8831,485,3008473.3
70179,50,0,1,96,2021,0,187,981,7027779.1
4813,2,1,1,67,2002,0,2360,317,495134.2
80331,49,0,0,56,1995,0,5982,911,8037047.5
68153,45,1,1,22,2013,0,2387,493,6822830.3
90954,57,1,1,68,1990,0,2413,337,9102269.0
24168,18,0,0,92,2017,1,736,504,2420503.7
10781,21,1,0,31,2020,1,1309,398,1085988.0
70810,37,1,0,23,2011,0,2970,504,7086297.1
92505,51,1,1,50,1997,0,0,268,9259024.7
4768,93,0,1,66,2016,0,5704,942,483681.6
23668,11,0,1,23,2016,0,9512,199,2372045.6
27093,14,1,1,34,1996,0,640,515,2718663.6
11519,71,0,0,82,2006,1,5222,808,1160066.6
90122,35,0,1,89,1994,0,7094,265,9017994.4
85198,59,0,0,4,1997,0,6092,361,8520917.7
75571,63,1,0,47,2009,0,436,838,7562964.9
61478,48,1,0,6,1998,1,1521,687,6151688.8
64180,36,1,1,100,2002,1,1986,321,6425560.2
71527,3,1,1,24,2008,1,7643,129,7159280.8
77855,59,1,1,100,2018,0,2800,872,7797856.8
54169,76,1,1,28,2007,0,2709,612,5424360.7
74689,44,1,1,33,2006,0,3511,866,7476071.6
12426,53,1,0,17,1998,1,7351,651,1246872.8
59509,6,1,0,38,1994,1,6358,742,5956829.4
5340,86,0,0,44,2011,0,2155,419,538173.1
10082,3,1,0,46,2008,1,7953,337,1016018.8
35763,54,1,0,70,1993,0,6153,889,3578936.3
81375,67,1,0,90,2013,0,5634,380,8144015.3
74875,7,0,0,93,2009,0,4078,505,7493537.9
14623,98,1,1,8,2005,0,793,328,1468584.5
46282,17,1,1,1,2009,1,3137,821,4635687.9
11124,67,1,1,75,2015,0,1342,621,1125532.5
20634,23,0,0,41,1992,1,4040,725,2066809.2
73473,60,1,0,49,2020,1,2027,832,7354795.0
9130,37,1,1,42,2002,0,4439,731,921139.2
10342,83,1,1,39,2006,0,4790,362,1043513.6
30291,10,0,0,24,1997,1,9572,374,3030131.7
52756,76,1,1,54,1998,0,4010,260,5290006.8
56155,23,0,0,16,1992,0,7770,226,5617383.2
45587,15,1,0,41,2010,0,8068,280,4563744.0
21070,90,0,1,5,2019,1,2957,520,2112717.9
18603,8,1,1,5,2017,0,4908,724,1871116.7
85134,29,0,0,1,2001,0,7739,117,8514100.1
74689,60,1,1,90,2008,0,7815,570,7484096.8
28825,74,1,0,72,2009,1,4966,474,2887905.9
4680,6,1,0,47,2020,1,9437,972,472741.0
35706,65,1,0,27,2013,0,9260,136,3574742.3
24321,59,1,0,51,2013,1,8292,594,2440786.3
36321,97,1,0,73,2003,1,2311,283,3638628.3
85415,55,1,0,80,2018,1,7181,804,8550149.8
8731,90,1,1,24,2015,1,8290,777,880713.5
80634,46,0,0,34,1991,0,7901,411,8065315.1
30631,13,0,1,60,2010,0,2550,988,3070674.0
56065,35,1,0,52,2018,0,3396,500,5614119.8
49574,45,0,0,97,2007,1,7358,840,4967356.7
75408,30,0,0,37,1994,1,5696,634,7545062.4
735,66,1,1,64,2015,0,9301,950,84567.5
925,94,1,0,88,1998,1,1014,581,104727.8
22714,2,0,1,68,2000,1,516,431,2278508.0
99053,20,1,1,41,2013,1,181,223,9914114.3
65914,5,1,1,11,2019,1,3729,938,6599320.9
76613,71,1,0,37,2020,0,4352,165,7665959.0
1862,48,0,0,90,2000,1,4361,355,193540.0
27600,13,0,1,79,2010,0,4460,654,2764902.0
71241,42,0,1,83,1991,0,341,616,7135011.1
67247,59,0,1,94,1993,1,9079,528,6733795.3
79073,21,0,1,17,1992,0,4342,102,7913819.2
9208,58,0,0,37,2004,0,6788,332,922791.4
51875,4,1,0,14,2004,0,8764,427,5193634.4
92445,92,1,0,43,2017,0,283,989,9249510.7
13470,35,0,1,17,1995,0,8166,507,1350039.5
29722,96,0,1,22,1991,0,4156,642,2977107.1
18104,76,0,0,69,2019,1,2244,114,1816871.9
98701,69,1,1,81,1992,0,8524,202,9879541.2
30239,27,1,1,5,2016,1,9134,102,3029749.6
77857,14,0,0,20,2002,1,1608,627,7788400.2
22737,17,1,0,5,2006,1,5008,582,2278169.6
24896,93,0,1,11,2019,1,4997,973,2494839.9
98793,70,0,1,25,1994,1,557,881,9885562.4
14224,76,1,1,19,2021,1,7511,984,1427508.1
65001,18,1,0,37,2013,0,4731,792,6504375.3
84479,4,0,1,51,2010,1,9349,810,8454598.0
49415,61,0,0,43,1999,0,9354,891,4943067.9
75177,82,0,0,30,1995,0,6430,118,7519419.5
95630,42,1,1,90,2001,0,5966,395,9572960.1
40911,43,1,1,2,2012,0,3691,109,4100225.2
71151,17,0,0,36,1994,0,3970,452,7117551.4
48392,44,0,1,6,1992,1,7266,129,4841545.2
76649,77,0,0,76,2013,0,4138,345,7667431.3
5390,52,1,1,54,2020,0,8171,525,547066.0
44938,58,1,1,100,2007,1,4004,871,4510650.7
50595,75,0,0,94,1996,1,8596,596,5067161.6
43776,14,0,1,78,2007,0,4648,222,4387370.7
70110,98,1,0,43,2010,0,3309,504,7015646.0
40760,79,0,0,69,2001,0,5172,281,4080383.1
39524,5,0,0,2,2005,0,3946,500,3953344.5
6597,10,1,0,83,2014,0,3945,468,670292.4
19674,84,1,1,32,2021,1,4630,409,1978538.1
57415,41,1,1,80,2012,0,8245,704,5752675.2
2143,62,0,0,59,2018,0,129,838,220656.8
37302,91,0,1,29,1994,1,9278,635,3734886.4
64964,53,0,0,28,2012,1,3296,216,6498171.2
67691,28,0,0,52,2015,1,4193,735,6772663.5
727,18,1,0,52,2004,1,6906,714,77725.4
70068,31,1,1,100,2004,1,7170,658,7015755.4
61771,94,0,0,53,2006,1,5293,790,6181734.6
62878,95,0,0,41,2008,0,7662,111,6289361.8
64505,89,0,0,92,2008,1,970,113,6459212.8
95116,62,1,1,46,2017,1,4422,579,9518909.7
39418,53,0,1,83,1990,1,9168,461,3950046.0
47022,14,1,1,35,2016,1,2951,942,4709643.6
36778,61,1,1,100,2012,1,9845,867,3692148.2
95702,29,1,0,47,2013,1,9333,896,9577615.3
86793,38,1,0,19,1994,0,452,334,8682439.4
12584,20,1,1,14,1992,0,7808,519,1266802.2
54520,29,0,0,66,2007,0,7599,925,5457270.7
4099,40,1,0,47,2003,1,2662,975,415756.3
75948,55,0,1,71,1996,1,2272,768,7601880.6
89305,48,1,0,40,1991,0,1474,911,8938801.1
26506,95,0,1,69,2015,0,9373,509,2660579.5
6921,53,0,0,21,2019,0,5355,732,693484.9
8346,6,0,1,51,2010,0,7224,757,839157.0
90050,66,0,0,49,2014,1,6477,572,9007562.4
33341,35,0,1,95,2003,0,2417,719,3342152.3
17467,30,1,0,25,2001,0,2930,720,1751070.1
67672,30,1,0,25,2005,1,8480,506,6773654.5
46771,18,0,0,95,2001,1,2692,822,4687350.1
33700,69,0,1,30,1995,1,439,649,3377757.5
95076,10,1,1,44,1999,1,9160,468,9513379.9
68535,72,0,1,34,1991,0,9945,494,6857533.1
87567,2,1,0,38,1990,0,1840,297,8763657.0
47807,31,1,0,67,1992,1,9232,269,4790133.2
24942,7,1,0,54,2003,1,120,851,2502371.3
19702,27,1,0,37,2000,0,6604,784,1974353.0
7001,85,0,1,70,2010,1,1177,958,709874.0
26872,88,1,0,24,2001,1,511,718,2692017.1
24081,54,1,1,62,2003,0,2176,151,2418822.3
40992,23,1,1,35,1998,0,2426,736,4107719.8
48102,15,1,0,80,2009,1,7121,775,4815224.9
90219,48,1,0,3,1998,0,8050,764,9024572.8
58935,21,1,1,63,2018,1,1935,695,5902606.8
99277,35,1,1,82,1990,0,8267,577,9935775.0
90528,50,0,1,64,1994,1,721,689,9063314.4
61867,58,1,0,9,2006,0,5775,378,6190959.6
61877,97,0,1,21,2011,0,4510,906,6194435.1
62187,58,0,0,53,1994,1,8759,118,6220397.4
82176,61,1,1,62,2019,0,4954,308,8225804.9
36528,9,0,1,68,2011,1,6944,382,3664294.1
61942,5,0,1,90,1998,0,262,670,6201486.8
97430,86,0,0,17,1999,1,8013,432,9745071.9
60226,79,1,1,80,2016,0,2349,285,6035968.6
20346,93,0,0,57,1996,1,9419,695,2039146.6
65982,64,1,1,56,2012,0,5085,796,6607360.2
31886,81,1,0,68,2001,0,4397,957,3192104.1
98348,93,0,0,50,2001,0,8762,876,9838800.1
80722,21,0,0,25,2019,0,5746,858,8075401.9
15588,76,0,1,86,2015,0,9581,273,1563887.5
41797,63,0,0,41,2007,1,6781,624,4182295.7
26599,50,0,1,96,2015,1,4420,699,2665969.5
32874,24,0,0,57,2011,1,3001,771,3290324.1
86619,23,1,1,2,2018,1,2160,877,8670749.8
22205,71,1,1,64,1999,0,4825,634,2225365.9
58657,94,0,0,29,2003,1,1608,556,5867038.3
23552,18,0,1,59,2002,0,6849,806,2363314.2
93202,11,1,0,8,2009,0,6420,909,9325154.9
48478,59,0,0,89,2013,0,7447,789,4852762.3
27969,73,1,1,23,1994,1,5580,686,2809123.4
17015,82,0,0,45,2016,1,9009,801,1702646.6
25066,8,1,0,85,1993,1,211,649,2516535.3
31651,14,0,0,12,1992,1,5931,337,3166991.2
62001,13,0,0,74,1992,0,1318,340,6204127.2
71532,54,1,0,56,2000,1,7907,747,7159102.0
45285,12,1,1,41,2008,0,7229,724,4537104.8
59099,62,0,1,89,2006,0,6380,550,5917182.6
73048,22,1,1,75,2009,1,8818,159,7316030.9
2501,79,0,1,28,2018,1,6275,866,255027.8
11620,60,1,0,67,2002,0,6584,206,1169300.2
55228,45,0,1,85,1992,1,5214,330,5533494.2
83411,4,0,1,29,1993,0,7923,817,8346545.3
44721,100,0,0,81,2013,1,5411,400,4475605.3
16360,9,0,1,80,1994,1,3676,924,1641010.4
17306,60,1,1,98,1994,0,1390,302,1741614.4
49820,15,0,1,38,1996,0,5914,575,4987130.6
92241,40,1,1,63,2009,1,9740,581,9234830.9
64318,1,1,1,83,2002,1,3395,800,6446168.2
62785,11,1,0,40,1991,1,9060,636,6281861.1
71517,54,0,1,89,2009,0,2530,325,7160579.9
48401,39,0,1,49,2000,0,8188,447,4846713.0
40839,78,1,1,31,1990,0,7433,580,4092414.0
44219,15,1,1,82,1991,0,9721,388,4436813.1
61455,61,1,0,69,1990,0,7386,678,6150227.0
31862,2,1,0,89,1990,0,17,509,3198138.0
34137,50,1,0,64,2017,1,8569,520,3425405.7
85661,8,1,0,22,2013,0,679,343,8570393.3
60988,68,0,1,59,2010,0,3340,342,6106833.0
31308,56,0,1,73,1991,0,4485,223,3138606.1
91419,55,1,0,1,2012,1,3394,115,9147142.2
46317,95,0,1,73,2015,1,6303,863,4638805.5
20810,97,0,0,59,2014,1,9359,293,2087901.4
72269,72,1,1,83,2018,0,4428,924,7237251.8
38856,67,0,1,71,2008,0,7440,394,3890014.8
51212,83,0,1,81,1997,1,783,932,5129933.7
31246,13,0,0,77,1998,0,274,234,3127463.8
75354,2,0,1,61,2019,1,6062,495,7546076.9
69352,30,1,1,63,2006,0,8550,243,6945828.6
36673,31,1,0,3,1993,1,1511,906,3673398.3
83421,32,1,1,9,1995,0,922,382,8348850.5
75593,62,1,1,88,2013,0,2776,546,7567839.3
60653,8,1,0,78,2008,0,4557,597,6076327.8
17699,64,0,1,5,1993,0,7008,920,1775017.3
11587,41,1,1,65,1991,1,3810,686,1166616.1
23262,71,0,0,64,2018,0,8475,640,2328515.8
60022,52,1,0,77,2001,0,3521,170,6013402.1
60759,17,0,0,51,2006,0,5665,885,6079351.6
10798,27,1,0,59,1993,0,5879,850,1086266.3
13163,46,1,1,41,2004,1,6932,461,1327820.4
99750,4,1,1,1,2011,0,5609,786,9982515.1
78980,10,1,0,26,2008,1,5737,482,7903451.8
71251,22,1,1,40,2005,1,4858,668,7132789.5
60656,82,1,1,76,2014,1,5507,205,6074331.4
18854,40,1,1,30,2006,1,3927,193,1896031.6
20282,18,0,0,43,2001,1,5275,256,2029680.1
87580,59,0,1,30,1994,1,9794,594,8763378.4
76238,6,0,1,3,2021,0,3021,497,7625604.1
82707,79,1,1,25,2011,0,140,329,8278043.1
78114,81,0,1,73,1999,0,31,861,7818981.9
85405,63,1,1,94,2005,1,5073,443,8555783.5
92885,73,0,1,79,2013,1,1880,580,9293817.3
74947,40,1,1,17,1994,1,4647,874,7500281.4
81609,100,0,1,54,1995,0,5989,991,8167029.5
82641,31,0,0,84,2011,0,2756,200,8272783.1
16411,46,1,1,49,2000,1,5097,929,1652454.0
73237,15,1,0,12,2003,0,808,143,7326285.3
55821,55,0,0,20,2018,1,4338,900,5583521.8
38171,51,1,1,83,1992,1,7410,352,3826368.2
86433,56,0,0,5,2015,1,8138,166,8644331.5
21136,17,1,0,97,2013,0,2601,252,2124234.3
48162,83,0,1,3,1995,1,6171,185,4822052.5
22238,82,1,0,4,1996,1,8307,667,2227703.6
66813,65,1,0,38,1993,1,7714,600,6689557.3
79256,48,0,0,70,1993,1,5784,408,7931579.3
45383,78,1,1,34,1999,1,9672,896,4542972.9
33974,38,0,1,23,1996,1,7748,632,3403907.6
2017,80,1,0,78,2016,1,6984,340,210585.6
8318,24,0,0,4,2021,1,1225,893,832684.1
78791,82,1,0,53,2020,0,3674,501,7886106.0
95878,2,0,0,35,2018,1,3236,720,9591246.8
79499,39,1,1,79,2013,0,5217,198,7955951.3
71601,42,0,1,65,1990,1,4600,239,7164956.0
31995,54,1,0,1,1998,1,1527,497,3203127.8
5475,37,0,0,51,1998,1,1553,361,551668.8
91703,28,0,0,34,2008,0,7830,630,9173404.8
9881,87,1,1,34,2003,0,5379,258,996563.3
49904,72,0,1,78,2011,0,8497,944,4995940.1
61529,28,0,0,8,2010,1,815,253,6154223.0
17052,58,0,0,29,2013,0,2371,768,1706550.3
79361,12,1,1,19,2009,0,713,507,7946598.9
30633,34,0,1,98,2004,1,1395,270,3071938.4
14535,100,0,0,60,1997,1,5347,255,1455259.7
64918,91,0,1,10,2011,1,7062,878,6494744.1
52424,100,0,1,45,1999,1,9561,341,5252384.9
1144,29,0,0,37,2018,1,9977,569,118555.8
76654,71,0,0,19,1992,0,7320,232,7667673.2
70474,12,0,0,15,2007,0,5368,512,7048195.7
33369,70,0,0,1,2017,1,5485,475,3337636.7
79065,8,0,1,40,2008,0,7266,171,7912800.8
16599,97,0,0,54,2019,1,3854,984,1665461.9
64654,32,0,0,22,2001,0,8748,354,6467876.1
33177,16,1,1,44,2017,1,8957,981,3326989.7
63711,42,0,0,7,1997,0,7322,260,6372039.7
98857,4,1,1,72,2015,0,7778,404,9898892.5
56134,49,0,1,49,1999,1,6815,761,5619428.9
76021,95,0,0,60,2010,0,1192,163,7603621.0
31258,7,0,0,27,1991,1,2792,224,3127112.1
30442,48,0,0,60,2008,0,5953,627,3049370.8
33207,66,1,1,54,2000,1,4917,338,3334198.0
2138,60,0,1,51,2018,1,2916,653,217519.8
22593,20,0,1,28,2007,1,7213,513,2262197.7
64253,94,1,0,31,2006,0,8832,405,6431182.6
54936,39,1,0,87,2001,1,3541,906,5505207.1
1430,13,0,0,92,1998,0,2848,317,148835.8
79934,57,1,0,97,1996,1,7637,457,8002735.6
52618,19,1,0,56,1998,0,6887,488,5270796.8
39626,79,1,1,95,2016,1,7338,557,3972452.6
82252,65,0,1,63,2020,1,5944,441,8233956.0
30373,42,1,0,41,2011,1,3669,894,3044199.1
50576,44,0,1,11,2018,1,3881,129,5059529.8
88955,73,1,0,3,1992,0,5602,141,8898280.2
42933,15,1,1,7,2003,0,3426,587,4302362.3
34176,97,0,1,17,1999,0,3018,967,3421425.9
47097,78,1,0,46,2011,0,2159,893,4716535.1
10641,15,0,0,56,2021,1,5823,585,1069818.1
30888,52,0,1,84,1996,0,5823,761,3095632.6
77165,76,0,0,43,2018,0,6837,569,7719488.8
23061,28,0,1,40,2019,0,5783,104,2312106.9
10197,54,1,0,16,2010,0,661,896,1025552.0
35259,69,0,0,45,2013,1,8378,877,3527026.3
7155,93,0,1,56,1990,0,9507,142,724105.0
9552,29,0,0,4,2011,1,9676,205,956627.1
6061,21,1,1,22,1997,0,2559,392,613117.7
9664,77,0,0,94,2012,1,2551,475,968805.2
34070,43,0,1,75,2014,1,1439,893,3416611.4
61445,70,1,0,98,1990,0,7403,528,6157121.0
43188,8,0,0,64,2016,0,1702,712,4320637.6
98846,61,0,1,96,2013,0,4958,612,9892058.3
92292,55,1,1,61,1992,0,3475,174,9238491.2
64926,67,1,1,57,2009,0,9418,238,6504452.9
25373,73,1,0,32,2008,0,6935,347,2541919.8
72859,97,0,0,52,2001,1,8563,835,7289714.1
34487,36,1,0,21,1998,0,2278,860,3452462.8
29752,86,0,1,25,1990,1,3953,107,2982668.0
57203,49,0,0,18,1993,0,7727,297,5722619.3
89873,84,1,0,87,2021,1,9122,834,8997133.1
33601,15,1,0,70,2013,1,5469,705,3367765.3
180,63,0,0,71,2020,1,8598,268,19638.0
27571,98,0,1,77,1998,1,5770,565,2767842.8
18757,75,0,0,80,2018,1,6397,532,1880601.8
60734,48,0,0,43,2014,0,149,847,6075765.4
50327,82,0,1,8,2015,0,334,981,5036872.5
61049,96,0,1,51,1996,0,6308,829,6113701.6
92594,8,0,1,27,2016,1,5612,124,9265539.6
85772,6,0,0,33,2001,1,9717,350,8579037.1
77461,73,1,0,85,1996,1,2672,109,7756205.6
91560,35,1,0,34,2015,0,3411,934,9162963.5
14536,79,0,1,88,1996,0,9168,566,1464600.6
75504,19,1,0,62,2020,0,3815,968,7558113.0
24025,1,0,0,71,1993,1,6503,585,2406060.3
13760,10,1,0,32,2021,1,8898,955,1382162.1
77009,38,1,1,71,2002,1,4118,499,7706407.2
91287,45,1,1,39,2020,0,2840,300,9138828.0
47722,24,0,0,40,2018,0,7499,686,4774661.8
41250,28,0,0,71,2019,0,6529,463,4126032.9
44638,18,0,1,8,1992,0,6730,865,4466312.2
76640,59,0,0,61,2006,1,3488,672,7669425.6
85104,96,0,1,78,2005,1,173,456,8516196.5
35647,72,0,0,62,2018,0,7981,875,3567681.8
36219,37,1,1,88,2003,1,5923,408,3634081.3
80329,47,0,1,74,2000,1,5652,225,8040769.0
80958,42,1,0,36,1998,1,2017,564,8098151.8
47995,56,0,0,13,1991,1,411,163,4801423.1
45690,93,1,0,69,1992,0,1332,108,4578301.2
22802,89,0,0,47,2021,0,5319,222,2282203.1
63272,72,1,1,98,2002,0,8593,975,6333289.2
62137,80,1,0,91,2003,1,5487,384,6220991.3
465,54,1,0,71,1999,1,3053,786,52762.9
58529,29,0,1,80,2002,1,5836,128,5859182.2
93440,60,1,0,1,1999,1,9361,244,9347335.9
80489,24,0,1,82,2002,1,3805,867,8056228.2
29543,27,0,1,92,2005,0,5932,406,2961309.5
1102,45,1,0,40,2011,1,1186,147,115594.1
47649,30,0,0,38,2012,1,8944,671,4766437.2
44129,16,0,0,34,1999,1,3272,700,4416603.9
90874,72,1,1,23,2009,1,4206,162,9094822.9
11027,5,0,0,10,2001,0,3181,198,1103790.1
17618,87,0,0,91,2014,0,701,418,1765108.4
69182,34,1,0,46,2003,0,5301,226,6925021.3
4348,54,0,0,5,2018,0,3421,496,435301.8
19336,9,0,0,70,1996,0,6030,734,1935699.6
82819,12,0,1,86,2005,0,1630,946,8293339.5
27265,100,0,0,20,2018,0,251,676,2727791.8
26061,95,0,0,27,1993,0,4049,848,2608428.3
91482,86,1,0,32,2003,0,8903,649,9153595.3
13853,71,0,0,21,1991,1,9801,356,1387448.1
16055,90,0,0,72,2007,0,3049,204,1608022.7
74175,44,1,0,17,1993,0,9723,440,7421888.3
7658,93,0,0,31,1996,0,1016,402,767255.6
39682,100,0,0,42,1990,0,4152,878,3971367.0
11401,61,0,1,10,1992,0,111,164,1144477.2
8370,43,0,0,52,1990,1,4081,844,842743.0
89671,71,0,0,15,1994,0,9289,583,8967749.4
66391,55,1,0,94,2014,1,4667,740,6650282.4
8139,88,0,1,6,2019,0,9290,598,819245.9
68180,72,0,1,43,2008,0,1587,946,6824641.8
21982,35,1,0,46,1994,0,5107,998,2203909.4
54456,90,0,0,31,1994,1,4412,591,5446902.4
12198,30,0,1,49,1992,1,2306,256,1228783.2
32527,56,0,1,84,2013,1,1233,689,3263461.3
10676,67,0,1,97,1993,1,5735,765,1079940.3
96433,18,1,1,47,2006,1,1448,907,9650853.6
71484,11,0,1,64,1995,0,7799,832,7153673.5
99217,26,0,0,34,2008,1,1642,576,9923434.8
18523,38,1,0,31,2001,0,6243,154,1860031.1
53978,16,0,0,72,2012,1,9118,668,5399675.2
67825,8,0,1,9,2021,0,3764,234,6787554.1
82292,53,1,1,99,1999,0,2025,760,8242155.9
75848,52,1,0,98,2017,0,5063,776,7591705.7
97520,73,0,0,13,1992,0,159,741,9752798.2
59571,61,0,0,30,2016,0,9638,799,5958531.6
35967,25,1,1,60,2012,0,1499,386,3607974.2
50614,86,1,0,39,1990,1,6294,472,5066290.0
6348,12,0,1,68,2002,0,4176,602,640585.2
77454,80,1,0,81,1996,1,8989,710,7755247.6
91290,22,1,0,61,2017,0,3886,667,9136100.7
67226,25,1,0,73,2015,0,3250,826,6733312.5
44966,99,1,1,30,2009,0,3266,551,4509078.9
45455,81,1,0,67,1991,0,5671,708,4550968.1
21671,71,0,0,25,2007,1,7433,987,2168225.7
19325,58,0,0,84,1999,1,8677,991,1937569.9
55326,33,1,1,84,2020,1,6655,297,5543245.0
77197,69,1,0,54,1997,1,7441,992,7728302.7
20195,76,0,1,27,2011,0,6540,718,2026607.1
89075,8,1,1,34,2007,0,7392,717,8916325.7
92412,89,1,1,3,1996,1,3323,258,9247709.6
88598,59,0,0,13,2015,0,7133,761,8860919.5
72399,61,0,0,88,2004,0,9440,981,7241380.4
71236,77,1,0,92,2007,1,2227,680,7129055.7
30463,59,1,0,96,2008,0,6824,146,3058364.8
35863,54,0,1,39,1991,1,8356,983,3591772.1
7486,95,1,0,72,1999,1,1734,413,760180.9
84740,32,0,1,73,1992,0,9012,691,8482053.2
23513,11,0,1,26,2015,1,1411,880,2357581.5
46226,25,1,1,81,2006,1,5465,904,4638847.6
38742,100,1,0,2,1992,1,5224,299,3878002.2
14261,66,1,1,8,2003,0,9224,502,1431647.3
81492,74,0,0,61,1990,0,2038,124,8154513.0
44475,84,0,1,44,1995,1,7786,393,4452792.5
4617,71,0,1,64,1995,0,8439,507,466004.5
93608,21,0,0,35,2000,1,5123,990,9364080.0
98788,27,1,0,25,2014,0,5205,278,9884496.4
17085,57,1,1,94,2008,0,466,846,1724807.8
92837,32,1,0,8,2006,1,9339,110,9289481.6
30136,74,0,1,99,2013,0,5178,485,3018980.3
22663,24,0,1,37,1998,0,6135,462,2271081.8
36477,8,0,0,21,2011,0,8563,753,3649873.1
32294,18,1,1,26,1994,0,6596,783,3237695.4
48367,88,0,0,10,1991,0,9233,713,4837589.1
27495,69,1,0,26,1991,1,4614,557,2756763.1
527,91,1,1,74,2002,0,3855,178,67622.2
58551,60,0,1,64,2020,0,3076,683,5862215.0
7199,74,1,0,87,2019,1,5916,476,724979.9
30204,85,0,0,4,2012,0,2939,358,3021287.2
34210,56,0,1,3,1994,1,7335,932,3425977.4
89872,49,1,1,2,2007,0,6772,424,8994332.7
28600,73,1,1,88,2017,1,385,428,2869556.7
94317,74,0,0,75,2018,1,8296,176,9434101.8
59292,59,0,0,3,1996,0,5662,387,5929920.6
18747,91,1,0,71,2013,1,2543,485,1883573.3
939,72,1,0,60,1997,1,9069,817,98229.7
26090,6,1,0,78,1995,0,206,910,2613900.5
37424,33,1,0,62,2000,1,185,885,3750232.0
31040,15,1,0,9,2003,1,8377,343,3108830.3
41661,26,0,1,58,2008,1,6948,726,4172132.8
9601,67,0,0,83,2016,1,3579,740,963424.6
30736,93,1,0,31,2014,0,9349,294,3078402.4
65870,73,0,0,89,2020,1,6604,765,6594705.0
74907,9,0,1,27,2009,1,6664,515,7494845.9
19812,24,0,0,47,1998,0,4621,341,1983779.8
50707,39,1,0,71,2000,1,2882,832,5081669.0
40282,43,0,0,39,1998,0,8380,558,4029489.8
41739,34,0,1,42,2017,0,4132,704,4180917.7
53243,22,1,1,2,2006,0,3908,429,5330973.6
38633,75,1,1,2,2014,1,9305,905,3868669.4
57886,54,1,1,47,2020,1,7208,289,5798125.0
5177,73,1,0,76,2013,1,575,248,523333.3
38392,75,0,0,41,1999,1,384,307,3840837.9
1405,74,0,1,69,2009,0,2450,225,148540.9
10727,23,0,0,46,1995,1,8648,802,1077355.5
53852,89,0,1,71,1996,0,1538,724,5388256.6
21413,58,1,0,74,1993,0,5437,413,2149706.3
3587,84,1,1,51,1991,1,6271,392,367846.1
73878,12,1,1,70,2013,0,7849,208,7399649.3
14859,84,1,1,75,2020,0,7623,658,1499598.0
65107,49,1,1,28,2001,0,4522,263,6518542.1
16388,82,1,1,53,1998,1,5513,813,1647875.8
41431,19,1,0,18,1996,0,3138,935,4149160.6
8698,5,1,1,83,2000,1,4811,290,880449.0
66442,81,0,1,52,2015,0,8747,884,6650604.5
12968,46,1,0,71,2005,0,7147,343,1303596.5
49274,96,0,0,44,2006,0,1721,201,4932274.6
84612,6,0,1,50,2001,1,5327,424,8466374.1
48736,97,1,1,89,2014,0,167,139,4885719.4
4167,78,0,1,33,2007,1,8886,423,422514.7
62601,99,0,0,53,1990,1,6428,893,6263982.0
68824,39,1,0,73,2010,1,393,449,6892716.0
36842,6,1,0,65,1991,1,1706,925,3689692.1
17585,4,0,1,88,2017,0,8564,324,1762749.7
7139,37,1,1,65,1998,0,6636,313,724579.8
23147,56,0,0,67,2015,0,8482,210,2316843.5
84182,55,1,1,49,2000,0,6507,587,8429665.0
61995,31,1,0,98,2013,0,7239,867,6208532.3
6575,77,0,0,55,2013,0,2209,884,661451.3
2638,100,0,1,44,2012,1,1987,597,271564.2
23987,81,0,0,23,2014,1,8434,809,2399604.4
15769,14,0,0,34,2010,0,2420,423,1579069.0
4276,4,1,1,91,2014,1,4474,740,440518.4
98566,16,1,1,83,1996,1,5370,473,9871617.6
35745,19,1,0,70,1996,0,1198,532,3580358.6
63825,100,0,0,82,1991,0,8446,937,6384963.1
93508,64,1,0,60,2002,0,6950,169,9357738.2
1753,92,0,0,97,2019,1,5665,866,182644.9
50019,29,0,1,98,2002,0,1539,645,5009275.2
82325,77,1,1,2,2007,1,3707,518,8241164.7
34403,53,0,0,26,2016,0,7710,753,3441145.6
88240,57,0,1,41,1998,1,4460,125,8830770.8
43759,97,1,1,35,1999,0,3232,335,4384655.9
2111,79,1,0,60,1994,1,5773,236,216518.4
50799,42,0,0,12,2017,0,5561,764,5080967.7
24559,49,1,0,60,2020,0,4962,273,2459871.0
22422,53,1,0,84,1999,1,1457,374,2252826.9
52599,49,0,1,72,2015,0,6889,393,5266896.5
32472,91,1,0,84,2020,1,4153,142,3252820.0
10931,5,0,1,29,2015,1,8272,259,1098819.5
15434,21,0,1,67,1995,0,4437,130,1547287.5
56546,30,0,1,75,2002,1,9104,351,5659030.2
11922,54,1,1,96,2019,1,6148,908,1202680.9
93733,81,1,1,4,1993,1,4804,701,9378278.3
72636,61,1,1,56,1990,1,3829,731,7271337.0
19793,64,1,1,56,1997,1,9523,178,1988236.7
75334,29,0,0,5,2006,1,8790,562,7534445.6
20854,26,1,0,59,2009,1,6709,709,2093083.9
9126,27,0,0,96,2013,0,8449,655,918377.3
73441,90,1,1,82,2014,0,8391,565,7352484.4
88646,45,0,1,62,2007,0,1153,417,8870135.7
1392,4,1,0,8,1990,1,5500,185,143541.0
96455,47,0,0,63,1999,1,5328,137,9649451.9
36417,27,1,1,10,1997,1,6524,246,3645546.7
42688,88,1,0,79,2011,0,1129,493,4280627.1
36468,53,0,0,65,2021,0,7987,723,3652217.1
49940,50,0,1,86,2001,0,4074,409,5005731.1
28924,10,1,0,36,1992,1,9545,945,2895663.2
55858,57,0,1,18,1999,1,8084,320,5591888.9
97704,92,1,0,9,2002,1,2824,925,9774003.2
79171,10,1,1,41,1996,0,6375,432,7926950.6
17434,74,1,1,24,1993,0,4196,618,1751426.3
87587,13,1,0,55,2012,0,3425,139,8763935.2
16727,83,0,1,60,2003,1,4190,538,1681450.3
2813,46,0,0,41,2011,1,9526,490,284702.1
99031,2,1,0,13,2001,0,1396,339,9908496.1
70681,68,0,0,26,1994,1,7807,404,7069493.4
80697,92,0,0,90,2003,0,6193,570,8078150.3
36268,26,0,1,36,1993,1,2822,357,3631024.3
78115,43,0,0,14,1991,1,5121,568,7812679.1
13929,49,0,1,77,2001,0,2840,813,1400300.1
2624,36,0,1,26,2015,0,4370,595,268725.5
5630,66,1,1,66,2013,0,9344,747,574843.3
28579,55,0,1,63,2015,1,714,822,2866447.5
4638,25,0,1,61,2004,0,4892,452,471304.4
86916,12,1,0,85,1997,0,3086,406,8696846.7
31066,100,0,0,22,2009,1,5243,209,3108946.9
78946,23,1,0,76,2005,0,9835,285,7900382.5
51408,58,0,0,84,2017,0,7578,614,5148173.7
63315,45,0,0,24,2010,0,4347,544,6333065.0
32130,63,0,1,55,2004,1,2001,944,3217288.4
533,84,1,0,81,1994,1,2566,613,62166.4
32979,65,1,1,55,1991,1,8783,824,3307651.1
18545,10,1,0,85,2004,1,5716,579,1865230.4
73591,82,0,1,2,2020,1,3338,385,7363024.0
48045,89,1,1,73,2008,0,8975,760,4816515.8
80686,74,0,1,9,2008,1,2416,645,8071938.8
89991,84,0,0,36,2015,1,7757,603,9002207.5
79229,38,0,0,89,1990,1,7538,134,7930035.0
87678,22,1,0,91,2000,0,3830,818,8772251.0
98661,77,0,1,31,2016,0,5662,878,9870323.6
83750,22,0,0,60,1990,0,2192,768,8378829.0
97550,58,1,1,70,1996,0,8595,339,9765889.6
43400,41,1,1,72,2014,0,2849,331,4350109.4
30468,43,0,0,23,1994,1,5331,903,3049485.4
14692,86,1,0,70,1990,0,3580,666,1477101.0
23106,92,0,0,4,1999,1,6320,742,2311601.9
60287,25,0,1,27,1996,1,4744,228,6036180.6
71787,80,1,0,16,2008,1,2080,289,7182473.8
15839,93,1,0,72,2010,0,4655,255,1591526.0
68522,29,0,0,53,1998,1,6434,956,6853535.8
17818,88,0,1,40,2011,1,2764,268,1787351.1
94186,56,0,0,61,2012,1,1610,707,9424530.2
92033,42,1,1,7,2019,0,7109,745,9207595.9
29600,63,1,0,78,2012,0,4380,317,2969388.2
83260,93,1,0,29,2005,1,7512,308,8331439.5
53904,1,0,0,8,2017,1,7053,793,5391993.7
47691,77,1,0,48,2015,0,8618,581,4776385.5
40196,80,1,0,8,1998,1,283,991,4023335.8
42035,39,1,1,74,2004,0,5518,803,4216631.4
37560,49,0,1,28,2015,1,6698,791,3762350.5
29278,81,1,1,45,2020,1,19,387,2935308.0
96803,94,0,0,31,2016,0,1661,629,9683741.6
20067,7,1,0,78,2013,0,5221,245,2010324.3
52638,2,1,1,69,2018,0,469,245,5276387.8
47252,84,0,0,17,1999,1,7805,427,4726810.9
7515,1,0,0,11,2010,1,3443,208,752692.0
84630,33,0,0,18,1997,0,5163,428,8464747.7
72150,83,1,0,87,2018,0,7663,364,7223417.8
76956,68,0,1,54,2015,0,4462,630,7699229.5
6885,97,1,0,50,2019,0,1485,247,692409.9
8188,74,0,1,51,2004,1,8466,526,825389.4
46785,21,0,1,72,1997,1,6454,341,4687315.7
40737,40,0,0,94,2012,0,924,270,4076965.2
51242,73,1,1,60,1991,1,2551,731,5133121.1
35691,75,0,1,94,2012,1,6126,277,3577017.2
98705,21,1,1,22,2001,0,2364,106,9874587.1
25831,13,1,1,89,1995,1,1220,260,2597123.5
76174,76,1,1,34,1997,1,1767,297,7628022.7
61734,24,1,0,79,1994,0,3764,484,6180305.4
53424,16,0,0,25,1999,0,5901,202,5343224.9
23754,69,0,0,63,2017,0,3497,166,2379379.7
24396,73,0,0,48,1995,0,6241,513,2445049.5
80349,70,1,0,30,2003,1,6320,419,8042314.3
79583,26,1,1,26,2010,0,5971,945,7966719.0
73863,93,1,1,93,2002,1,401,194,7397144.2
37195,19,1,0,34,2013,0,9468,1000,3724125.3
51058,63,0,1,26,2009,1,7111,676,5109865.9
9705,86,0,0,50,1999,1,6738,218,975399.9
67558,89,1,1,59,1993,0,2442,207,6766804.3
21667,88,1,1,53,2017,0,9087,914,2175975.7
39654,100,0,1,57,2007,1,9685,788,3970955.7
9372,49,0,0,17,2006,0,4555,715,938856.6
53448,20,1,1,65,1993,1,4103,753,5354891.3
43998,41,1,1,40,2002,0,5418,770,4406193.2
92326,37,1,1,38,2017,1,764,913,9239788.7
80678,15,1,1,34,1992,0,6074,697,8073048.2
34060,75,1,1,6,1998,1,7188,962,3414055.8
83173,20,0,0,56,2008,1,3794,959,8322256.8
58698,67,1,0,64,1991,0,7763,573,5876589.1
72343,10,1,0,69,1996,0,706,415,7242431.6
74922,65,1,1,1,1997,1,3368,574,7500490.7
19528,76,1,1,67,2003,1,7077,699,1962530.3
42969,41,0,0,65,2014,0,5637,400,4301496.4
68028,53,1,1,81,1995,1,6609,990,6810499.5
8676,44,0,0,86,2003,0,5122,453,873296.3
61140,96,0,1,56,1998,1,4298,358,6120785.8
3041,95,0,0,18,1993,0,516,410,306019.3
31231,65,0,1,72,1992,1,6499,115,3132434.2
47315,58,1,1,100,1991,0,8499,212,4744142.1
92963,37,0,1,91,2021,1,6285,516,9309080.1
22714,17,0,0,48,2009,1,6891,439,2276626.9
94062,11,0,1,45,2000,0,6493,727,9410749.0
23248,3,1,1,20,1993,0,9164,855,2331235.3
51308,68,1,0,18,2018,1,6573,735,5134188.8
69867,34,1,1,89,1991,0,9491,861,6997995.1
75211,34,1,0,92,2016,1,3002,952,7528953.6
71008,1,0,0,42,2007,1,4727,246,7104062.7
85766,60,0,0,18,2007,1,1239,281,8578114.7
44561,8,0,0,72,2002,1,1783,774,4460766.2
14954,40,1,0,70,2002,0,5282,251,1505542.2
72194,86,0,0,37,1992,1,9997,894,7222517.2
71931,30,1,0,54,2012,0,6633,841,7200839.2
98946,31,0,1,18,1997,1,792,663,9901008.7
42708,68,1,0,66,1992,0,7822,214,4277753.2
16037,47,0,0,19,2009,0,6341,299,1605352.9
19510,23,1,1,97,2008,1,8509,274,1960391.8
47783,17,1,0,39,1994,0,8626,481,4786040.4
12430,55,1,1,4,1997,0,6810,582,1250208.7
40439,54,0,0,20,1991,1,2494,732,4045359.1
95889,5,0,0,28,1998,0,9564,982,9590909.8
77174,29,0,1,23,2012,1,4040,514,7719743.2
40184,1,1,0,74,2005,0,9429,454,4025868.5
37534,54,1,1,64,2016,1,4916,185,3763767.6
43585,48,1,0,52,2020,1,6114,521,4364529.0
38935,41,1,0,98,2014,0,3246,220,3900522.4
59918,77,0,1,97,2010,0,186,645,6000859.0
68723,83,0,0,8,2005,1,9723,564,6873850.5
32721,57,1,0,76,1991,1,1877,169,3275735.1
64674,56,1,0,17,1992,0,7818,828,6472604.2
86022,19,1,1,35,2008,1,4260,970,8609199.8
63737,60,1,0,95,2014,0,8882,515,6387164.4
5322,71,1,0,98,1993,0,7013,260,541599.3
63871,13,1,0,91,2005,0,6608,752,6397636.5
65560,13,1,1,25,2003,0,4099,936,6563603.3
89,33,0,0,72,1995,1,3114,264,10313.5
71024,8,1,1,85,1992,1,8673,113,7112979.2
71040,58,1,1,18,1996,1,5402,238,7108408.6
50650,47,1,1,25,2015,0,5656,294,5074074.5
66759,9,1,1,64,1996,0,8973,841,6683970.6
98514,93,0,1,55,2000,0,8094,277,9855635.0
7312,64,1,1,14,2016,0,71,403,737475.6
2676,7,1,1,32,1995,1,8067,126,277181.5
60763,78,1,0,36,1992,0,3271,446,6079816.2
49904,92,0,0,90,2014,0,8810,431,4998671.4
54907,91,0,0,64,2002,1,5840,863,5496088.2
3709,41,1,0,5,2004,1,2201,590,375675.4
26117,1,1,0,27,1993,0,6582,130,2617456.3
8626,75,0,0,14,1994,0,5740,249,863829.4
74079,67,0,1,28,2002,1,695,853,7412552.2
27810,99,1,1,47,1992,1,7025,222,2792637.2
40638,20,0,0,31,1997,1,8643,950,4064776.7
60063,84,1,0,36,1995,0,1596,875,6010731.5
93811,39,1,1,2,2020,1,16,456,9385931.0
12555,8,1,1,55,1993,1,123,310,1265496.3
30862,36,0,1,97,1998,1,6202,934,3092729.8
36334,63,1,1,13,2007,1,150,468,3640478.7
86087,39,0,0,28,1997,0,3735,127,8609947.7
69567,77,0,1,23,2003,1,8195,117,6962236.3
18785,27,0,1,50,1994,0,324,117,1885931.4
20660,6,1,0,66,2003,0,5338,699,2072127.3
62277,35,1,1,59,2019,0,7920,392,6236152.9
46917,47,0,1,88,1998,0,3065,598,4701755.8
30248,57,0,1,95,2014,1,7255,676,3028964.4
50102,41,1,0,37,2015,0,1738,880,5014163.5
45149,7,0,0,76,2001,1,9113,866,4522816.1
30603,57,1,1,77,1991,1,8732,893,3071424.1
79214,84,0,0,9,1994,0,7624,945,7922328.4
62718,2,0,0,56,1999,1,3758,459,6275591.9
27281,16,0,0,61,1994,0,4939,897,2731771.4
41418,66,0,0,55,2004,1,4988,373,4145160.4
97489,92,0,1,58,2015,1,7803,194,9753797.5
51812,43,1,1,55,2018,0,9444,763,5192250.8
34498,32,0,0,87,2008,0,1821,820,3458156.8
95097,10,1,0,47,1995,1,5643,626,9513855.5
44251,1,0,1,48,2007,0,7723,256,4434233.7
29878,100,1,0,51,1994,0,9298,443,2992696.4
18221,27,1,0,94,2004,0,746,335,1831310.4
62028,20,0,1,64,1993,1,6994,333,6205630.3
47413,22,0,1,60,2015,1,5663,676,4748923.5
70277,90,0,1,82,2019,0,9819,659,7035192.9
98234,51,1,0,57,2003,0,1107,253,9831396.3
49488,90,0,0,79,2021,0,4056,869,4954300.1
12921,50,0,1,94,2017,0,4426,944,1302243.7
51232,1,0,1,55,2020,0,3074,527,5128074.0
23860,51,1,1,3,2017,0,8995,648,2394379.7
52746,56,0,0,14,2003,1,8309,832,5276308.3
45016,9,0,0,75,1994,1,2134,148,4506049.4
93112,76,1,0,17,1993,0,88,390,9317076.3
74137,54,0,0,80,1991,1,373,305,7418469.1
78958,30,0,0,82,1994,1,3862,810,7902699.4
20365,93,0,0,62,2011,0,8154,534,2041739.1
20580,57,1,0,82,1993,0,9534,141,2067748.3
55956,21,1,1,7,2020,1,7207,971,5606444.0
17966,77,0,1,18,1999,0,8922,874,1799688.9
87788,65,1,0,58,2009,1,8015,635,8784201.9
1702,55,1,0,17,2018,1,2647,550,174792.8
70033,37,0,1,56,2013,0,730,373,7009642.3
921,1,0,1,89,1997,1,4110,737,105739.7
15859,94,0,1,8,2020,0,7327,174,1588729.0
95561,46,1,0,66,2015,0,9245,582,9561422.5
77467,14,0,1,55,2010,1,7174,933,7752514.0
10380,20,1,1,40,2011,1,2333,593,1049793.1
60506,86,1,0,77,2020,0,4874,336,6059753.0
78859,10,1,0,93,2015,1,6650,240,7894713.5
97590,3,1,0,46,2015,0,3855,946,9765039.5
87908,89,1,0,20,2009,0,7461,719,8797156.9
2141,68,0,0,82,2009,1,8405,570,223018.9
78806,85,1,0,38,2001,1,1527,902,7886035.1
92074,30,1,1,16,1993,1,1993,662,9214730.3
9494,59,1,1,49,2013,0,5051,267,958561.3
24681,77,1,1,27,2008,0,2785,472,2475750.8
79491,95,0,0,70,1994,0,1725,491,7951459.4
42904,73,0,1,76,1997,0,4896,395,4298883.7
9803,47,1,1,92,2018,1,4976,851,998783.8
31854,54,1,0,54,2020,0,8979,470,3191069.0
93706,50,0,0,59,1999,1,688,542,9376364.9
69157,72,1,1,83,2007,1,7233,821,6926892.7
26390,66,1,0,11,1992,1,9319,554,2644436.2
25460,89,0,1,92,1996,0,6063,976,2554354.6
70989,27,1,1,82,1994,1,6131,288,7113295.4
61387,55,0,0,52,2007,1,2078,908,6140746.7
99564,30,1,1,30,2012,1,981,368,9965822.2
12992,44,1,1,5,1990,1,777,846,1303106.0
48887,95,1,1,89,2006,0,4407,868,4906647.6
33433,79,1,0,96,2009,0,1746,908,3352624.9
84235,76,0,0,74,2004,0,2634,439,8431030.4
78506,94,1,1,84,1996,0,4499,756,7864283.6
43788,50,1,1,82,2011,1,885,601,4391540.1
58612,60,1,1,75,2021,1,9112,698,5872861.1
96498,10,0,0,10,2007,1,8566,703,9651440.7
15075,90,1,1,75,2012,0,2223,503,1516872.2
1693,43,1,0,65,2001,0,8472,601,175018.1
77296,96,1,0,11,1998,0,5989,674,7735727.8
15148,81,0,0,11,1997,1,9433,847,1515878.7
95065,1,1,1,49,2009,1,4949,421,9516892.9
81591,24,0,0,22,1996,1,2289,847,8160895.6
41276,90,1,1,66,1992,1,7369,393,4136486.2
50340,60,1,1,10,2005,0,8228,600,5040333.5
93615,68,1,0,41,1995,1,9355,792,9368510.5
8009,81,1,1,88,2008,1,3178,917,810890.8
32044,97,0,0,16,2010,0,4205,884,3205557.0
48067,73,1,0,83,2009,0,168,636,4818874.9
40884,41,0,1,98,2021,0,9604,800,4100865.1
58617,32,1,1,24,1993,1,1706,125,5868891.3
62572,68,0,1,28,2006,0,6158,487,6262774.6
58637,95,1,1,36,1999,1,7265,919,5874640.9
16241,16,1,0,93,2011,1,1566,206,1632003.1
43658,11,1,0,74,1998,1,3714,878,4376638.8
46658,2,0,1,60,1996,0,3637,892,4673368.6
13732,25,1,1,68,2020,1,3579,638,1384625.0
71701,19,0,0,6,2006,0,9758,122,7171334.6
98644,15,0,0,33,2012,0,8522,142,9865826.2
67917,5,0,1,97,1995,0,9895,955,6801741.5
59308,26,1,1,24,2014,1,8363,767,5940512.4
7141,29,1,0,83,2009,1,2878,778,726445.9
76647,24,1,1,51,1993,0,9871,919,7670985.3
37425,81,0,1,97,2015,0,2837,737,3753888.5
34728,25,1,0,59,2019,1,1757,892,3480487.9
74054,59,0,0,20,2019,1,9263,424,7406911.9
19637,35,1,1,81,2004,1,8255,912,1975440.4
32765,59,0,1,97,2013,0,890,285,3282762.3
26539,38,1,0,88,1996,0,8833,628,2661555.6
49426,30,1,0,97,2021,0,1448,867,4954416.1
90665,76,1,1,100,2005,1,9168,892,9077965.5
62672,33,1,0,17,1990,1,3945,602,6271020.0
77567,64,0,0,99,2016,0,7897,310,7764676.6
38432,65,0,1,61,2019,1,6068,324,3853375.9
47312,47,0,0,52,2002,1,2161,502,4736992.2
82827,95,0,0,46,1991,1,3313,602,8287639.1
41343,79,0,0,60,1991,1,8819,860,4136639.1
81060,54,1,1,15,2002,0,5925,342,8113575.2
80466,20,0,0,72,1992,1,8154,865,8048185.2
75631,71,0,1,75,2007,0,8978,821,7570003.7
85757,94,1,0,99,2009,0,6650,367,8588192.9
97551,45,1,1,96,2004,1,5170,701,9764568.4
12902,2,0,0,98,2013,1,2258,448,1296931.3
75132,70,1,1,89,2006,1,5778,321,7522620.6
63657,59,0,0,51,2020,1,2036,430,6367982.0
69943,57,0,1,56,2003,0,2072,854,7003755.3
5216,21,1,0,61,2004,1,707,209,527493.4
163,35,0,0,83,1995,1,2675,724,19788.5
70416,42,0,0,67,2018,1,2198,926,7043322.8
2799,9,1,0,29,2015,1,4772,254,285666.5
91702,30,0,0,83,2013,1,4560,604,9172843.3
42051,80,1,0,65,2004,0,32,928,4215456.4
25850,33,1,0,7,2007,1,7208,704,2590126.7
64298,16,1,0,3,1999,0,8953,400,6435291.9
73318,61,1,0,56,1991,1,3523,949,7335990.1
21558,89,0,0,3,1994,1,4900,159,2156397.4
98785,67,1,0,86,2000,1,8019,308,9883851.0
60003,4,0,1,36,2020,1,3342,269,6006445.0
16839,44,1,0,75,1997,1,7765,955,1692521.7
72281,4,1,0,84,2010,1,6225,966,7239761.0
64859,54,1,1,85,2001,1,4839,561,6495320.1
90229,50,1,0,41,1997,0,6428,795,9031500.7
82202,79,1,1,8,2003,1,9681,648,8225531.3
83238,91,1,1,52,2006,0,4730,649,8334828.6
99058,82,0,0,76,1993,1,5627,452,9909863.3
53753,36,1,1,30,2008,1,4438,352,5383162.8
1160,52,0,1,63,1993,0,7901,337,122122.3
30742,35,1,0,46,2002,0,4559,750,3079481.2
58118,35,1,1,25,2003,0,273,307,5817507.3
2473,57,0,1,62,1999,0,7789,236,252875.9
45992,39,1,0,6,2009,1,5123,821,4602074.9
50253,9,1,0,5,2012,0,6220,208,5030780.2
77604,10,0,0,80,2003,1,762,626,7762930.3
46945,58,0,0,69,2005,1,2297,708,4702331.5
59413,43,0,0,6,1990,1,4602,520,5942121.0
56073,11,0,0,10,2011,1,3613,596,5608291.1
41095,94,0,1,87,2019,0,4152,494,4117734.9
32954,91,0,0,27,1997,1,511,253,3297491.7
74591,69,1,1,20,2009,0,616,479,7469587.9
38336,57,1,1,38,1996,1,855,863,3843621.6
42586,54,1,1,67,2014,0,5326,394,4267956.4
31820,19,0,1,14,2006,0,475,606,3185287.6
52649,88,0,1,85,1996,1,4763,833,5274558.6
64179,10,0,1,50,2016,0,7967,955,6422934.6
20222,16,1,1,16,2006,1,7966,370,2030464.6
25251,75,0,0,96,2015,1,8849,523,2527049.5
94486,55,0,0,91,1992,1,8821,526,9455619.2
89724,41,1,1,79,2009,0,4737,734,8985657.9
58626,45,0,0,20,2015,0,9372,226,5864831.5
58652,11,0,1,35,2000,1,2405,224,5870251.0
47654,53,1,1,97,2013,1,5377,312,4776062.3
47647,47,1,0,66,2014,0,7836,883,4776741.4
78180,26,1,1,46,1995,0,4079,152,7828641.5
50061,91,1,0,1,1999,0,9020,235,5010457.9
23009,41,0,0,71,2018,0,1541,674,2308112.8
21293,4,0,1,40,2020,1,6717,883,2138174.0
62691,16,1,0,77,2016,1,3831,241,6276488.6
80413,7,0,1,4,2011,0,8059,488,8046485.1
98303,85,1,1,79,2006,0,2464,983,9843304.6
7159,38,0,0,28,2015,1,4011,126,718273.5
94213,16,1,1,28,2004,0,8927,549,9430183.4
64807,70,1,1,93,2020,0,2851,333,6489616.0
89019,62,0,0,99,1996,0,670,465,8904528.6
65421,51,0,0,13,1998,1,1713,706,6543719.8
28206,50,1,0,83,2015,1,2868,288,2830932.5
57936,37,1,0,80,1992,1,6611,291,5796649.2
7759,41,1,1,16,1998,1,7295,955,782731.8
20863,41,0,0,2,2019,0,1601,485,2086593.9
62530,32,1,1,75,1993,0,1036,278,6267352.3
49805,44,0,1,52,1992,1,7181,615,4984392.2
4264,39,0,0,98,2020,1,5778,268,429800.0
41856,40,1,1,43,2006,1,8432,324,4191936.6
54847,38,1,1,39,2020,0,5929,395,5493084.0
98814,54,0,1,6,2004,1,1153,890,9887158.4
14465,3,0,1,80,2016,0,1861,170,1453919.6
99301,7,1,1,85,2014,0,7473,732,9941220.4
18521,25,1,0,11,2003,1,8307,514,1858497.3
65908,28,0,0,84,2008,0,830,444,6598156.8
10897,39,1,1,13,2017,0,399,504,1097453.7
70390,87,1,0,96,2000,0,4293,501,7045739.0
52685,48,0,0,75,1994,1,6655,897,5272224.4
75135,44,1,1,46,1992,0,8876,105,7522188.2
13388,87,1,1,69,2003,0,2572,553,1346253.3
63427,24,0,0,83,2004,0,5586,106,6351101.4
27818,7,1,0,72,1997,0,134,515,2786587.7
82739,60,0,1,37,2016,1,3970,350,8280296.6
33327,38,0,0,55,2010,1,6202,198,3337341.0
8894,77,1,1,53,2005,1,7434,854,900011.5
7685,43,0,1,54,1994,1,610,394,775942.4
94255,58,1,1,18,2021,0,3504,539,9431460.1
14610,91,1,1,62,1999,1,8805,726,1469296.9
15534,19,0,1,23,1995,0,7503,728,1556351.5
60610,70,1,0,50,2009,0,5225,389,6068928.9
78383,89,0,1,49,2001,0,7570,641,7844579.1
44722,47,0,1,91,1992,1,6947,621,4477117.2
48189,98,0,0,84,1990,1,5400,875,4822319.0
37471,58,0,0,12,2004,0,6521,677,3747950.4
64924,32,0,1,1,1993,1,4430,639,6496365.3
65233,50,0,0,64,1990,1,4103,668,6526331.0
65670,3,1,0,44,2009,1,3615,638,6570909.9
90177,50,1,0,32,2018,0,9300,242,9024117.8
4351,2,0,0,10,1997,0,9610,918,436269.7
98390,47,1,1,19,2006,1,7835,310,9849668.6
43651,35,1,1,62,2005,1,7503,774,4374012.5
1803,30,0,0,10,1991,0,9587,959,181859.1
80378,90,1,1,19,2004,1,1432,544,8045164.4
99291,89,0,0,40,1990,1,4592,369,9933729.0
18202,67,1,0,75,2005,0,430,758,1827703.5
76194,59,0,1,73,2003,0,5896,718,7627074.3
50114,15,1,1,14,2001,1,1870,386,5019918.1
48603,33,0,0,29,2001,0,2968,903,4862648.1
48767,3,0,1,64,2021,1,5056,526,4883097.1
91501,84,0,1,14,2003,1,3065,494,9154474.3
22927,66,0,0,44,2011,0,1239,891,2297687.1
51309,53,0,1,6,1997,1,3727,840,5135619.7
89001,58,0,1,55,2004,0,2445,721,8904692.4
54040,92,0,1,93,2017,0,5805,540,5408568.7
7477,35,1,0,18,1991,0,4255,300,752083.1
41225,22,0,1,84,2019,1,7546,395,4130642.9
77491,88,1,0,13,2011,0,1982,153,7755674.1
43906,55,0,1,73,2013,1,3357,623,4397835.3
94824,72,1,0,59,2009,1,2751,527,9490121.9
33856,86,1,1,14,1993,0,8649,769,3392172.3
69856,80,1,0,48,1995,1,8366,852,6993253.5
88586,31,1,0,79,2009,0,8350,826,8866194.9
67510,32,1,1,61,2014,1,6018,643,6758961.4
77703,22,0,1,18,2021,1,4762,172,7776678.1
72147,38,1,0,13,2013,0,285,882,7219271.3
11339,96,0,0,70,1996,1,2670,872,1137389.6
81125,22,0,0,24,2012,0,5869,209,8113963.2
48434,33,1,0,87,2002,0,8173,913,4854900.2
56398,83,0,0,97,2021,0,1613,146,5644338.1
95894,30,1,1,6,2005,1,9186,132,9596889.5
23888,24,0,1,24,2011,1,3055,107,2394623.1
4198,2,0,1,93,2003,1,8268,285,422549.3
67135,30,1,0,64,2020,1,2579,828,6723196.0
95162,10,1,0,13,2005,1,8386,692,9520376.5
999,30,0,1,11,2006,0,3768,755,104307.6
34982,30,1,0,66,2001,1,224,474,3508325.1
2183,10,0,1,31,2020,0,31,447,221187.0
67699,98,1,0,27,2021,1,5976,899,6776755.1
71143,10,1,1,10,2018,1,6797,739,7124217.8
57244,58,0,0,79,1991,1,1566,998,5728704.1
17114,17,1,0,28,2021,1,8327,668,1714461.1
83009,70,0,1,26,2009,1,4251,802,8305627.9
52610,2,0,1,69,2009,1,7247,478,5270005.9
7788,43,1,1,75,1993,1,3932,947,791624.3
5693,55,1,0,37,2018,1,1638,442,576081.8
48345,10,1,0,41,2013,1,9057,539,4842954.3
53422,76,0,0,49,2009,1,6497,563,5343686.9
64603,14,0,1,53,2010,1,8634,366,6469506.0
966,71,0,1,85,1997,1,8735,744,106121.7
47264,49,1,1,23,1995,0,3771,427,4732236.5
92992,24,1,1,18,1991,1,7478,697,9305605.1
303,75,0,0,24,2021,1,782,423,31966.1
83635,31,0,1,23,1998,1,469,273,8369562.8
29689,45,1,0,22,2014,1,8498,347,2973788.4
47239,58,0,0,19,1993,0,8710,447,4725416.3
10047,57,1,1,87,2021,0,8671,968,1012656.1
7587,94,0,1,22,2005,0,1493,183,762915.5
10074,29,0,1,47,1999,1,228,935,1010442.9
46509,19,0,0,44,2002,1,5237,374,4653392.2
86796,99,1,1,51,2008,0,2445,543,8689099.8
82853,67,0,1,72,2015,0,3396,332,8289491.5
10572,39,1,0,14,2010,1,6109,990,1060707.0
22212,87,1,1,74,2002,0,9076,860,2232476.2
17019,85,0,1,79,2008,0,2770,758,1711885.8
16444,29,0,1,2,1995,1,4631,775,1649094.5
64504,39,0,0,19,2010,0,5126,126,6451578.0
73527,57,1,1,5,2021,1,5453,722,7360331.1
16780,54,1,0,56,2012,1,3072,757,1681331.2
47534,47,1,0,9,1999,0,6946,631,4756433.9
30978,64,1,1,13,2011,1,1042,936,3108219.1
23763,94,0,1,99,2004,0,9676,539,2384035.4
55757,6,0,1,51,2020,0,8020,339,5578966.0
85107,97,0,0,24,1999,0,6398,115,8512331.9
58297,91,0,1,1,1999,0,9958,247,5833422.9
53952,10,0,0,72,1999,0,4149,157,5403227.9
50401,60,0,1,55,2003,0,72,443,5046874.3
58451,45,1,0,22,1993,1,728,861,5849635.3
25625,69,0,0,84,2019,0,5174,379,2568173.9
4771,56,1,0,12,2011,0,4590,347,480525.1
4798,100,0,0,20,2005,0,575,604,481620.5
90700,80,1,1,78,2006,1,3926,396,9080106.6
84267,93,1,0,81,2000,0,3597,218,8433371.0
56505,28,0,0,10,2003,0,6492,859,5651670.3
21976,55,1,0,97,2008,1,9374,777,2206738.8
83083,68,0,1,19,2015,0,3582,438,8313069.5
60396,100,1,1,81,2012,1,5943,950,6047863.2
42211,62,1,1,94,2008,0,3897,811,4230896.8
43843,28,0,1,99,1990,1,7431,844,4389604.0
53501,80,0,0,68,1993,0,8976,555,5351569.3
95623,52,0,0,11,2020,1,532,117,9564202.0
72619,4,1,0,6,2008,1,1754,540,7266754.8
464,16,0,1,53,2006,1,5816,830,52352.6
45803,17,0,1,21,1997,0,1749,444,4583642.7
62570,52,1,0,83,2015,1,3088,786,6265526.5
99636,59,0,0,10,2004,0,3610,553,9964270.4
32328,27,1,1,39,1999,0,7386,266,3238634.9
5478,87,0,1,89,1996,0,8798,440,558369.6
64550,89,1,1,68,2019,0,1945,495,6465184.9
24055,32,0,1,81,2018,1,5640,818,2418314.8
59003,52,0,1,63,1999,0,3534,912,5908014.9
69554,27,1,1,89,2014,0,6903,420,6965658.4
33717,6,1,0,8,2000,0,1859,425,3377117.0
29810,60,0,1,61,2008,0,3429,837,2990007.8
83596,63,0,0,28,1993,1,9426,785,8361285.3
23324,91,0,1,44,1998,0,2303,765,2340035.8
58812,15,0,1,34,2018,0,5235,223,5888584.8
5268,100,0,0,59,1992,1,4593,959,529991.2
57700,37,1,1,18,2011,1,3905,515,5779465.1
44847,13,1,1,60,2012,0,7381,669,4490655.2
70820,52,1,1,30,2006,1,2090,867,7093917.6
52890,87,1,0,15,1990,1,3533,683,5291984.0
80352,21,0,1,5,2019,0,8708,464,8039036.9
1006,63,1,1,53,2008,1,9015,841,111551.8
32267,37,1,1,36,1991,1,1537,882,3235512.1
80313,95,1,0,17,2003,0,4325,593,8035508.3
71588,96,1,1,95,1992,0,3945,921,7167821.2
9089,43,0,0,58,1997,1,1166,151,914629.7
28121,32,1,1,93,1991,1,1144,857,2820497.1
21272,4,1,0,72,2001,1,3521,457,2137497.1
87964,74,1,1,68,1999,1,799,624,8803574.9
47902,36,1,0,71,2021,1,5234,541,4803026.1
89280,63,0,0,11,2020,1,7274,465,8929255.0
67795,100,1,0,80,1994,0,7282,635,6785447.4
22323,33,0,1,67,1996,0,126,449,2240559.6
60037,64,1,0,54,2010,0,7471,648,6009861.0
27113,22,1,0,19,1996,1,3856,765,2714670.6
70898,15,0,1,36,2008,1,6794,671,7092877.8
10298,1,1,1,7,2011,0,7284,557,1036741.1
51130,95,1,0,87,1994,0,4977,682,5125465.4
10785,19,0,0,73,2008,0,9433,487,1079918.8
65068,30,0,0,2,1991,1,345,895,6507541.1
93713,20,0,1,45,2003,0,6513,807,9378060.3
97306,11,0,0,44,2010,1,793,681,9733433.0
76262,61,0,1,74,2004,1,8970,677,7633670.4
15722,67,1,1,50,2001,1,5454,940,1581304.1
83984,98,1,1,60,2019,1,3399,817,8409426.9
78280,53,0,0,42,2019,1,8984,646,7830865.9
83817,62,0,1,60,2005,0,1130,835,8390712.5
28132,17,0,1,26,1997,1,144,626,2820957.7
63183,49,1,1,46,2002,1,6617,891,6326815.2
90068,96,1,0,55,2009,0,567,895,9013793.9
81645,95,1,1,37,2013,1,6166,630,8174644.3
40394,87,1,0,30,2021,1,743,567,4046533.1
79260,19,1,0,9,1991,0,3887,771,7930187.1
123,61,0,0,1,2011,1,9390,922,13229.1
37647,64,1,0,7,2017,0,7865,558,3770389.7
36136,78,0,0,99,2019,1,2576,600,3618606.9
43549,78,1,0,92,2007,0,9607,905,4365431.7
74180,97,1,0,7,2011,0,166,631,7421254.1
33692,83,1,1,69,1999,0,9989,721,3375522.9
92201,56,0,1,66,2003,1,3385,159,9228740.3
62587,14,0,0,35,2010,0,6374,894,6260826.0
20577,4,1,0,62,1993,0,3715,119,2064758.3
26612,40,1,0,28,2009,0,1837,646,2666795.9
74172,55,1,0,67,2004,1,1247,461,7421067.4
68841,92,0,0,69,2000,1,3643,465,6890753.0
54386,93,0,0,95,1996,1,9560,665,5448084.6
54925,27,1,0,81,1996,0,3632,377,5501546.6
43418,87,1,1,64,2010,1,6989,736,4349322.0
96251,12,0,0,7,2018,1,4166,665,9626287.8
27928,90,1,1,78,1997,0,6637,334,2804528.7
87024,52,1,1,56,2020,1,1630,544,8714971.0
4563,44,0,0,39,1999,1,5661,199,457573.9
47579,85,1,0,8,2013,1,1138,629,4761303.3
60756,62,0,0,50,1996,1,7984,725,6079599.6
38587,10,1,0,9,1995,0,8444,938,3862813.5
92659,73,0,0,98,1993,1,3750,386,9272193.3
59396,24,1,1,31,2021,1,9208,970,5950249.1
70681,24,1,0,16,2006,1,6921,640,7072541.6
42900,38,1,1,80,2016,0,473,319,4301422.6
36240,9,1,1,34,2007,0,82,271,3630821.7
59928,100,0,0,76,1994,1,9836,530,5995097.4
3963,40,1,1,61,2009,0,1036,408,408380.9
95404,10,0,1,8,2009,0,7142,690,9544786.9
86375,99,1,0,68,2000,0,6106,723,8643370.0
26507,14,1,0,79,2005,1,535,269,2656261.5
72178,73,0,0,57,1998,1,5833,727,7223259.8
11914,36,1,0,57,2005,1,6274,897,1198177.5
9147,42,1,0,89,2000,1,8572,489,928384.0
62596,88,0,1,79,2017,1,3152,314,6272808.7
69371,59,0,0,55,2004,0,3689,611,6939185.4
47542,25,0,0,97,2020,0,6765,393,4756989.0
60457,68,0,1,32,2020,1,2526,496,6051684.0
88033,95,1,1,100,2006,0,9436,753,8817404.6
3383,13,0,1,51,1992,0,1689,453,342685.2
85795,97,0,0,59,2019,0,2357,278,8585311.9
17857,15,1,0,24,1997,1,123,157,1791426.7
2508,92,1,1,2,1998,1,9107,750,256655.8
281,52,0,1,38,1994,0,7172,826,34115.4
14314,50,0,1,45,2019,0,91,908,1436966.9
96513,26,1,0,53,1993,0,1306,582,9657237.3
67527,41,1,1,42,2009,1,6765,772,6766655.9
72976,96,0,1,96,2016,1,7706,394,7306614.6
76420,38,1,0,63,2006,1,3164,170,7649934.6
67923,61,0,0,95,2014,1,3860,234,6797581.4
85372,81,0,0,5,2010,0,9416,838,8538126.0
38923,30,0,0,41,1993,1,679,114,3895085.3
57663,66,0,1,14,2001,0,7766,654,5770477.1
26943,57,1,1,86,2016,1,254,913,2701654.6
24839,52,1,0,76,1994,0,7365,766,2493901.4
85671,33,1,1,5,2018,0,4821,1000,8572647.8
56085,65,1,1,92,2019,1,4634,897,5617121.9
53857,91,1,0,49,1993,0,3249,435,5393354.3
61297,29,0,1,80,2020,0,8140,551,6134154.0
34854,61,1,1,31,1991,1,6726,388,3491844.1
90777,78,0,0,8,2009,1,5120,744,9079088.9
29178,74,1,0,14,2004,1,9501,768,2922723.4
55006,42,0,0,24,1992,1,6526,356,5503703.2
11491,61,1,1,47,2019,1,5698,597,1157222.9
44838,48,1,0,77,2009,1,7048,671,4491363.9
67629,27,0,0,38,2011,1,4353,388,6767151.1
70607,8,0,1,28,2009,0,6278,397,7068284.9
50122,69,1,0,84,2002,0,5479,275,5016998.2
80622,80,0,1,46,2015,1,2308,791,8069026.5
63886,46,1,0,1,1992,1,3896,771,6391405.2
30821,52,0,1,27,2015,0,5620,408,3086776.5
80472,21,1,1,80,2000,0,3435,266,8054700.0
86834,54,1,1,23,2013,1,5173,757,8690922.3
9022,72,0,0,100,1991,1,8295,109,905649.1
59899,61,1,0,61,2018,1,6126,297,5994256.8
36859,87,0,0,43,2013,0,869,596,3687440.3
96419,6,1,0,34,2004,1,8968,233,9646107.4
82651,3,0,0,42,2018,0,6409,982,8266989.8
26881,57,1,0,82,1994,0,9731,226,2696414.4
83316,85,0,0,65,2019,0,5337,898,8336816.9
18738,17,1,0,51,2003,0,4072,443,1881615.3
1906,16,0,0,30,2006,1,1576,883,192160.6
60399,88,0,1,48,2006,0,9562,880,6046439.6
92159,72,0,0,68,1997,0,4553,742,9220693.7
3966,82,0,0,20,1991,0,440,359,398719.1
93998,47,0,0,81,2010,0,1605,102,9406433.0
96580,28,1,1,36,2004,0,2176,104,9671187.4
20818,43,0,1,76,2007,0,4111,915,2090473.7
65549,38,0,0,38,2015,1,5487,316,6556739.5
31951,22,0,0,94,2016,0,6606,625,3196773.6
23541,83,1,0,3,1991,0,2818,970,2357500.1
17704,83,0,1,33,2007,1,4503,184,1775366.7
57128,100,1,1,40,2006,1,4856,566,5721225.6
87276,51,1,1,43,1992,0,8005,113,8737247.2
50778,83,1,0,91,1995,1,6472,914,5087311.5
846,51,0,0,51,1995,0,302,946,88673.5
49312,56,1,0,39,2019,0,9737,844,4934342.9
99455,26,0,0,36,2001,1,5988,841,9946626.1
75645,51,1,0,64,2009,0,8361,673,7571223.9
73406,44,1,0,95,2007,1,2144,230,7351183.7
24895,7,1,1,59,2012,1,8541,851,2496019.2
13314,5,1,1,17,2015,0,8189,663,1340591.5
78995,53,1,1,49,1996,0,5606,759,7911960.6
54976,21,1,0,53,2020,0,210,998,5506062.0
84023,8,1,0,44,2013,0,6948,669,8408349.3
8130,44,1,1,88,2014,1,7573,978,823637.4
2838,5,0,1,82,1992,1,8811,899,287893.2
416,46,0,1,45,1996,1,7208,786,46790.6
62314,23,1,1,27,2019,0,4797,169,6239567.9
85169,77,1,0,14,2018,0,9487,819,8520093.8
42969,32,1,0,87,2011,0,4496,793,4305386.1
38079,80,0,1,74,2019,0,4594,440,3818327.9
1386,42,0,1,4,1992,1,6022,692,143843.2
41147,69,0,1,87,2006,0,7388,791,4122969.6
93375,27,0,1,67,1990,0,4304,784,9343934.0
37047,79,1,1,87,2019,0,5658,160,3713548.9
20453,54,1,0,96,1991,1,5077,770,2055870.1
86800,18,0,0,99,2008,1,3808,455,8684068.8
49835,37,0,0,55,2004,1,6772,140,4986495.4
25020,100,1,1,39,1990,0,5959,274,2510161.0
69665,14,0,1,78,1995,1,7745,707,6977106.5
16283,79,1,1,30,1990,0,7485,903,1638670.0
40984,15,0,1,39,2021,0,870,100,4103009.1
32731,99,0,1,66,1996,1,9859,681,3276617.6
86452,12,0,1,76,1997,1,9096,684,8657353.7
49031,87,1,1,62,2016,0,1800,723,4914589.6
53818,17,0,0,32,2000,1,728,910,5383450.0
74291,88,0,0,38,2004,1,217,379,7433320.4
73154,57,1,1,29,2015,1,8059,628,7322035.5
39162,21,0,0,16,2005,0,8453,846,3917826.5
45746,86,0,0,76,2009,1,2589,400,4580036.9
22615,61,1,1,30,1991,1,7923,321,2271139.1
6518,10,0,0,72,2008,0,5381,739,658946.8
67648,28,0,0,67,2004,0,2557,432,6770108.4
36353,50,1,0,2,2018,0,6760,190,3638165.8
68985,99,0,0,29,2002,1,6676,554,6900905.2
48258,94,0,0,46,1994,0,9611,693,4830907.4
67489,70,0,1,31,2001,1,6885,798,6756566.1
96184,46,0,0,1,2005,0,3961,986,9618863.5
42365,36,0,1,96,1996,1,7976,520,4249618.6
88274,45,0,1,41,2021,1,1899,445,8832114.1
49634,81,1,1,90,2021,1,7859,513,4972427.1
15062,12,0,1,42,2005,0,6899,112,1511857.5
74606,50,1,0,73,1990,1,8031,664,7471533.0
8368,4,0,1,55,2016,0,6985,710,842999.6
31821,7,1,0,63,2019,1,389,298,3187554.9
72741,56,0,1,49,2011,1,9912,709,7280439.1
53527,88,0,0,71,1995,0,3816,559,5356315.5
27702,17,1,0,25,2015,1,7133,844,2778207.5
69178,15,1,1,1,1995,0,5550,621,6921350.5
51766,71,1,1,36,2000,0,3915,311,5186043.0
14322,63,0,1,66,2017,0,567,352,1439924.7
13147,71,0,0,65,2013,0,1741,497,1316451.3
89434,56,0,0,13,1995,1,408,747,8945011.5
77439,91,1,1,56,2007,1,7307,908,7754431.7
99811,76,0,1,90,2005,1,2739,783,9988416.5
15301,66,1,0,5,1992,0,4711,390,1534279.2
46701,44,0,0,59,2009,1,4847,843,4674499.9
72938,90,0,1,64,2007,0,242,929,7301218.7
84600,74,1,1,43,1997,1,6703,713,8467208.7
65554,33,0,1,14,1995,1,3191,709,6559482.5
86607,50,0,0,4,2008,1,4425,125,8661568.8
99426,79,0,1,26,1993,1,4028,591,9945644.3
72990,42,1,0,1,2016,0,8597,619,7301689.6
41711,77,0,1,93,2011,1,719,382,4176663.1
52668,7,1,1,76,1996,1,2180,838,5281141.6
27059,45,1,0,40,2018,0,6965,455,2713421.8
12865,5,0,0,54,2000,0,7714,597,1288172.0
87045,61,1,0,19,1992,0,7325,237,8709780.2
64584,90,0,1,31,1996,1,5811,217,6465423.6
22681,93,1,1,6,2004,0,9803,583,2273361.4
16704,49,1,1,8,1994,0,7325,929,1676124.4
25124,97,0,1,25,2014,1,397,962,2517156.4
64209,30,1,1,55,1992,0,9761,525,6428666.2
18730,68,0,1,71,2008,1,7624,331,1884158.8
96177,40,1,0,19,1996,0,2237,268,9623218.6
76671,22,1,1,76,2001,0,3701,296,7674844.1
39129,76,0,1,26,1996,1,4674,737,3919404.6
52859,71,1,1,99,1993,1,5401,727,5299328.3
26223,12,0,0,76,1994,0,7431,798,2628273.4
89071,48,0,0,91,2008,1,5942,649,8913105.8
55022,61,1,0,43,1998,0,8955,216,5508301.8
60721,42,0,1,9,2005,0,68,695,6077844.5
28772,4,1,1,85,2003,0,8141,327,2888733.3
92716,48,0,0,3,1991,1,9364,731,9272362.1
19092,21,0,1,85,2020,0,2171,797,1915270.0
41440,98,1,1,77,1990,0,3885,997,4155501.0
60305,88,1,1,90,2019,0,6297,925,6038984.9
26611,68,0,0,21,2012,0,1184,856,2662493.2
16847,47,1,0,66,2009,0,8115,212,1687484.9
52785,13,0,1,61,2004,1,1207,833,5286382.4
2267,82,0,0,8,1995,0,9360,225,228087.5
22809,70,1,1,65,1990,0,3261,862,2285983.0
92242,26,1,1,39,2009,1,6405,894,9232332.9
19040,86,1,1,25,2002,0,6629,415,1915328.2
18943,6,0,1,26,2012,1,258,687,1899521.2
91914,37,0,0,68,2018,1,8148,649,9194073.8
60401,63,0,0,86,1997,1,3200,430,6047105.7
57865,2,0,0,30,2018,1,6981,147,5788561.8
1308,38,1,0,68,2005,1,8261,772,141631.5
76732,1,1,1,50,1999,1,3935,455,7682086.9
90859,22,1,0,65,2018,1,365,104,9090821.8
19596,51,1,0,83,2009,0,1691,398,1969900.9
86277,15,0,1,5,1995,1,5268,142,8629655.5
31845,8,1,1,1,2004,1,2826,663,3191199.4
46128,47,1,1,88,1996,0,7069,902,4624665.6
33398,78,1,0,30,1992,0,4552,803,3345097.2
70626,80,0,0,45,1995,1,1221,130,7065089.5
50315,11,1,1,52,1991,1,9867,239,5044978.1
84217,60,1,1,18,2013,1,4953,468,8429962.3
35127,8,0,0,4,2014,0,9746,906,3513571.4
14614,21,0,0,3,2015,1,1185,446,1462577.5
73686,10,1,1,93,2013,0,5029,440,7378513.3
80143,27,1,1,78,1995,0,4411,885,8026359.5
38454,8,1,0,6,1990,1,3909,297,3848412.0
70573,78,1,1,3,2016,1,8314,745,7061764.6
44584,84,1,0,90,1992,1,8073,738,4468024.2
46953,82,1,0,41,2006,1,4606,475,4699973.6
87960,53,1,0,27,2007,0,5586,914,8801034.7
10051,10,1,0,34,1998,0,4642,450,1010724.8
14044,48,0,1,43,2001,1,5654,198,1409581.1
83252,98,0,0,8,1992,1,3015,496,8326479.2
46183,4,1,0,5,2007,0,735,956,4621605.7
17256,30,0,0,59,1994,0,698,668,1729036.4
59111,58,1,0,38,1998,0,1977,708,5919005.8
41732,19,0,0,63,2018,1,4692,321,4177464.8
6912,47,0,0,2,2016,0,3458,264,691629.6
8719,84,1,0,20,2003,0,5944,929,875984.3
15670,54,1,0,26,2007,1,9688,436,1572432.7
54669,58,0,0,85,2012,1,4746,140,5472646.2
71164,54,1,0,38,2019,1,5473,638,7121656.9
8497,97,1,0,57,2018,0,4113,250,856430.8
27296,31,0,1,93,2013,1,4778,369,2736257.3
65201,13,0,1,28,1995,1,3927,670,6524351.5
7729,87,1,1,35,2004,1,4456,346,781939.4
64186,10,0,0,6,2011,1,5408,971,6419507.1
75571,9,1,1,16,2021,1,7754,449,7563298.1
40943,76,0,0,32,2010,0,8104,855,4097629.0
88884,97,1,0,63,2010,1,9198,541,8894048.0
96228,80,1,1,15,1998,0,5135,551,9629903.8
57859,74,1,1,52,1995,0,7881,711,5796496.5
58239,88,1,0,77,1999,0,3568,155,5831545.9
7859,89,1,1,60,2018,1,6257,258,796540.8
37111,97,1,0,22,2019,1,265,360,3718382.9
90304,52,0,0,33,2020,0,4104,803,9033809.0
87906,46,1,1,33,1994,1,1489,106,8799360.4
47839,86,1,0,53,1993,1,5689,321,4792795.3
91637,5,0,0,29,2016,1,6476,169,9166209.6
92591,27,0,1,73,1991,0,5776,438,9265884.1
26614,69,1,1,60,1998,1,1700,383,2673620.8
45955,58,1,0,37,1998,0,6156,285,4599926.8
6712,66,1,1,93,2001,0,1150,594,678200.1
89725,26,1,1,83,2013,1,319,994,8985353.3
48776,60,0,0,9,1991,0,8652,307,4879354.1
63953,67,0,1,25,2004,1,6537,638,6400710.4
40508,78,1,0,63,2005,0,6334,242,4060440.5
49310,63,1,0,80,2006,0,9692,176,4943199.6
69164,48,1,1,70,2007,1,5861,652,6929542.7
61402,74,1,1,40,2000,0,3524,469,6149729.0
53749,86,0,1,63,2009,1,8488,239,5381187.9
73140,92,1,1,69,2019,1,6384,726,7325048.9
34338,41,0,0,95,1996,0,5015,251,3442319.6
52525,13,1,0,82,1999,1,7750,776,5257813.9
53753,49,1,1,37,1999,0,9951,998,5385374.9
58713,63,0,1,39,1994,1,4710,642,5879478.4
40155,33,0,1,99,2009,1,9296,227,4028472.9
32805,35,0,0,17,1994,1,6766,451,3281975.4
848,92,1,1,37,2013,1,2128,959,94998.3
67073,45,1,0,59,1996,1,4506,638,6713052.6
14520,12,1,0,2,2020,1,8531,336,1456205.0
65986,38,0,1,39,2016,0,8778,627,6605910.6
15246,59,0,1,48,2020,0,460,596,1531089.0
62613,56,0,0,69,2019,0,6845,245,6268368.9
26348,37,0,1,89,1990,0,628,756,2641767.0
44633,100,1,0,69,2010,0,8183,479,4470611.0
33126,50,1,0,87,2019,0,2592,582,3317019.9
62872,86,0,1,56,1994,1,5621,335,6293741.4
69429,65,0,0,34,1997,1,9354,215,6945733.7
67034,37,1,0,17,2014,0,4115,201,6710309.4
63817,89,1,1,92,2009,1,4092,170,6391540.9
41705,45,0,0,97,2010,0,3513,754,4173470.0
31025,96,1,0,35,2006,1,9107,606,3110889.6
33532,54,0,1,80,2021,0,773,630,3362452.1
27924,68,1,1,81,1991,1,2068,183,2805108.1
3996,65,0,0,37,1999,0,3247,101,402010.9
80524,22,1,1,49,1997,1,4111,252,8060508.7
63190,50,0,1,45,1992,0,6132,348,6323436.2
62757,74,0,1,31,2006,0,5656,761,6281435.6
54682,81,1,0,92,2013,1,1114,341,5477375.3
87987,38,1,0,97,2006,1,234,125,8810668.6
98157,91,0,1,75,2021,1,5340,465,9823508.1
81019,56,1,0,99,1995,1,8376,863,8112092.5
92296,31,1,1,69,2018,0,785,604,9237027.8
51579,37,0,1,6,2019,0,1328,636,5161447.9
41042,88,1,1,44,1990,0,6364,121,4112280.0
1737,75,1,0,92,2014,1,3403,904,179334.4
97725,88,0,1,13,1991,0,3938,175,9777735.1
30317,33,0,1,78,2019,0,4786,212,3035229.9
54146,83,1,0,79,2010,1,2595,850,5422823.0
32599,68,0,0,67,2003,0,4964,902,3265978.3
77491,58,0,0,32,2021,1,53,961,7751876.1
41164,59,0,0,69,1991,0,7302,954,4119024.1
3189,56,1,0,23,2001,0,3230,971,322194.1
97691,17,1,0,79,1991,1,5370,631,9781758.1
38486,88,0,0,50,2021,1,6167,304,3850352.1
68232,19,0,1,31,2012,1,1128,982,6828383.2
42893,26,0,0,42,2014,0,2881,493,4291975.4
7042,17,0,1,32,2012,0,9907,728,711173.2
48678,18,1,1,57,1998,0,89,775,4877324.8
14938,8,1,0,50,1991,0,5217,810,1499161.1
62596,90,0,0,70,1990,0,4330,739,6266459.0
69722,83,0,0,14,2002,0,1167,192,6972996.2
10564,99,0,1,3,1992,0,9081,836,1062047.2
49996,85,0,0,19,2021,1,2914,295,5001283.1
47327,100,1,0,40,2001,0,4006,147,4737050.1
85489,90,1,0,42,1999,1,6755,320,8555341.9
54667,26,0,1,70,2019,0,4707,729,5473221.9
72507,87,0,0,13,1999,0,4730,406,7252211.9
68113,67,1,0,29,2007,0,4788,990,6817735.7
84587,98,0,1,71,2000,1,3726,168,8468745.0
88036,30,0,0,16,2017,0,2328,947,8804243.7
91395,66,0,0,71,2017,1,3714,223,9145192.7
81805,51,1,1,16,2003,0,1695,521,8186061.3
47253,84,0,0,32,1998,0,9819,375,4728903.8
44924,97,0,0,44,2015,0,3478,117,4496017.5
62027,21,1,1,62,2013,0,6654,314,6211934.3
65583,99,1,0,27,2003,1,4196,968,6565646.3
47006,72,0,0,76,2017,0,6414,613,4707409.7
36108,69,1,1,2,2001,1,4764,289,3617759.1
56329,10,0,1,2,1997,1,542,806,5638765.7
94212,29,0,0,59,2004,1,6573,198,9427260.4
47063,10,1,1,6,2019,1,1135,996,4713133.9
45985,33,0,0,83,2008,1,9524,986,4604960.8
39269,87,0,1,16,1997,0,6604,800,3930292.7
4727,60,1,0,25,1994,0,6301,273,477285.4
24677,63,0,0,6,1998,1,6976,314,2469125.8
42936,74,1,1,51,2016,1,6601,870,4300587.6
93013,76,0,0,80,2005,0,7518,786,9307630.5
70881,45,1,0,64,2002,1,6846,312,7092821.2
99130,99,0,1,23,1993,0,7265,115,9916962.3
82113,22,0,0,24,2016,0,9897,886,8212303.6
3475,5,1,1,9,1998,1,5996,431,355722.8
23863,67,0,1,71,1990,0,6878,257,2397991.0
25602,37,1,0,17,2021,1,9608,703,2564047.1
81021,39,0,1,42,1995,1,6345,252,8107700.5
25307,24,1,0,90,2014,0,9536,381,2538791.4
18262,61,0,1,71,2021,0,9975,218,1834387.1
48077,63,0,1,7,2018,0,7539,438,4812989.8
94973,55,0,1,86,1995,1,3478,987,9502380.5
32138,23,1,1,91,1994,0,5589,839,3224251.4
10854,58,1,1,95,1993,1,2726,951,1096077.3
80306,84,1,1,91,2004,0,7018,371,8037519.4
1138,4,1,0,18,1996,1,8264,269,117207.6
24045,31,0,0,56,1991,0,9640,851,2407159.1
20860,49,0,0,60,2012,0,6395,173,2091881.2
57790,23,0,1,65,2002,0,1464,622,5787991.2
73517,79,0,1,63,1991,1,227,931,7355043.1
137,32,0,1,47,2021,1,6831,242,21201.1
69685,82,1,0,32,2006,0,757,844,6973812.6
11104,69,1,1,19,1996,0,6106,471,1116580.6
65060,30,1,0,75,2013,0,6375,113,6514250.3
25655,31,1,1,9,2001,1,2420,884,2573091.1
13285,7,0,1,57,1994,0,4719,668,1334194.4
84706,75,0,0,24,1990,0,8118,923,8473043.0
98298,85,0,1,97,1995,1,43,311,9843812.5
74921,57,0,1,61,2012,0,5718,978,7494913.2
9771,26,0,1,48,1995,1,2211,367,983421.5
77561,62,0,0,79,1999,0,3871,606,7760341.9
40104,56,1,1,44,2000,0,8809,689,4020381.0
4308,79,0,0,19,2003,0,3660,509,432778.3
14004,5,1,1,33,2004,1,9535,818,1410301.4
85829,23,1,1,32,2005,1,9686,657,8592258.5
73776,92,1,0,43,2002,1,1789,805,7383860.2
86253,24,1,1,47,1998,0,2626,909,8633980.8
85423,40,0,1,39,1992,1,6201,476,8548531.2
11757,57,1,1,5,1993,1,2326,760,1183388.3
33761,71,1,0,76,2001,0,5758,677,3381494.1
33749,85,1,0,2,2016,0,8671,646,3379893.6
83865,38,1,1,42,1992,1,8832,680,8395225.2
79067,27,1,1,58,1994,1,8279,183,7914438.4
91698,21,1,0,38,1993,1,521,109,9177134.3
22973,41,1,0,80,2001,1,6044,804,2302445.1
27838,87,1,0,73,1993,0,3189,241,2787148.3
21832,69,0,1,26,1990,0,4442,149,2186291.0
291,22,1,1,47,2003,0,6446,366,38413.3
46666,81,0,0,38,2011,0,3128,277,4668103.1
88329,22,1,1,20,2004,0,9532,836,8841056.4
37103,61,0,1,8,2017,1,4148,848,3714959.7
29789,87,0,0,90,2014,0,6009,879,2984021.4
1399,77,0,1,67,2009,0,9089,750,148407.9
13696,8,0,0,40,2003,1,905,398,1371950.3
79354,4,1,0,28,1991,1,4757,895,7939210.1
93656,65,0,1,8,2007,0,4173,230,9369720.7
16247,71,0,0,95,1990,0,8238,957,1634324.0
97330,23,1,0,82,1996,0,362,430,9739677.6
78982,38,1,0,18,2007,1,1538,328,7905259.7
78367,30,1,1,89,1995,0,6088,319,7847930.5
98729,36,0,0,4,2002,0,9090,351,9873352.2
97651,26,0,0,45,1998,1,2936,299,9769739.8
69203,8,0,0,68,1993,0,9636,732,6926561.3
44416,76,1,0,46,2001,0,2296,577,4450953.1
68494,83,1,1,79,1992,1,9754,264,6854981.2
59545,65,0,1,21,2020,1,5558,642,5958908.0
66784,34,0,0,3,1992,1,238,853,6679374.2
69375,6,1,1,96,2003,0,9878,954,6952253.3
75990,57,0,1,6,2006,1,3803,511,7605199.6
92539,55,1,0,74,2001,0,5478,427,9260585.1
57720,35,1,1,14,2017,0,3550,794,5777415.7
44961,14,0,0,50,1997,1,3790,627,4501549.7
20964,82,1,1,1,2001,0,2157,950,2101237.1
42734,84,0,1,67,1990,0,8532,195,4279195.0
23895,41,0,1,26,2012,0,9891,997,2396762.2
13877,23,1,1,23,2003,1,5312,819,1397190.3
46470,32,0,0,30,2012,0,3805,313,4650661.2
17317,90,1,0,97,2021,1,1466,587,1738012.1
47542,75,1,1,40,1996,1,3378,699,4764418.6
82408,53,0,1,95,1997,1,8132,416,8248881.7
9434,63,1,1,91,1993,0,6177,801,954722.3
16467,84,1,1,55,2014,0,6574,473,1659656.4
56296,18,0,1,32,2016,0,6200,602,5637090.6
48789,42,1,0,51,2007,1,6600,591,4887322.7
5769,97,1,0,79,2005,1,1964,159,588379.5
51827,90,1,0,59,2007,1,8141,250,5192441.7
9115,24,0,1,8,1997,1,7187,472,914381.7
12641,20,0,1,54,2014,0,9434,148,1270857.4
26966,91,1,1,44,2002,0,2435,792,2709495.2
65479,82,0,1,48,1990,1,2907,111,6553618.0
47583,48,0,0,99,1992,1,3705,983,4762269.2
93184,78,0,0,43,1992,1,3946,159,9321499.2
1254,38,0,0,57,2001,1,9002,283,128928.1
95328,59,1,1,24,2020,0,8716,269,9538747.0
7388,75,0,1,96,2018,1,4898,366,750538.8
34555,35,1,1,45,2003,1,1597,286,3467129.3
61310,49,0,0,21,2006,1,5865,618,6132679.6
20714,61,1,1,83,1993,1,9406,277,2077129.3
94704,55,1,1,6,2007,1,3351,815,9480933.7
13353,17,1,0,18,2011,1,6437,559,1338753.1
57475,67,0,0,83,2007,1,654,914,5753644.7
84795,41,0,0,22,1992,0,5173,407,8481583.2
70465,10,1,0,11,2012,0,9473,955,7052303.2
68270,37,1,0,65,2018,1,3366,928,6835596.8
26389,85,0,1,39,1993,0,4738,904,2646987.3
57552,99,1,0,19,1993,0,445,134,5759074.3
84291,7,0,0,65,1998,0,7574,721,8432314.8
60059,60,1,0,9,2000,1,2181,330,6008916.0
91513,50,0,0,3,2002,1,5906,232,9152366.2
70544,4,0,0,11,2002,0,5701,322,7055619.2
16565,91,0,0,95,2005,1,6950,826,1663375.5
75865,10,0,1,60,1997,1,1006,955,7595183.7
29758,34,1,0,63,2021,1,5853,514,2982078.1
95566,7,1,1,21,2002,1,2871,474,9564576.2
1090,30,1,1,40,2003,1,6324,193,118270.3
98319,91,0,1,55,2014,1,6427,489,9837654.4
18693,18,1,0,99,2005,1,2092,423,1876877.5
21781,65,1,1,26,1991,1,9090,289,2187037.1
33662,46,1,0,38,2010,1,7341,561,3370242.0
94420,34,1,0,75,2020,0,2413,311,9453347.0
53313,19,1,0,35,1995,0,2157,352,5334996.5
54060,5,1,1,46,1990,0,2407,674,5414753.0
67709,22,1,1,78,1994,1,1056,359,6782857.4
85740,22,1,1,59,2010,0,5447,572,8579832.0
28659,58,0,1,21,1993,1,4774,301,2869081.3
30217,36,1,1,73,2014,0,5031,498,3033408.4
58165,26,1,0,2,2021,1,1746,644,5819124.1
4014,11,1,0,22,2017,1,8612,811,404625.7
13523,59,1,0,38,1995,1,7180,843,1358157.5
49772,90,0,1,68,2007,0,2310,995,4985835.7
85904,65,1,0,43,1996,1,7909,434,8594924.6
22541,99,1,1,27,2011,0,4339,419,2264203.1
39132,43,0,1,83,2008,0,1287,161,3920808.8
32785,27,0,1,21,1991,1,2935,777,3284948.1
69831,71,0,1,46,2005,0,1614,380,6990205.5
80301,1,1,0,77,2001,0,213,160,8042286.1
10802,34,0,1,10,2018,0,8297,675,1086000.8
87853,26,0,1,54,2011,0,5587,297,8789947.1
86424,86,1,1,100,1998,1,5568,895,8654131.8
44595,29,0,0,77,1998,0,5697,562,4460946.8
60056,75,0,1,7,1995,1,7429,344,6011032.5
30896,27,1,1,15,2008,0,2033,342,3097036.8
54484,38,1,0,76,2011,0,9399,838,5456741.1
16571,50,0,0,82,1993,1,8026,463,1663083.3
87858,18,0,0,31,2020,1,8181,209,8786967.0
19869,99,0,0,86,2021,1,8661,339,1992188.1
54298,90,1,0,24,2017,1,8083,829,5432285.7
8191,10,1,0,30,2001,1,9361,434,823318.1
79950,89,0,0,64,1997,0,2113,220,7997513.7
73332,42,0,1,49,2000,0,2779,594,7339665.0
31669,8,1,1,21,1998,0,5984,920,3174122.8
97412,27,0,1,90,2002,0,4015,726,9747182.2
63163,93,0,1,36,2008,1,1326,659,6324361.8
43907,29,0,0,34,2017,1,6877,612,4392043.7
64260,38,0,0,29,2018,1,2011,255,6427856.8
42585,74,1,1,30,2000,1,3600,805,4266978.0
35108,94,1,0,14,2009,1,7735,480,3515504.9
12127,22,0,0,69,1998,0,8522,882,1214434.8
63669,45,0,0,72,2001,1,5474,828,6372430.1
24278,59,0,0,60,2000,1,6038,673,2430050.0
18937,50,1,0,45,2001,0,5676,263,1899216.1
82865,32,0,1,97,2001,0,7868,637,8296881.1
58599,96,0,0,97,2010,0,140,935,5862285.0
85101,91,1,1,44,2015,0,908,104,8517678.5
95649,3,0,1,8,1992,1,9403,253,9567841.2
2448,87,1,0,30,1990,1,170,158,251247.0
31539,62,0,1,11,2010,1,8253,749,3158408.0
96853,91,0,0,62,2007,0,9286,616,9689548.7
64718,54,0,1,4,2003,1,3947,781,6476248.3
5263,64,1,0,25,2014,1,2881,659,530890.4
1115,97,1,1,96,2014,0,1015,517,129053.4
35568,6,0,0,26,1998,1,951,724,3558401.8
98423,8,0,0,10,2011,0,7336,111,9843291.1
78772,64,1,1,60,1995,0,6523,275,7887820.5
6592,59,0,0,99,2014,0,3049,396,666733.4
22773,16,1,0,44,2009,0,8129,501,2283953.9
4800,51,0,1,83,1995,0,3715,786,489132.5
65322,24,1,1,67,2015,1,4968,923,6543253.5
29310,74,0,0,3,2000,0,10,968,2932138.0
70742,95,1,1,99,1993,1,552,261,7091010.3
60239,37,1,0,77,1998,1,7220,276,6032661.8
35693,67,0,1,94,2012,0,755,149,3579115.2
8395,94,0,1,2,2019,0,1618,833,842343.9
81718,46,1,1,20,2015,1,8712,179,8179978.5
79368,63,1,1,14,2003,0,2341,743,7940744.3
35420,86,0,0,43,2010,1,4993,813,3543382.0
33267,84,0,0,68,2018,0,2950,631,3329395.8
57971,35,0,0,41,1993,0,4187,977,5800901.3
17686,100,1,1,66,2010,0,3069,303,1777384.0
59159,62,0,0,80,2017,1,1811,428,5921171.7
75700,25,0,0,55,2013,0,7489,433,7571506.3
92384,95,0,0,3,2014,1,789,455,9239195.4
87425,60,0,1,61,2004,0,1411,715,8748652.4
18040,80,1,1,62,2016,0,3029,157,1813007.6
68992,99,1,0,39,1995,0,2245,682,6907585.5
10141,66,1,0,48,1997,1,9916,372,1020755.7
83647,83,0,0,33,2003,0,6035,405,8367526.3
94846,26,0,1,60,2014,1,887,441,9492403.4
42105,72,0,0,5,2015,1,7013,480,4211221.5
49833,93,0,1,48,2017,1,6874,194,4991168.7
35825,25,1,0,12,1992,1,7272,167,3587596.2
69428,8,0,1,1,2013,0,8231,118,6944939.3
77287,55,1,0,86,2014,1,5138,437,7734572.4
13166,33,0,0,80,2019,1,4804,1000,1323421.9
46131,38,1,1,15,2005,1,7725,249,4619824.5
37111,54,1,1,85,1991,1,2218,679,3720632.1
46540,26,0,0,85,2009,1,5740,667,4656975.9
32369,98,0,1,32,2013,1,5326,182,3242795.3
2192,69,1,0,84,1999,1,9578,748,226924.9
22752,14,1,1,58,2008,1,7726,988,2284238.8
43252,4,0,0,14,2010,0,9888,691,4326741.0
64697,9,0,0,56,2005,1,1581,510,6474788.5
93168,74,0,1,58,2002,0,6692,690,9321665.2
94681,15,0,1,38,1998,0,4413,757,9476231.8
27903,21,1,0,65,2007,1,7234,211,2800107.7
2943,1,1,1,29,2005,1,4470,851,302523.5
80746,36,0,0,19,2003,1,7670,892,8077153.3
13449,81,1,0,99,2016,1,9907,293,1356395.6
66907,24,1,1,93,2012,0,6630,366,6703560.2
83377,43,0,0,45,2003,0,937,831,8342685.3
77849,12,0,0,55,2002,0,1951,303,7789805.2
92759,90,1,0,21,1992,1,3299,760,9280104.2
47283,43,1,1,6,2012,1,9325,856,4734429.2
96593,95,1,0,79,2009,0,222,761,9665702.9
71226,52,1,0,66,1995,0,7795,782,7127541.5
49136,9,1,1,48,2006,0,4728,998,4919606.6
67434,67,1,1,16,1997,1,3840,906,6749956.7
55324,87,0,1,47,1994,1,2998,291,5535750.4
43410,68,1,0,30,2006,0,5208,754,4346921.6
54919,13,1,0,15,1996,0,4870,647,5497882.6
3880,24,1,1,85,2013,0,8299,246,394027.3
7028,35,1,1,20,1995,1,7528,219,711682.5
31433,31,1,1,6,2016,1,2568,145,3152681.6
83521,59,1,1,47,2007,1,3228,195,8360843.7
60797,97,1,1,13,2002,1,558,986,6088961.2
86284,100,1,0,22,1990,0,7612,366,8632859.0
44966,52,0,0,18,2020,0,5180,328,4497556.0
18932,36,0,0,51,1991,0,3661,110,1897312.1
91250,88,0,0,73,1997,1,9598,273,9129722.7
92563,2,1,0,22,1993,1,4159,722,9262042.3
48319,59,0,1,54,1998,1,412,378,4839740.8
27565,79,1,0,3,1999,1,5802,634,2760622.9
38455,44,0,0,77,2020,0,9249,663,3851261.0
66180,6,0,0,80,2003,0,3288,164,6619700.3
43037,78,0,1,82,2015,1,8444,426,4310516.5
49365,94,1,0,46,2016,1,871,185,4941743.6
7364,45,1,1,77,2010,0,4918,650,746098.0
49588,36,0,0,75,1998,1,9692,301,4963749.8
51957,65,0,1,16,2021,0,3141,988,5199371.1
31383,68,1,0,12,2008,0,3741,877,3144398.8
97271,53,0,1,64,2011,1,9741,800,9738138.1
74271,67,1,0,6,1992,1,7245,756,7430269.2
37217,90,1,0,85,2000,1,2628,309,3729864.0
61295,43,0,1,76,1995,0,8048,329,6135795.5
53067,14,0,0,74,1991,0,7988,647,5312209.1
45732,86,1,1,32,2011,1,7868,462,4583088.1
73470,43,1,1,32,2001,0,5516,234,7356027.1
75839,41,1,1,73,2019,0,402,886,7595476.9
19658,53,0,0,31,2005,1,7965,818,1969247.5
67974,48,0,0,2,2021,0,6054,788,6797812.1
14195,3,0,0,41,1991,0,3179,116,1421839.1
12624,45,0,0,68,2001,1,270,506,1268100.1
12739,100,0,0,70,2010,0,7855,910,1278581.0
50567,50,0,0,19,2013,1,1657,531,5058199.3
25079,10,1,0,99,2018,1,727,841,2515722.8
14856,3,0,1,57,2018,0,3592,819,1490234.8
48408,85,1,0,60,2020,1,918,176,4844150.0
9423,51,0,0,56,2010,0,2142,926,944455.0
82614,37,1,0,60,2002,1,58,875,8269246.2
15726,33,0,1,40,2013,1,359,867,1580718.3
78671,86,0,0,17,2013,0,5203,841,7868709.3
20197,64,1,0,97,1990,1,6461,138,2027294.0
30713,97,0,1,64,2011,0,9968,446,3079646.1
83019,10,0,1,79,1993,0,9536,432,8307344.3
34639,25,1,1,98,2017,1,8732,421,3474105.7
19606,82,1,0,89,2009,1,7187,668,1972219.9
54753,100,1,0,84,2000,1,8285,281,5482557.0
35750,84,1,1,99,1991,1,4748,721,3587011.1
40776,63,1,1,5,2005,0,7587,188,4083372.5
76938,62,0,1,64,1990,1,9365,850,7697356.0
22421,30,0,0,46,1996,0,6380,776,2245981.6
78379,4,1,1,3,2002,0,4238,140,7845253.2
28804,79,0,1,36,1998,0,8294,937,2884048.8
2434,16,1,1,18,2013,0,5345,884,253611.3
23281,86,0,0,30,2004,0,9637,136,2329260.4
92417,91,0,0,7,2001,1,8642,412,9242684.1
82560,46,0,0,56,2012,1,3950,218,8258817.2
24936,67,0,0,70,2020,1,5815,349,2498112.0
3261,7,1,0,52,2013,0,6538,172,333334.3
86526,50,1,1,89,2003,1,4774,735,8668619.3
81673,47,0,1,3,2013,0,2412,767,8171876.3
17901,47,0,0,23,2021,1,8653,734,1791955.1
86179,26,0,1,2,2013,0,894,363,8622983.3
84465,47,1,0,64,2003,0,5688,418,8455710.3
37916,26,1,1,52,2004,0,4276,627,3798906.4
20852,100,1,1,11,1993,1,9496,629,2096217.3
86258,100,1,1,55,1998,1,6357,555,8632872.8
25784,73,0,0,3,1995,1,4807,121,2579008.5
27925,99,1,0,93,1991,0,483,249,2805117.1
59522,13,1,1,24,1996,0,3542,394,5959601.6
31741,97,0,1,89,2004,0,6044,675,3186350.4
37491,53,1,0,53,2006,1,689,620,3756011.6
74283,72,1,1,61,2017,0,5945,594,7441067.7
1251,58,0,1,34,1994,0,7111,130,128837.4
6389,11,0,1,100,1991,1,9768,479,645862.1
92090,7,0,0,9,2020,1,6989,504,9210284.0
85562,99,0,1,33,2007,1,5732,386,8560277.7
90722,46,1,0,30,1999,1,1975,690,9075929.9
66159,81,0,1,26,1991,0,5825,434,6622247.1
71481,48,0,1,35,2007,0,9555,942,7153828.7
20166,8,0,0,89,1992,0,5504,845,2022517.2
14635,58,0,0,82,1997,0,6425,465,1471115.7
9180,33,1,0,47,2021,1,5264,534,926287.1
45330,28,1,0,9,2018,1,7772,627,4538131.8
39486,33,1,1,94,1997,0,187,583,3955805.7
85448,35,0,1,54,2003,0,6809,202,8548169.3
54941,21,0,1,87,2010,1,8814,330,5500531.0
46317,20,0,0,87,2010,0,3009,959,4634439.0
36842,15,0,0,36,2013,0,7010,855,3686933.3
40101,82,1,1,68,2009,1,1153,794,4023279.9
38586,18,1,0,82,1992,0,2920,185,3866990.2
14274,66,0,0,88,1990,1,243,349,1432787.0
63860,52,1,0,95,1997,1,9641,934,6392454.7
34891,65,0,1,34,2020,1,1871,169,3496198.0
98433,15,1,0,62,2000,0,2401,317,9851666.0
98827,89,0,0,73,2014,1,647,514,9886586.4
52100,3,1,0,55,2018,0,5990,503,5212486.8
19185,89,1,0,84,1996,1,8514,221,1926146.6
58027,9,0,1,35,2015,1,8401,865,5807819.5
93409,38,0,0,9,2013,0,7980,622,9342104.3
28193,90,1,1,82,2008,1,4083,643,2830504.8
24936,52,0,1,94,1995,1,1318,993,2503388.5
5579,97,0,1,93,2010,1,5773,368,567203.0
87479,74,0,1,78,2004,1,3269,829,8752889.4
60824,96,1,0,34,1995,1,8330,165,6086663.5
54888,66,0,1,33,2017,0,182,853,5494594.7
46865,18,1,0,39,2020,1,1187,912,4690710.0
41143,70,0,0,93,2003,0,5736,952,4116195.3
61847,85,0,0,96,2014,0,7804,718,6190109.4
16016,35,1,1,2,2016,1,3311,967,1611775.6
30159,16,1,0,9,2013,0,7204,520,3021149.3
32597,81,1,0,64,1993,1,7663,385,3269431.3
91824,65,1,1,75,1991,0,4280,883,9191892.1
90097,38,1,0,94,2013,0,5202,957,9020358.3
85854,62,0,1,46,2001,0,6111,516,8592747.1
6556,57,1,1,46,1997,0,715,832,665259.7
83808,55,1,1,86,2002,1,4434,553,8396265.2
41301,83,1,0,31,2017,1,3108,120,4138612.7
51517,32,0,0,83,2018,1,3752,890,5155871.8
94856,7,1,0,34,1994,0,9235,120,9488018.4
3818,4,0,0,32,2011,1,6682,546,383235.1
24297,73,1,0,20,1992,0,9339,863,2432581.2
80656,29,1,1,26,2012,1,5837,127,8072208.2
84254,41,1,1,95,1990,1,3106,992,8436781.0
96140,47,0,0,28,1997,0,2566,106,9615267.7
4261,94,0,0,74,2016,0,2648,667,433557.6
9502,8,1,1,22,2005,1,9415,445,957812.5
46390,27,1,0,87,2010,1,6706,623,4645999.0
77989,66,1,1,45,2017,1,8263,997,7809037.7
36563,95,1,1,78,2002,0,8063,626,3668071.2
27492,38,0,0,1,2002,0,5607,951,2749560.2
63720,18,0,1,59,1990,1,279,542,6380496.0
88328,35,0,1,19,2010,0,4895,636,8836891.0
10559,13,1,0,42,2001,1,6513,720,1059700.1
36799,62,0,0,15,1998,0,8005,548,3680514.8
52899,33,0,1,54,2006,1,2001,613,5297388.6
67697,71,0,1,15,1993,0,7645,112,6775896.3
82372,55,1,0,2,2012,0,6577,876,8241290.2
93197,76,0,1,46,2009,0,992,876,9325361.9
68703,16,1,1,12,2007,0,3071,442,6874684.7
44626,46,1,1,39,2004,0,2047,824,4468759.4
48809,16,0,0,54,2012,0,3253,916,4884591.2
61152,84,1,0,34,2007,1,8053,884,6121942.7
25230,26,1,0,28,2000,0,3447,846,2528241.0
55153,50,1,0,8,1997,0,7646,308,5521415.7
15320,44,1,1,25,2011,1,9146,580,1541104.1
62064,15,0,0,42,2003,0,6148,705,6210682.3
84285,95,1,1,32,1993,0,6570,888,8439379.3
35067,47,1,1,30,1992,0,9739,602,3515220.2
70945,92,1,0,13,2011,1,621,537,7099572.1
69348,68,0,0,44,2016,0,2039,408,6937939.6
23705,8,1,0,88,1990,1,138,591,2381470.0
53359,28,0,0,47,2018,1,2648,652,5340229.8
52801,60,1,0,25,1999,0,4699,326,5286434.9
79109,84,1,0,36,1991,0,7903,886,7917767.1
6305,86,0,0,98,1992,0,9743,133,640701.2
19739,67,0,0,84,2021,1,1335,227,1979188.1
72838,60,0,0,31,1998,1,3357,678,7285684.8
94639,10,1,1,72,2001,1,5829,237,9472276.1
43503,94,1,0,34,2000,0,4752,427,4357290.0
36489,98,0,0,58,2006,1,206,359,3653934.6
67397,53,1,1,51,2003,1,2690,534,6749164.3
22136,28,0,0,72,2007,0,7089,215,2218930.7
66819,4,1,1,54,2009,0,2132,761,6694413.9
39688,69,0,0,79,2003,1,3321,793,3974008.3
66670,26,0,0,42,2004,0,8416,715,6669170.4
66274,25,0,0,76,2005,1,5386,295,6632910.5
67125,40,0,1,49,1993,0,8717,142,6717281.3
72239,23,0,0,20,1993,0,9534,955,7226199.3
71846,42,0,0,4,2019,0,1399,291,7185293.9
73190,67,1,1,27,2001,1,2873,157,7331191.1
20258,100,0,1,60,2011,0,5859,922,2033594.1
79176,5,0,0,45,2016,1,7164,806,7919191.6
54927,67,0,0,16,1997,0,8481,613,5494599.7
62960,39,1,1,72,2013,0,3214,643,6305088.3
7002,78,1,1,37,1995,0,3821,661,710140.5
65029,14,0,0,70,2021,1,3184,159,6507042.1
71876,43,0,1,24,2019,0,8135,618,7194841.9
81468,19,0,1,39,2009,1,7553,184,8152781.9
80823,23,0,1,31,2004,0,1180,307,8088333.4
57132,74,1,0,70,2014,1,671,832,5724484.4
29528,60,0,0,16,2016,0,2515,934,2954357.6
80759,34,1,1,79,2009,0,1339,242,8087126.9
94540,98,1,1,20,2012,0,5199,568,9460696.2
48070,2,0,0,65,2013,1,4077,109,4812736.3
8962,89,1,1,49,2008,0,4716,742,906747.8
41738,48,0,0,41,2019,1,3875,856,4176013.9
62314,96,1,1,32,1997,1,3322,584,6241387.7
50668,4,1,0,29,2006,0,8205,502,5071084.6
2725,13,1,0,50,2014,1,9573,146,280421.4
88205,20,1,0,63,1998,0,7110,404,8827584.8
51785,24,1,1,81,2003,0,7229,865,5191640.3
52284,59,0,1,58,2013,1,6926,301,5236681.3
77411,3,1,1,9,2018,0,6481,152,7746795.8
50875,65,1,1,43,1991,0,8637,178,5097157.1
5640,2,1,0,44,2018,1,8766,313,567329.8
4371,73,1,0,13,2020,1,9765,563,440119.0
98257,19,0,0,69,2001,1,8466,689,9828903.1
90499,27,1,1,75,1997,0,7822,745,9057504.7
622,81,0,0,17,2010,1,6506,528,63977.0
40777,39,1,0,53,1993,0,5905,885,4085326.3
1008,4,0,0,73,2005,1,7988,505,102749.5
57718,14,1,0,69,1993,0,9975,573,5781612.3
17167,90,0,1,60,2004,0,9477,757,1722105.4
46131,39,0,1,31,2013,1,8713,933,4616542.3
40567,56,1,0,96,2001,1,8629,491,4065377.1
77151,59,0,1,7,2016,1,7404,535,7718218.6
94943,96,0,1,21,1991,0,6589,917,9497260.1
31179,87,1,0,56,2008,1,5749,641,3126446.8
80693,79,1,0,80,2018,1,5794,653,8078843.8
16145,57,1,1,24,2008,0,3209,265,1624354.8
9678,10,1,0,87,2008,0,2142,787,971236.8
73554,81,0,0,46,2004,0,5221,289,7358902.4
6914,33,0,1,29,1996,0,1723,263,697528.6
2995,85,0,1,10,2019,1,9970,569,303184.9
68245,23,0,0,99,2005,1,7027,374,6827724.5
52649,43,0,1,54,2004,0,908,503,5272349.4
39040,42,0,0,50,2009,1,9320,936,3905700.9
33936,95,1,1,93,2018,0,11,590,3406131.8
18762,97,1,0,7,1991,1,2869,504,1880746.1
40952,58,1,1,57,2004,1,1473,688,4104641.4
90404,26,1,1,9,2004,0,4656,931,9048377.4
94947,30,1,0,97,2000,1,4753,364,9501779.0
81866,45,1,0,53,2007,1,6574,396,8192664.7
49909,3,0,1,5,2006,0,3565,228,4994456.6
31042,52,1,1,48,2017,0,1653,294,3111504.7
35810,65,0,1,100,2001,1,1939,696,3589881.1
2985,53,1,0,12,2011,0,7032,943,301138.1
63693,2,1,0,36,2005,0,5515,873,6375077.5
94754,53,0,0,82,2010,0,3353,688,9481349.0
15162,41,1,0,91,2012,1,8215,806,1521757.2
32956,2,1,1,46,1993,1,7599,838,3305549.3
96224,16,0,1,33,1990,0,6992,573,9627880.0
86806,78,0,0,96,2001,1,8692,515,8683516.1
42537,43,0,0,74,2010,0,6399,547,4256423.0
77045,29,0,1,25,2013,0,6537,955,7708578.3
76912,77,1,0,2,2005,0,5294,993,7695798.5
33814,70,0,1,63,2014,0,3128,328,3390442.4
4052,14,1,1,34,2002,0,247,953,416251.2
634,64,0,1,10,1990,1,5713,588,66144.0
32325,98,0,1,22,2009,0,8975,758,3237949.9
59348,69,0,0,45,1995,0,3429,876,5939099.5
40148,80,0,1,91,2003,1,9401,692,4023820.3
62064,33,1,1,34,2007,0,4987,710,6216761.7
23172,83,0,0,19,2015,0,7661,435,2319447.5
80277,78,1,1,27,2019,1,5542,523,8038200.9
62236,45,0,0,32,2011,1,5406,919,6224903.1
58110,7,1,1,1,2003,1,9379,499,5814953.3
99952,41,1,0,69,2000,1,1285,192,9998411.0
9780,95,0,1,36,1992,0,7110,537,982222.2
26230,91,1,1,21,2005,1,4570,474,2630871.5
44509,50,1,0,26,2005,0,7221,267,4454810.5
94182,78,0,1,58,2005,1,1660,535,9426417.5
28309,57,0,1,36,2009,1,3323,501,2838029.9
98710,68,1,0,40,1994,0,3411,260,9877813.4
6362,94,1,0,95,1994,1,4341,328,644794.4
21857,93,1,0,16,2006,1,8040,147,2191307.6
60064,57,1,0,93,2015,1,8570,490,6014103.5
41526,16,1,0,91,2014,0,8349,575,4163200.4
65163,42,0,1,49,2018,1,1666,940,6521655.8
38355,80,1,1,22,1992,0,5234,487,3840740.2
8020,80,0,1,85,2012,0,6296,970,810755.2
95780,86,0,1,36,2011,1,3382,301,9583143.1
63267,74,1,0,36,2007,0,988,316,6335282.7
69314,16,1,1,80,2020,1,2084,118,6940209.0
37781,12,0,0,31,2010,1,9571,472,3781636.0
77210,59,1,1,27,1999,0,1272,217,7729101.9
50792,60,0,1,74,2021,1,9192,451,5089100.1
98934,70,0,1,95,1993,1,9407,138,9902124.3
74265,33,1,0,87,2014,1,2985,777,7437378.4
93180,87,1,0,54,2006,0,531,776,9324362.6
4809,39,0,1,48,2003,0,4742,923,484933.3
91673,4,0,0,47,2011,0,2224,153,9170900.1
13027,58,0,1,2,2011,1,8344,341,1306637.1
40010,53,0,1,20,1992,0,2162,275,4006702.2
86019,21,0,0,91,2014,0,4019,829,8611760.4
65427,85,0,0,81,2013,0,2049,651,6544509.3
52202,5,0,0,69,2010,1,8270,551,5225648.0
85345,61,1,1,22,1995,0,6755,959,8541574.5
7472,14,0,1,16,1991,0,1922,208,753639.1
60167,16,1,0,81,2014,0,2881,881,6023926.4
822,31,0,1,17,1994,1,6382,819,86104.4
17889,58,1,0,84,2012,0,6772,250,1797252.2
78122,61,0,0,33,2018,0,6797,954,7815968.8
39831,51,1,0,78,2013,1,803,125,3989679.3
67947,11,0,0,79,2000,0,5715,917,6798431.0
90265,45,0,0,4,1990,0,7773,827,9026973.0
21522,93,0,1,11,2008,0,2259,804,2157060.8
79298,57,0,1,64,2007,0,2025,824,7935780.7
6481,86,1,1,60,2017,1,3579,517,660339.7
87204,87,0,0,90,2007,1,6225,192,8729160.7
19526,16,0,1,55,1999,1,5752,562,1962173.9
61527,63,0,0,49,2007,1,464,705,6157867.7
52141,9,0,0,35,2010,1,8712,487,5215581.0
45370,56,1,1,28,2011,1,7717,583,4545472.1
38511,71,0,0,27,2005,0,9764,123,3852614.5
54462,3,1,1,36,2001,0,5999,800,5458103.1
83847,31,0,0,73,2008,0,8793,759,8386564.8
70213,9,0,1,32,1991,0,3866,322,7025651.1
22328,37,1,1,54,2008,1,5198,827,2243514.8
72870,25,1,1,29,2007,0,1533,167,7293420.7
34980,16,1,1,84,2016,1,2449,129,3507649.6
73136,77,1,0,88,2006,1,1730,967,7325694.6
90087,29,0,1,80,1995,1,63,498,9015048.5
16714,61,0,1,9,1998,1,6412,933,1675672.8
52455,54,0,1,20,2021,1,943,443,5250717.1
10817,97,0,1,12,2000,1,2414,654,1087354.0
95367,11,0,0,41,2000,0,630,730,9539232.0
94018,60,1,0,99,2004,1,3034,781,9414111.4
38947,91,0,0,76,1996,1,1230,867,3897019.6
46976,97,1,0,91,2006,0,6827,844,4705156.6
34673,52,0,1,30,2001,0,9532,822,3473056.1
17392,99,0,1,78,2001,1,6280,442,1745197.1
43359,82,0,1,51,1991,0,9880,831,4341769.1
32309,58,1,1,88,2002,1,6445,542,3242419.2
88352,61,1,1,100,2017,1,8867,597,8844632.7
50878,23,0,0,9,2016,1,5153,135,5089157.6
60886,15,0,0,12,2005,1,8290,252,6090272.5
63792,73,0,0,39,2000,0,4550,738,6381705.0
85215,25,0,1,1,2000,0,2403,810,8526942.0
80998,28,0,1,34,1992,0,7518,618,8107792.2
29250,3,0,1,71,2015,1,187,729,2935648.5
37941,47,0,0,41,2013,1,2711,583,3796341.3
11242,14,1,0,75,2000,1,9700,562,1127009.0
91558,18,0,0,46,1992,0,8565,304,9158541.2
87819,30,0,0,4,2006,0,5912,377,8782664.6
10035,15,1,0,6,2005,0,440,961,1006634.5
57676,66,0,0,47,1991,1,8251,583,5769101.1
20297,18,0,1,82,2002,0,8804,101,2035832.2
68006,63,0,1,80,2010,0,4738,473,6812540.0
48994,59,0,1,3,1992,1,8889,255,4904547.2
66738,7,1,0,19,1995,1,4510,726,6680395.5
22855,24,0,0,80,2017,1,2046,906,2289561.7
21196,34,0,1,7,2004,1,2789,128,2124683.4
36702,66,1,1,45,2020,0,8850,476,3678080.0
76612,28,1,1,57,2000,0,4407,210,7670470.0
22974,86,0,0,50,2020,1,1698,826,2300702.0
16348,12,0,1,4,2008,0,6070,542,1640404.8
50109,4,1,1,27,2018,0,478,690,5019832.8
41759,49,0,1,64,1995,1,7628,557,4181321.5
19572,96,1,1,64,2017,0,6782,383,1969866.7
712,29,1,1,19,2019,0,330,661,80879.9
88172,3,0,0,41,2018,1,8601,190,8818402.8
46944,65,1,1,2,1995,0,4029,158,4699401.5
79649,51,1,0,98,2009,1,3251,261,7976501.9
27488,63,1,0,28,2004,1,5009,718,2756731.4
10972,90,1,0,73,2017,0,3653,923,1105258.7
17797,13,0,1,82,1992,0,1253,579,1792290.2
16252,30,1,0,58,1998,1,6786,748,1630793.8
71603,39,1,1,7,2010,0,1864,402,7169029.0
87022,60,1,0,89,2012,0,9969,874,8707681.2
62289,32,0,1,96,1998,1,3573,423,6233774.8
5825,60,1,1,90,2016,0,4888,424,598186.6
85225,40,1,0,21,1993,0,4706,482,8527022.3
5820,41,1,0,78,2010,0,5270,435,592006.0
90539,14,1,1,81,2012,0,8002,521,9069445.2
35233,53,1,1,52,2000,0,1637,361,3536738.0
98559,33,0,0,94,1991,1,3762,173,9862559.1
58056,17,0,1,29,1998,0,927,955,5809089.8
91207,63,1,0,26,2004,1,8088,976,9126333.4
67923,20,1,0,66,2018,1,2913,512,6799955.8
12641,28,1,0,63,1992,0,2049,528,1272159.2
35691,53,1,1,95,2016,1,8370,340,3582171.6
48627,54,1,1,87,2000,0,9952,607,4871835.0
5183,31,0,1,78,2013,0,6823,864,521772.3
16631,68,0,0,95,2003,1,1180,681,1667835.3
18144,19,1,0,8,2020,1,5561,554,1819929.0
10586,27,1,1,6,1991,1,7139,558,1066983.1
64235,25,1,0,69,1992,1,5291,187,6431380.2
88584,15,1,1,87,2011,0,7946,769,8867048.1
2310,61,1,0,9,2012,0,8380,470,234237.2
55217,65,0,1,28,2007,0,6282,669,5526674.7
64539,20,0,0,68,2002,0,8487,709,6457482.2
90947,89,1,1,61,2014,1,5886,225,9103454.4
68837,41,1,0,55,1997,0,2198,367,6889494.7
60721,88,0,0,48,2015,0,4906,954,6073407.5
51459,49,1,0,28,1992,0,485,424,5149505.2
12820,41,0,0,16,2018,0,3771,661,1283027.8
20734,34,0,1,63,1995,1,9622,731,2077771.5
91988,53,1,1,47,2006,1,766,452,9206879.6
40286,85,0,1,51,1993,0,5570,500,4035154.3
10719,77,0,1,17,2018,1,9253,116,1076789.8
17783,28,0,0,1,2003,1,9688,172,1778779.3
72065,52,0,1,34,2015,1,9962,339,7210625.5
58626,55,0,1,30,1993,0,7840,964,5866206.3
13147,61,1,1,71,1997,1,6253,544,1326980.7
90304,95,1,1,78,1990,0,4093,807,9044776.0
80780,98,1,1,55,2016,1,8744,213,8088913.6
82301,20,0,0,21,2012,0,9558,775,8232053.2
78039,10,0,0,9,2010,0,1944,119,7804837.0
92783,37,0,1,57,1996,1,4561,305,9281484.6
67134,92,0,0,60,1992,1,6867,753,6719369.2
27792,11,1,1,15,2007,1,5470,487,2786854.7
96637,55,0,1,8,2008,1,8396,159,9667457.8
36877,89,1,0,92,2008,0,8435,705,3695191.8
88120,13,0,1,17,2009,1,455,477,8816378.9
4385,55,1,1,56,2006,0,8249,357,445694.6
75903,20,0,1,27,2010,1,1609,601,7594699.0
1171,86,0,1,85,1997,0,1662,884,126268.7
44615,18,0,0,34,2012,0,128,693,4465651.2
65543,81,1,1,90,2008,0,9519,396,6559662.8
17246,95,0,1,10,2007,0,6326,921,1728544.7
7236,30,0,0,52,2003,0,9700,140,725656.3
32078,91,0,0,65,2012,1,5986,377,3209311.2
82184,14,1,0,48,2011,0,6520,171,8221783.1
6686,43,0,1,26,2020,1,551,464,675399.0
18536,7,0,0,28,1994,1,7513,465,1856793.4
52683,43,0,0,57,2007,0,502,959,5274308.7
32286,69,1,1,11,2008,0,2290,267,3233772.8
34796,74,1,0,47,2001,1,9407,776,3483606.1
26669,69,0,1,82,2009,0,2089,254,2671083.9
47606,49,0,1,16,2021,0,5121,371,4763586.1
91435,61,1,0,92,2019,1,4904,292,9153666.9
889,53,1,0,30,1999,1,2656,847,92858.9
67511,24,0,1,67,1996,1,8668,279,6759802.6
52655,82,0,0,6,1990,0,5798,750,5266351.0
82432,43,0,0,57,2015,1,192,200,8245134.5
75680,100,0,0,77,2009,1,5647,210,7572315.9
28543,26,1,0,29,1990,1,6817,529,2859167.0
66851,93,1,0,87,1990,0,5318,678,6691843.0
49031,37,1,1,37,2020,1,1634,396,4910323.0
71630,5,1,0,45,1996,0,2176,973,7169854.6
25362,76,0,1,71,1995,1,3557,395,2545732.5
87412,89,0,0,40,2020,1,6150,241,8745542.0
41057,22,0,0,18,2014,1,449,162,4106731.4
93325,38,1,1,73,2000,1,7511,626,9346064.0
40330,49,0,0,28,2008,0,659,215,4034416.8
5134,31,1,1,14,1994,0,2307,974,519772.4
93443,16,1,0,93,2015,1,9796,139,9349955.5
55558,74,0,1,85,2020,1,867,215,5564448.0
61694,58,0,1,4,2001,1,2380,726,6172206.1
32713,97,0,0,93,1990,1,5579,332,3278723.0
9428,45,0,0,34,1991,1,2787,744,944839.1
92032,81,1,1,5,2012,1,9502,268,9212773.2
28091,77,1,0,93,2005,1,9433,390,2815613.5
54706,39,1,0,46,2010,0,6787,467,5475756.0
97429,13,1,1,29,2021,0,6846,675,9751706.1
7808,72,1,1,18,2008,0,1463,834,789027.8
60265,97,1,1,45,1990,1,4110,599,6033313.0
57850,32,0,0,93,1993,0,7085,141,5789083.3
72554,16,0,1,79,2014,0,8908,758,7268379.4
6966,21,0,1,97,2008,1,6552,893,700650.8
79957,45,1,1,42,2010,1,7192,599,8003950.0
3629,4,0,1,33,1991,1,2249,202,369764.1
8732,25,0,0,37,2021,0,4070,763,876270.1
56514,33,0,0,48,1991,1,3987,677,5652969.1
20533,93,1,0,91,2019,0,9659,618,2056508.9
16625,27,0,0,8,2014,1,1946,545,1664023.4
12313,50,1,0,55,2018,1,8829,803,1240834.8
68052,4,0,0,5,1992,0,189,269,6805894.2
35383,92,1,0,96,2009,1,6067,271,3548725.9
8977,51,0,1,56,2015,0,6239,149,905128.5
79356,46,0,1,24,2001,1,1994,601,7940419.1
67639,99,1,0,58,2012,0,7153,785,6768972.2
21145,70,0,0,84,1997,1,923,188,2119485.7
26009,18,1,1,9,1997,0,5716,801,2606754.7
68580,4,0,1,53,2017,0,9874,1000,6863504.7
88780,51,1,1,89,2016,0,4778,275,8887352.6
72114,51,1,0,32,1990,0,9165,176,7215802.0
89756,47,1,0,36,2018,0,7684,860,8980810.8
1770,61,1,1,15,2015,0,364,658,183765.5
20109,91,1,0,28,1996,0,8494,858,2017287.6
61067,99,1,1,39,1993,0,691,244,6110904.3
30690,10,0,0,52,2015,0,4645,474,3072879.5
12161,11,1,0,16,2005,1,9463,996,1218405.5
47364,47,1,0,9,1999,1,9364,740,4739985.9
57066,20,0,1,39,1991,1,2545,971,5711304.1
97760,89,0,0,82,2011,1,5082,744,9780377.1
47476,85,1,1,92,2020,0,8099,866,4761612.0
32176,58,0,0,43,1999,0,2285,198,3220156.9
98547,17,1,1,100,2001,0,5959,573,9865243.1
86171,22,0,1,79,2021,0,9062,100,8621486.1
65711,20,1,1,63,1992,1,5463,523,6579419.2
73585,89,0,0,56,1999,0,105,210,7359509.9
26665,68,1,0,62,2001,0,131,656,2671587.1
69094,22,0,1,67,2018,1,2649,681,6919039.8
27538,9,1,1,34,2000,1,993,209,2761292.0
64922,3,1,1,11,2013,1,1975,225,6500624.3
74600,64,0,0,21,2014,1,6617,226,7461192.4
56595,94,1,1,2,2014,1,2429,162,5664278.4
18037,91,0,0,16,2009,1,4570,336,1805824.9
56587,50,0,1,98,2006,0,6539,505,5670619.6
20105,98,0,1,20,1999,0,5797,836,2017609.9
46322,61,0,0,1,2005,1,8312,546,4632807.5
31301,13,1,1,91,2018,1,7180,878,3142338.8
91952,19,1,1,80,2015,0,6435,978,9207839.5
92948,46,0,0,47,1997,0,2471,213,9297047.7
66812,48,1,0,57,2006,0,4238,810,6687761.6
76424,37,0,1,81,2021,1,9985,505,7647871.1
14823,44,0,0,65,1993,0,8095,283,1484434.3
26682,7,1,1,6,2001,1,3514,636,2675367.1
12995,92,1,1,18,1996,1,5729,194,1305488.6
94789,23,0,1,3,1992,1,4633,895,9484024.2
34703,13,0,0,68,2006,1,9584,636,3476698.6
9691,20,1,0,56,1996,0,9727,603,978280.6
84118,15,0,1,52,2006,0,2660,785,8416992.6
39272,95,0,1,79,2020,1,3992,458,3936310.0
51037,100,0,1,49,2018,0,4346,109,5107476.8
17325,5,1,0,37,1997,1,1830,755,1737822.7
39104,19,1,1,70,2017,1,7647,997,3920958.7
11247,73,1,0,69,2008,0,6319,356,1129896.8
87000,62,0,0,9,2008,1,2744,568,8700807.8
99999,58,0,0,68,2012,1,7631,776,10006771.2
55888,81,1,0,82,2011,1,3338,583,5594957.1
75296,30,1,0,76,2015,1,7837,422,7535664.5
83512,8,1,1,45,2005,1,6862,225,8358211.5
22825,100,1,1,18,1998,1,6184,397,2289049.8
58287,71,0,0,98,1996,0,3654,247,5837331.6
91441,41,1,1,88,2013,0,5440,359,9155265.3
57564,64,0,0,18,1999,0,6422,927,5758203.9
82280,33,0,1,89,2019,0,8129,349,8235158.9
62646,36,1,1,43,2005,0,1710,784,6273246.5
50133,28,1,0,92,2013,0,1617,263,5019119.3
69719,11,1,1,87,1993,1,6303,767,6982744.3
81840,49,0,0,34,1996,0,9967,101,8186999.6
7851,22,1,1,19,1992,1,9947,418,793981.2
76564,95,0,0,88,1999,0,4284,733,7662557.9
2095,88,1,0,27,1991,1,633,851,213708.1
13287,84,1,0,76,2003,1,7799,410,1335371.3
94457,17,1,0,82,1991,0,308,755,9455820.1
96573,74,1,0,28,1993,0,2651,303,9664738.3
97898,60,1,0,2,1991,1,7753,760,9794464.1
18642,62,0,0,65,2013,1,195,666,1865856.3
52259,16,0,1,72,2003,0,1558,734,5236500.3
68362,77,0,0,57,2006,0,6429,690,6840206.6
66395,22,0,1,57,2006,0,1475,276,6647572.6
10590,74,0,0,5,2013,1,4524,566,1060141.3
51271,33,0,1,36,2018,0,3104,978,5133444.8
91436,7,1,0,81,1997,0,645,879,9151236.7
68072,63,0,1,40,2019,0,207,418,6812764.9
12172,12,0,0,15,2007,0,4188,433,1218235.7
34750,28,0,1,1,1993,1,9149,167,3478934.3
52832,46,0,1,70,1993,0,1450,885,5292504.3
87683,53,0,1,57,1993,0,1759,850,8774909.3
25145,2,1,1,96,1998,0,4529,296,2521346.8
18426,63,1,1,31,1996,0,461,840,1854935.6
9381,96,0,0,77,1998,1,3817,423,943600.8
81658,27,0,1,14,2008,0,5367,215,8171711.8
10028,51,1,0,56,2012,0,7965,106,1009529.2
76352,55,1,1,12,2006,1,4185,694,7641804.6
21247,81,1,1,43,2004,0,7906,815,2136110.4
84805,15,0,1,9,2004,1,501,406,8486115.4
8928,8,0,1,6,2018,1,2174,822,896505.8
14762,42,1,1,59,2002,0,7143,764,1484350.2
53454,14,0,1,22,1996,1,9037,382,5349280.6
35409,1,1,0,58,1992,1,4826,258,3546437.2
53161,42,1,0,4,1993,1,1464,639,5320392.3
12760,60,1,1,28,2015,0,1991,455,1284972.5
42826,38,0,0,49,1998,1,8174,854,4287076.8
58394,19,1,0,56,2001,0,3215,239,5848843.1
95143,90,0,0,72,2010,1,8157,373,9517871.0
46532,19,0,0,85,2000,0,5004,108,4661805.0
42272,11,0,0,9,2009,0,7611,757,4228013.9
42981,49,0,0,73,2014,1,7819,785,4300680.4
62384,72,1,0,36,2005,1,7856,536,6242453.5
81653,13,0,0,8,2005,0,5594,115,8166002.5
63278,60,1,0,32,2011,1,8052,153,6332923.1
95307,66,1,1,62,1994,1,3681,724,9537644.4
72545,96,1,1,78,2021,1,7668,911,7260052.1
66777,1,1,0,100,1998,0,2203,545,6685851.8
61001,41,1,0,15,2013,1,2408,526,6105043.3
65790,82,1,0,62,1991,0,892,180,6589425.1
35948,75,0,0,53,2008,0,8724,357,3596039.8
54929,86,0,1,4,2005,0,3412,170,5498846.5
18397,59,0,0,93,1990,0,4891,930,1846201.0
4623,93,0,1,58,2009,0,872,311,468494.9
58433,54,0,1,29,2018,1,7744,945,5848135.8
79767,86,1,0,17,2013,0,4962,429,7981643.3
58036,51,0,1,35,2007,1,4484,865,5809016.7
6051,77,0,0,88,2015,1,5330,713,612527.5
22703,41,0,0,53,2018,0,979,487,2273445.8
29319,62,1,0,47,2001,1,5846,407,2939576.1
53722,26,1,1,96,2021,0,8599,804,5383626.1
32218,28,1,0,39,2015,0,9705,728,3225722.5
93288,90,1,0,73,2002,0,8206,432,9334856.2
30402,63,0,0,33,2012,0,8054,984,3043179.2
75632,43,1,1,12,2002,0,9594,601,7573328.2
34592,24,0,0,80,1996,1,7058,753,3467169.6
34304,54,0,0,95,2003,1,477,678,3434850.3
21112,38,0,1,94,2019,1,7570,105,2121485.9
40266,100,0,1,14,2009,0,3106,851,4028831.9
93533,27,0,0,33,2017,0,9325,816,9356028.7
78672,59,1,1,66,1995,0,6121,470,7877999.5
47833,44,1,0,82,2008,0,4111,223,4791653.8
22142,11,0,0,97,1995,0,3913,618,2220957.5
19819,19,0,0,35,2000,0,9281,175,1984840.0
69967,32,0,0,35,2012,1,4397,169,6997746.2
28555,76,1,1,40,2018,0,1267,534,2860957.8
25881,89,1,1,34,2004,0,1972,659,2596473.4
81624,8,1,1,4,2004,1,7404,345,8169425.4
73943,29,1,1,32,2005,1,4065,328,7405498.5
78101,17,0,1,24,1995,1,919,862,7814923.5
22162,14,0,1,99,1994,0,5587,693,2223268.4
72836,27,1,0,24,2009,0,8012,526,7289126.9
56614,98,0,0,13,1997,1,7692,880,5662574.7
838,30,1,1,8,2003,1,3367,855,92181.3
25946,84,1,0,80,1999,0,2221,717,2600384.9
17250,50,0,1,50,2021,1,233,917,1734432.1
19387,17,0,0,64,2020,0,9284,654,1940788.0
36503,87,1,1,90,2007,0,7309,633,3659340.7
61752,62,0,1,57,2018,0,2373,393,6181908.8
25136,98,1,1,35,2011,0,9715,745,2520958.1
95989,44,1,1,46,2017,1,4482,188,9610818.7
27665,29,1,1,24,2011,0,7584,861,2771481.1
79169,22,0,0,39,2010,0,5102,464,7918220.0
69642,45,1,1,24,2016,1,3147,648,6974699.6
28727,45,0,1,23,2001,1,9487,450,2877589.1
88940,18,1,0,5,2003,0,1220,968,8896898.3
82978,41,0,0,62,1997,0,6974,578,8299837.7
22374,13,1,0,67,2002,0,3445,381,2244101.2
7169,65,1,0,8,2003,1,4688,371,722385.3
91380,23,0,1,33,2015,0,1329,816,9144773.5
20799,10,1,0,47,2007,0,6761,155,2084113.7
28446,94,1,1,61,2010,0,2439,640,2852653.0
81618,87,0,1,80,2009,1,6008,733,8170899.9
44513,63,0,1,40,2004,0,5258,309,4457308.4
66436,19,0,1,51,2021,1,675,251,6650734.1
55482,87,1,0,78,2016,0,92,202,5558268.6
23376,9,1,0,43,2002,0,8961,596,2346829.2
48380,73,0,1,35,1997,0,4835,552,4842254.7
38765,16,0,1,56,2003,0,8594,398,3882491.3
2484,43,0,1,23,2012,1,554,833,252179.2
5624,35,1,0,2,2014,1,756,265,566535.4
71541,71,1,1,44,2015,0,8881,302,7159919.5
98857,85,1,0,15,2016,1,854,116,9889895.6
6948,10,0,1,18,1997,1,7781,489,698524.7
16284,39,1,1,29,2019,1,2289,505,1638521.9
60261,37,0,0,63,2006,1,9712,667,6032370.6
92304,75,1,0,53,1996,0,2602,783,9234228.6
32071,15,1,0,53,1998,1,6938,776,3213146.8
76454,17,0,0,88,1990,1,8381,959,7647961.0
70210,48,1,0,56,2021,0,8937,345,7025129.1
75584,77,1,0,69,2016,1,190,328,7567791.6
41669,18,1,1,34,2005,0,3252,484,4176148.5
8940,86,1,0,39,2011,0,3985,790,899258.1
79628,60,1,0,59,2003,1,8615,752,7967880.3
52979,82,0,1,45,2010,1,6879,708,5304197.0
75414,82,1,0,75,1999,1,468,804,7551847.9
91515,23,1,1,33,1997,0,2845,909,9157101.7
68767,13,0,1,13,2014,0,5913,226,6880980.4
90111,94,1,0,30,2008,0,1346,994,9014247.8
1967,87,1,1,76,2009,0,3038,505,207245.9
21843,66,0,1,10,2018,1,570,437,2186457.8
45049,30,1,1,80,2000,1,3486,525,4519980.0
925,16,1,0,51,1998,0,1388,985,97785.8
53956,78,0,0,97,2001,0,137,620,5401835.1
3343,76,1,0,65,2004,1,5841,281,344710.4
25942,86,1,1,30,2021,0,1136,145,2601765.1
51171,95,0,1,91,1991,0,6243,961,5125181.1
82629,5,0,0,51,2012,1,6941,840,8267316.2
78721,23,0,0,59,1997,0,7256,508,7875331.7
82900,3,0,1,11,2013,0,3959,767,8295028.3
79399,21,1,0,44,2006,1,1033,869,7946835.6
87078,8,1,0,77,2002,0,3076,856,8714830.2
65246,19,1,1,31,2008,0,8038,991,6529755.8
48271,40,0,1,47,2008,0,1924,883,4835629.8
61311,30,1,1,4,2008,1,9512,616,6137635.8
742,28,1,1,6,1995,1,9552,626,81336.5
55164,10,1,1,64,2007,1,9636,725,5526826.7
37448,47,1,1,58,2000,1,6941,877,3754453.0
34208,43,1,1,2,2013,0,5868,508,3428754.3
21442,42,0,0,16,2018,1,4095,534,2145503.8
69290,23,0,0,38,2009,1,8296,225,6932336.9
15299,91,1,0,95,2020,1,4927,997,1542950.0
30203,5,0,0,86,2019,0,1994,934,3029401.9
74069,53,1,1,91,1993,0,4836,268,7417780.3
780,18,0,1,95,2005,1,1624,149,82916.5
85060,55,0,0,12,1998,0,8413,298,8507007.8
47143,7,1,1,63,1990,1,8840,798,4728886.0
40194,32,0,1,69,2005,0,2540,226,4022680.5
74411,98,1,0,82,2017,0,4699,854,7450324.7
3527,47,1,0,79,1999,1,6224,338,358050.9
85185,23,0,1,11,2015,0,9938,370,8522775.5
68772,98,0,1,98,2018,1,1631,821,6885105.8
6281,33,1,1,10,1996,0,4461,361,636186.6
8319,78,0,0,55,2019,1,9668,403,834891.9
39572,79,0,1,15,2021,1,7125,497,3960690.1
61787,96,0,0,53,2000,0,9961,531,6182153.0
71117,31,1,0,22,2010,1,761,644,7116581.0
42903,96,1,1,28,1991,1,3336,562,4297348.1
68847,70,0,0,30,2019,1,3592,634,6888091.9
55035,98,1,0,92,2021,0,8272,822,5513804.1
76485,57,1,0,14,1992,1,6449,264,7652091.2
27521,39,0,0,81,2002,1,7048,492,2754134.2
63072,55,0,1,5,2008,0,4048,116,6311417.8
60454,96,1,0,50,2003,0,2112,869,6054212.3
43204,15,1,0,22,2005,1,6269,977,4322877.5
70279,14,0,1,31,2005,0,9453,402,7035681.5
99303,44,1,0,76,1998,1,9151,875,9940504.8
52952,8,1,1,36,2019,1,9731,206,5303295.9
40139,95,0,1,27,1991,1,6579,828,4017300.1
26960,63,1,1,5,2004,0,9032,478,2699467.4
21726,10,0,0,20,2016,1,306,292,2173491.6
18098,25,1,0,23,2008,0,8546,990,1813099.8
23519,20,1,0,31,1992,0,2898,625,2358426.2
50949,50,1,0,9,1996,0,3213,725,5097163.6
80834,22,0,1,45,2003,1,630,195,8089908.3
77743,40,1,1,8,2001,0,7258,783,7780280.1
97124,78,1,1,79,2020,0,264,162,9725279.0
80459,43,1,0,25,1991,0,496,983,8050098.1
59237,54,1,0,85,2012,1,165,828,5932547.2
43579,14,1,0,87,2019,1,1392,516,4361420.9
10484,38,0,0,43,2016,1,3872,799,1051974.6
19907,31,0,1,47,2020,1,1080,498,1996937.0
68643,71,1,1,2,2020,1,8979,614,6870485.0
67457,7,1,1,57,2003,0,8367,676,6757663.3
44593,83,0,1,21,2015,1,320,470,4465177.5
56339,100,1,1,21,2012,0,4673,626,5642801.2
74817,9,1,0,53,1996,1,9036,709,7490782.6
51109,17,0,0,38,2017,1,1368,754,5114433.7
63601,24,1,0,51,2006,0,1811,105,6368141.6
72926,35,0,0,28,2011,1,5630,448,7295797.1
1562,85,1,1,31,1996,0,701,115,167143.6
2536,88,1,0,25,2018,0,264,669,258795.8
44175,43,0,0,1,1995,1,4000,200,4418372.5
4069,39,0,1,3,2003,0,6946,630,411451.3
73082,54,1,1,18,2007,1,3716,418,7318776.7
37718,79,0,0,5,1994,1,1768,689,3772814.4
47386,36,0,1,73,2012,0,725,937,4746476.2
33871,85,0,1,64,2008,0,9488,269,3394030.8
45406,53,1,0,54,1998,1,9302,837,4545686.8
66434,80,0,0,16,2009,1,2276,262,6644460.9
23684,95,0,0,76,2013,1,6588,931,2370875.3
47177,80,1,1,25,2002,1,1157,910,4726802.2
61661,10,0,0,33,2004,0,6270,151,6168562.4
449,31,0,0,59,2011,1,5930,132,50344.1
66648,48,0,1,52,1999,1,748,319,6670719.9
48757,41,0,0,51,2017,1,9681,278,4879405.7
23558,42,0,0,65,2010,0,2336,319,2359701.0
56223,42,1,1,31,2016,1,4779,689,5629298.6
14137,68,1,1,50,2021,0,9290,189,1425174.1
59386,85,0,1,27,2000,1,2341,734,5942766.0
34826,55,1,0,2,2011,0,6494,129,3488059.1
12785,91,0,1,35,2019,0,5795,834,1284860.9
72587,98,1,1,20,1998,0,7012,493,7265382.8
69804,90,1,0,8,2007,1,8059,785,6984611.7
63915,11,0,0,72,2002,0,7612,896,6396088.2
24415,76,0,0,4,2019,0,4510,836,2442299.9
91007,49,0,0,6,2004,0,5933,324,9101688.4
24023,47,1,0,11,1998,1,1490,642,2405911.8
66716,22,1,0,72,2013,1,7644,196,6678899.3
44653,35,0,1,78,2002,0,9351,266,4473832.2
91013,1,0,1,65,2010,0,6098,565,9111320.0
14725,14,1,0,69,1997,0,6787,121,1484099.7
61115,48,0,1,56,1991,1,6995,469,6116454.1
90925,25,0,0,45,2007,0,8,958,9094635.7
54717,52,1,1,3,2019,1,8650,424,5478930.9
53708,81,1,0,73,2006,0,6615,718,5378041.6
55413,32,1,1,64,2018,1,8161,522,5551048.8
74875,98,1,1,7,2017,0,7067,196,7495681.7
65844,13,0,1,68,1998,0,1264,705,6587579.8
28613,95,0,0,13,1997,0,1582,386,2862135.7
99458,94,1,1,77,1994,0,6255,220,9957307.4
69399,77,0,0,1,2003,0,9456,604,6940277.3
51237,92,1,1,32,2017,0,9301,388,5130743.7
29276,42,0,0,41,1997,0,1366,108,2928782.7
50938,33,1,1,49,1994,0,5170,731,5103724.4
39614,97,0,1,66,2001,0,9419,946,3968931.1
5758,77,1,0,57,1990,0,387,308,581130.0
60562,10,0,1,4,2014,0,7722,125,6061364.4
28048,63,0,0,93,1998,1,7318,844,2806887.8
92649,28,1,0,54,2015,0,6367,327,9270413.5
16354,4,1,1,53,2019,0,6420,160,1645035.9
50418,43,0,0,64,2006,0,620,440,5047372.6
20075,25,0,0,87,2000,1,1432,807,2010227.0
54729,30,1,1,9,2001,1,4763,281,5479404.1
34767,13,0,0,91,2017,0,257,654,3481346.7
31388,17,1,1,18,2015,1,7904,626,3145817.5
37134,83,1,1,9,2005,1,1826,607,3718807.5
14011,99,0,1,59,2002,1,9027,585,1408285.2
87589,54,0,1,80,2016,1,1104,531,8769157.6
40993,16,0,1,7,2017,0,8833,112,4102780.7
92811,3,0,1,91,2014,1,6492,396,9293471.4
26867,6,0,0,30,2000,1,2923,577,2690300.0
49170,96,0,1,21,1991,1,4929,571,4923152.1
77081,67,0,1,54,1995,1,242,419,7711931.5
66959,87,1,0,36,2010,0,2741,294,6699322.0
82458,93,0,1,14,2001,1,5165,624,8250503.1
85615,68,1,1,63,2009,0,2503,548,8572770.9
61803,22,1,1,39,2005,1,1851,740,6187398.5
93190,51,0,0,44,1998,0,4817,998,9322069.8
79240,53,1,0,66,1994,0,3190,166,7928275.4
86184,99,1,1,42,1993,0,6361,945,8625590.3
57097,65,0,1,31,2011,1,6657,582,5715926.1
683,91,1,1,31,2009,1,6528,172,76430.9
22255,70,1,1,65,2002,1,4297,978,2239467.2
43586,12,1,0,96,2015,0,6790,626,4366236.5
55472,44,0,1,13,2008,1,4205,653,5553013.8
58253,15,1,0,94,2014,1,4926,990,5832546.4
46308,73,0,0,97,2009,0,2825,861,4639736.9
65961,29,0,1,18,1997,0,6764,211,6600131.7
77262,19,0,1,38,1990,1,8000,210,7732674.0
48399,78,0,1,72,2007,0,6962,246,4847310.7
75402,59,0,1,21,2003,0,521,257,7545050.3
54750,10,0,0,69,1990,0,4193,783,5481119.0
25968,74,1,0,4,2002,1,8566,112,2601762.2
28993,96,1,0,3,1998,0,3119,552,2902643.8
28605,2,0,1,25,2003,1,1624,492,2866459.3
68184,64,0,0,85,1998,1,1937,112,6823394.8
98283,41,0,1,8,2003,1,7569,236,9833681.3
95238,100,1,0,54,2019,1,1533,395,9530991.9
67519,85,0,0,55,2014,1,3599,298,6754271.4
33608,38,1,0,18,1998,1,2298,616,3365171.8
22851,5,0,0,22,2011,0,3531,480,2287033.1
69165,16,1,0,10,2019,0,2470,125,6919982.9
15321,53,0,0,8,2014,1,2829,853,1533279.4
74477,22,1,1,27,1994,0,8045,109,7454179.4
17668,50,1,0,25,1995,0,8821,326,1771537.5
19794,27,1,1,19,1992,0,6784,246,1985050.2
21294,54,1,1,44,2017,0,8661,964,2140798.7
56753,6,0,0,99,2012,0,1207,276,5682190.2
35753,5,1,0,28,2017,1,5690,923,3580868.7
14118,59,1,1,37,1991,1,6843,959,1418040.1
39307,19,0,1,55,1999,0,4625,571,3937946.9
21477,49,0,1,18,1992,1,2677,338,2152653.2
52264,50,1,1,89,2006,1,491,981,5230980.6
61350,4,1,0,92,1995,1,5277,435,6139665.5
71993,95,1,1,79,2012,1,5357,233,7211507.2
60450,32,1,0,31,1996,0,3105,688,6051258.6
42791,21,0,0,38,2008,0,4072,492,4281322.8
9289,50,0,0,59,2008,1,7262,484,934488.8
84888,51,0,0,6,1997,0,9528,111,8489801.7
45867,84,1,1,25,2019,0,6109,178,4594103.9
72100,93,1,1,97,2015,0,3233,325,7226586.5
13381,45,0,0,69,2013,0,175,634,1340414.3
27690,26,0,0,31,1990,1,8449,434,2772656.0
18149,46,1,1,92,2002,0,2467,470,1829948.2
85154,10,1,0,33,1994,1,9887,740,8518699.4
10851,17,0,1,95,1999,1,6671,387,1095539.9
19214,90,0,1,42,2010,1,4573,654,1925120.0
93450,23,1,0,63,2021,0,4453,416,9350673.1
25051,36,0,0,32,1997,0,125,978,2506485.7
54300,96,1,1,60,2011,0,2678,314,5442438.1
22241,59,0,0,39,1990,1,523,920,2225712.0
26853,57,0,1,28,2005,1,8610,961,2689625.5
42360,13,0,0,59,1992,1,4091,555,4239495.2
50710,94,0,0,6,2011,0,3848,137,5071797.1
7512,27,1,1,24,1999,0,1867,508,758423.9
28956,3,0,1,2,1991,0,7047,879,2898953.1
71001,74,0,0,46,1998,1,3398,245,7104645.8
96364,31,1,1,59,2005,0,8954,965,9648728.5
74315,47,1,0,17,2002,1,2758,721,7435387.2
4487,62,1,0,64,2020,0,6917,272,456380.0
75066,25,1,1,79,2021,1,1780,686,7519416.1
81374,87,1,1,15,2020,1,1091,629,8143861.0
92490,34,0,0,44,2015,1,5233,797,9250743.5
24686,87,1,1,58,1995,0,1145,760,2474395.5
81548,51,1,1,71,2016,0,3118,480,8161315.6
83789,40,0,0,55,1992,1,518,404,8382124.2
82407,75,0,0,70,2019,0,2601,538,8244581.9
15763,38,0,0,58,1994,1,8631,835,1581323.4
56191,30,0,1,78,1997,0,1325,175,5629430.7
93324,100,1,1,38,1994,1,1027,960,9343406.4
75039,5,1,1,26,2021,0,2821,164,7512308.1
24270,73,0,1,96,2005,0,9110,987,2436202.5
19277,85,1,1,34,1990,1,9790,415,1936026.0
48799,55,1,0,87,2007,0,4551,401,4886995.7
86184,38,1,0,50,1992,0,9976,615,8624330.2
21217,20,0,1,47,1995,1,3267,936,2127258.5
90679,5,0,0,97,2019,1,9439,331,9072340.9
75873,6,0,0,10,2015,0,8475,558,7588881.5
58091,46,1,0,2,2014,0,7565,170,5813567.4
89396,86,0,1,97,1993,1,3402,369,8949480.3
87867,25,0,0,43,2014,0,6211,611,8788119.4
62655,32,0,0,76,1997,0,9858,176,6270255.7
55840,85,1,0,14,2002,1,5784,472,5587969.2
28720,60,1,0,2,1993,0,1140,836,2876831.3
79783,4,0,1,26,1993,0,1337,538,7983955.3
68260,89,0,0,69,1996,1,3248,935,6829892.6
4113,64,1,0,22,2013,1,7534,923,416148.3
29556,91,1,1,33,1990,0,6403,677,2962632.0
90300,66,1,0,88,1998,0,7415,614,9037944.8
80439,77,0,0,89,2009,0,7325,606,8046219.9
89245,86,1,1,19,2007,1,7958,985,8930367.7
42540,68,1,1,51,1999,0,7793,231,4264337.9
2978,3,1,1,29,2011,1,1578,105,307536.1
43038,18,1,0,62,1996,1,3011,788,4307230.6
65201,87,0,1,21,2007,0,7406,108,6522337.7
16200,79,0,0,40,2011,1,8974,639,1621661.1
24095,45,0,0,2,2017,0,4398,898,2409945.7
10503,94,0,1,95,1995,0,7455,438,1058224.5
90338,17,1,0,52,2005,0,4831,641,9040287.5
58402,85,1,0,65,2011,0,9446,805,5848466.1
7431,62,1,1,83,2013,0,2823,123,749725.3
55047,22,1,1,15,2013,0,287,574,5512488.3
78897,58,0,1,96,2007,0,1913,765,7901129.7
52123,32,1,0,52,2007,1,7905,889,5219801.7
41157,22,1,0,8,2005,1,2767,397,4119982.5
12838,35,1,0,10,2014,0,9562,666,1286311.4
18285,70,1,1,87,2013,0,7280,465,1835040.3
33435,33,0,1,43,2020,1,7469,562,3349314.0
77618,78,1,0,29,2019,0,58,619,7768108.9
64044,31,0,0,43,1991,0,9665,975,6406275.1
69788,12,0,0,42,2020,1,5784,561,6980862.0
5208,61,0,1,69,2003,0,4575,920,526474.3
69952,78,0,0,93,1996,1,5595,681,7001508.6
9613,95,0,1,29,2019,0,8657,410,969559.9
79915,51,1,0,8,2005,1,5815,477,7994470.5
99636,89,1,0,30,1990,1,6629,854,9969033.0
37822,23,0,0,71,2011,1,384,814,3785912.1
33726,28,0,0,59,2012,1,5305,488,3376333.2
97854,70,0,1,43,1991,1,2255,505,9792071.1
80266,22,0,0,75,2002,0,7669,135,8030275.2
48875,93,0,1,19,2019,0,443,662,4892360.9
35019,50,1,1,98,2021,0,2487,822,3510681.1
55020,34,0,0,14,2001,1,191,715,5503232.1
29256,41,1,0,87,1991,1,8984,437,2933216.1
26943,60,0,0,27,2014,0,8399,973,2697365.4
11050,63,1,0,5,2013,0,9051,442,1107198.3
47413,66,0,0,91,2005,1,2015,414,4743556.5
20002,12,1,1,76,1997,1,7291,253,2015304.7
60216,14,1,1,97,2012,0,2305,663,6031741.2
83275,77,1,0,54,1999,1,6822,614,8331662.9
80150,77,0,1,62,1991,1,6238,764,8022700.1
38057,50,1,0,43,1997,0,7554,134,3809962.7
53449,7,1,1,33,2014,0,6012,117,5352469.4
33785,14,0,0,17,2002,0,8905,306,3380715.2
9463,60,1,0,80,2001,1,6221,953,956197.1
94370,55,1,1,21,2013,0,7200,442,9445972.3
44698,15,0,0,38,2003,0,10,931,4473490.3
75743,76,1,0,32,2014,1,4005,982,7580464.4
17622,42,1,0,100,2005,1,5686,491,1767131.5
62662,28,0,0,92,2013,1,9760,652,6271685.3
17346,74,0,1,79,1990,1,9506,465,1740674.0
88899,84,0,1,23,2020,0,3130,769,8893227.0
72447,68,1,0,99,2012,0,168,103,7257991.2
40555,76,1,0,62,2003,1,7158,310,4061001.3
91095,2,1,0,33,2018,0,7840,880,9115770.8
69810,37,0,1,67,2003,1,8612,477,6986464.3
27533,63,1,0,87,2009,0,6605,293,2761258.9
75271,69,0,1,74,2002,0,8171,125,7537873.2
42010,70,0,1,90,2017,0,1113,133,4206362.7
2169,96,0,1,48,1992,1,1685,978,221299.2
29004,70,0,1,24,2002,1,942,365,2905549.2
32966,11,0,1,44,2011,0,9942,625,3303709.1
14859,82,1,1,17,1992,1,636,923,1492436.2
33640,9,0,1,18,1995,1,2712,105,3367992.5
73808,6,1,1,14,2002,1,513,960,7388725.2
30807,99,0,0,54,1998,1,6559,156,3083235.8
14243,85,0,1,90,2016,1,8832,148,1430473.6
82190,65,0,0,81,2019,0,4936,221,8221240.9
31968,87,0,1,76,2015,1,9147,912,3203508.5
23558,26,1,0,33,1996,0,4650,411,2359810.6
81063,98,0,1,60,2008,0,4818,465,8113870.8
9542,60,1,1,2,2018,1,1318,277,962999.8
39699,74,0,1,89,2005,1,4477,586,3977888.5
50788,64,0,1,68,2018,1,2063,705,5087258.8
41681,12,1,1,85,2021,0,7883,663,4173046.1
3798,53,1,0,39,2014,0,8370,366,385544.4
31044,53,0,0,16,1999,1,698,740,3106033.9
46291,97,0,1,33,2018,0,5437,854,4633898.8
15727,25,1,0,55,2007,1,8350,859,1577602.7
67555,40,0,0,79,2018,0,3080,931,6758958.8
1903,2,0,0,97,1997,0,5250,262,193030.7
67271,60,1,1,79,2021,1,8845,948,6737040.1
39217,7,1,1,78,2007,1,9942,680,3932893.7
62532,26,1,0,52,1998,0,6319,960,6261175.8
36239,59,1,1,78,2000,0,6543,968,3634312.0
11987,48,1,0,53,2018,0,7342,150,1203183.8
32862,39,0,1,83,2013,1,4444,917,3296039.3
10983,10,0,1,4,2011,1,89,657,1100529.1
94294,38,1,1,30,2004,0,8222,684,9439785.4
11157,49,0,0,90,2020,0,2513,208,1120482.0
59018,35,1,0,49,2021,1,4947,259,5907138.1
84807,34,0,0,22,2008,1,4460,219,8482192.8
31585,42,1,0,50,2016,0,1709,595,3165163.6
44670,41,1,1,3,1992,1,8465,470,4470923.2
16951,20,0,0,60,2001,0,6356,622,1701160.1
5892,32,1,1,83,2015,0,8233,536,601283.5
24971,65,0,0,85,1994,1,306,527,2501574.4
56217,69,1,0,61,2011,1,9,947,5629960.1
6138,92,0,0,38,2008,1,5987,831,617184.8
37582,17,1,1,27,2009,1,7306,324,3769640.9
18848,89,0,0,36,2013,1,7949,892,1887019.3
12107,15,0,0,9,2011,1,2174,716,1211581.1
71523,87,0,1,42,2002,0,9048,505,7159041.2
88328,91,1,0,63,1992,0,7827,737,8840872.2
22304,42,0,1,37,2000,1,9032,870,2235124.0
90523,63,1,1,6,2011,1,5822,846,9058136.1
91987,31,1,0,90,1993,1,7546,954,9208316.3
57719,86,1,1,60,2017,0,3224,730,5779467.7
87073,2,0,1,95,2015,0,9703,537,8719452.5
1878,68,0,1,48,2005,0,504,830,195927.5
47184,40,1,1,54,2011,0,213,771,4724350.1
45511,33,1,0,44,2013,1,3373,882,4558309.3
98450,23,0,0,33,1999,1,6424,984,9848719.9
38551,8,1,1,74,2002,0,7991,133,3867229.2
1359,99,0,1,90,2016,0,6201,607,145834.6
76903,36,0,0,40,2000,1,7764,714,7694030.0
67496,23,0,0,26,1999,1,5347,124,6752379.9
39756,22,0,1,23,2019,0,7195,564,3980007.9
25643,6,1,1,34,2021,1,4701,384,2571876.1
14043,8,1,0,92,2004,1,2732,444,1415900.4
82311,85,0,0,98,2012,1,9962,164,8239353.2
9333,96,1,1,9,2005,1,4842,335,939398.5
36563,46,0,0,4,2001,0,5100,154,3657222.1
33427,23,1,1,99,2020,1,3522,214,3351101.0
52552,83,0,1,55,2006,1,113,326,5262997.6
1294,31,1,0,83,2021,1,9301,137,142745.1
19382,95,1,1,30,2014,0,6716,891,1943992.4
62805,89,0,1,67,1999,1,9898,877,6288112.9
76045,48,0,0,4,2000,0,134,925,7605336.0
11660,45,0,1,25,2019,0,4061,163,1169525.9
65965,87,1,1,46,2008,1,6767,871,6607805.8
18243,4,0,0,22,1995,1,9979,117,1826399.5
45620,49,1,1,63,2002,1,2875,751,4572312.2
95620,43,1,0,6,2011,0,8365,179,9564517.1
44159,61,0,0,76,2020,0,5390,873,4422962.0
56819,66,1,0,55,2017,0,2052,110,5688459.7
45681,8,1,0,91,2013,1,2800,343,4575079.3
45885,30,1,1,78,2011,0,5879,298,4598304.1
42781,53,1,0,13,2005,0,9090,268,4280444.5
48919,26,0,0,48,2006,0,6295,502,4896296.6
4846,64,0,0,25,2015,0,7001,870,486151.5
31160,53,1,0,64,1993,0,7925,234,3125704.3
7033,2,0,1,37,2001,1,5051,534,708252.1
72797,79,0,0,80,2020,0,7739,866,7286052.0
59068,56,0,0,43,1997,1,4857,999,5910960.7
10737,4,1,1,59,1996,1,5050,368,1083375.6
5798,38,0,1,15,2010,1,9805,292,586009.0
63396,36,0,1,95,2018,0,8561,243,6347194.8
12196,85,0,1,17,2007,0,3483,933,1223454.7
45271,4,0,0,61,2016,1,2268,793,4533164.6
53885,68,0,0,36,2013,1,8840,377,5392191.3
21006,46,0,0,6,2014,0,7626,604,2101763.4
99184,35,0,0,21,2006,1,2451,659,9920683.6
27569,99,1,1,69,1999,1,3855,504,2765641.9
11064,83,0,0,58,1992,0,1680,171,1108539.2
60299,99,1,1,30,2014,0,6445,949,6035836.4
43337,14,0,0,98,1993,0,1389,121,4334979.3
6738,86,1,0,60,2013,1,5201,303,680185.3
7939,76,1,1,56,2011,1,7730,889,806926.1
33316,89,0,1,72,2000,0,6673,616,3340809.0
28193,61,1,0,96,2011,1,7652,990,2833176.1
60768,52,0,1,65,2000,0,9454,408,6083121.0
405,38,0,1,91,2013,1,2657,898,54382.3
78229,55,1,1,41,2021,0,6218,862,7831558.1
38892,78,0,1,50,1998,1,7490,415,3898426.8
16834,67,1,0,54,1999,1,4649,947,1691557.9
98767,58,1,0,80,1997,0,7301,452,9881688.7
19931,71,0,1,58,2004,0,8527,742,1998436.4
94165,57,1,1,33,2013,0,2614,730,9425553.3
3166,57,0,1,38,2016,0,1038,158,322863.6
14307,76,1,0,59,2009,0,5113,675,1438756.9
74927,58,0,0,17,2013,1,1056,243,7494035.3
46132,94,1,0,90,1993,1,7242,987,4624268.3
93683,61,0,0,4,2019,1,7230,356,9369675.9
22136,56,0,0,100,2012,0,6358,304,2217451.2
22334,5,0,1,49,2017,1,948,113,2239252.7
94723,15,0,1,23,1996,1,9540,439,9476464.6
525,39,0,0,62,1994,0,7377,113,56225.4
44111,53,1,1,75,1992,1,8588,689,4421849.2
50839,28,0,1,60,2015,0,9636,451,5088531.5
81019,81,0,1,84,2001,0,9850,889,8108376.1
36137,72,0,1,31,2020,1,2452,421,3619989.0
56439,84,1,1,29,2000,1,402,417,5650606.0
1937,54,1,0,90,2009,0,5879,254,201865.9
93001,36,0,1,82,2002,0,9735,154,9310693.2
67233,36,0,0,84,2018,0,8416,960,6731477.8
55682,71,0,1,38,2004,0,7381,858,5575110.4
97897,63,1,1,91,1990,1,2736,834,9799105.0
66836,68,1,0,63,2017,0,9048,903,6692953.7
78235,8,1,1,31,2019,0,7253,803,7835672.9
32419,36,1,1,68,2021,1,2857,929,3253478.1
54995,7,1,1,72,2010,1,3447,878,5507408.0
7133,86,1,1,53,1999,0,6795,429,723366.9
48223,48,1,0,30,1996,1,8779,108,4826979.6
28354,54,0,1,15,2000,1,2945,577,2842100.0
63613,83,0,1,76,2007,1,8277,810,6370994.7
40812,52,1,0,59,2018,1,3176,241,4088680.8
40736,55,1,1,46,1994,1,4246,134,4087187.4
93690,94,1,0,31,1995,0,1801,140,9372359.5
50276,26,0,0,45,2008,0,7875,480,5030850.8
21294,65,0,1,3,2011,0,7367,602,2133300.1
99074,67,1,0,100,2001,1,4194,314,9914551.1
24979,45,1,1,62,2011,0,5980,502,2508814.1
41441,21,1,0,88,1990,1,2349,292,4156420.0
97857,20,0,1,61,2007,1,4407,684,9790445.7
65931,71,0,0,84,2017,0,4220,125,6595633.7
39077,15,0,0,33,1995,0,9471,647,3908929.5
95690,10,0,1,65,2021,1,4741,136,9573812.1
82236,49,1,1,81,2018,0,3778,283,8231424.8
36539,68,1,1,49,1994,1,2863,974,3664156.4
99491,47,1,0,51,2000,1,4292,738,9957075.0
32185,27,1,0,12,2008,1,1976,733,3221329.8
59183,22,0,0,54,1994,1,1612,688,5924125.4
11006,48,1,1,87,2015,1,8194,378,1107901.5
24025,18,1,1,97,1999,1,3028,190,2415923.9
92120,25,0,1,67,2001,1,7137,507,9219455.1
63342,21,1,1,86,1997,0,2111,877,6349697.7
91418,76,1,0,98,1992,0,407,142,9152058.2
99151,76,1,0,17,2020,0,7237,715,9918352.0
31429,17,1,1,78,2021,1,5090,145,3151080.1
92781,74,0,1,66,2006,0,3302,121,9284649.6
7719,5,0,1,3,1993,1,1057,105,777314.3
46313,91,0,1,42,1998,1,7861,760,4638363.8
53973,69,1,0,82,2003,0,7112,910,5404423.3
95748,28,0,0,75,2001,1,3446,664,9577750.1
64615,38,1,0,45,2019,1,7118,753,6469341.9
10876,64,0,0,44,1990,1,7227,146,1089783.0
38315,97,0,1,58,2000,0,3440,309,3839110.0
16733,20,0,0,4,2019,1,9584,841,1674111.9
17417,53,0,0,47,2000,1,1800,645,1743942.0
45946,24,0,0,64,2001,1,11,328,4601566.1
32143,91,1,0,33,2007,0,3743,384,3219151.7
23409,45,1,0,55,2002,0,151,971,2345459.2
58559,16,0,0,2,2016,0,8360,778,5856579.6
88182,3,1,1,82,2014,1,1245,353,8830006.4
12315,67,1,0,58,1997,0,4618,376,1240599.7
19520,40,0,1,64,2018,0,7335,351,1960957.8
79262,55,0,0,10,2009,0,6144,911,7927560.9
33550,8,0,1,76,1999,0,6166,554,3366345.9
45179,14,0,0,10,2015,0,6509,559,4519301.5
8677,7,0,1,91,1994,0,342,974,877121.4
52517,75,0,1,85,2017,1,6381,894,5254743.7
53762,24,1,1,27,1991,1,9075,919,5387288.1
79553,7,1,0,61,1996,1,3372,896,7964369.6
9367,99,1,1,73,2006,0,4137,571,944409.6
20349,35,0,1,52,2016,0,5795,618,2039634.6
34433,45,1,1,34,2009,0,2283,696,3453087.9
1451,33,0,1,82,2016,0,1682,703,148347.6
21527,82,1,0,76,2012,0,2781,214,2157776.2
45209,50,0,1,8,2008,1,9292,699,4526043.8
93318,20,1,1,34,2008,1,9193,783,9340167.8
31437,10,1,0,52,2013,1,1424,405,3148110.3
4742,71,1,1,73,1990,0,4268,188,485143.0
48648,80,0,0,99,2021,0,9147,797,4875007.1
89003,41,1,0,86,1992,0,8897,279,8911885.2
25182,73,1,1,90,1993,0,5591,773,2526249.3
38890,19,1,1,52,2001,0,8583,297,3898194.1
8682,26,1,0,55,1991,1,3549,574,876659.1
17332,28,1,0,77,2009,1,2473,968,1742502.9
75671,63,1,1,65,2003,0,44,271,7574463.3
5991,1,0,0,77,2021,0,293,722,602374.1
46463,56,1,0,79,2009,1,3911,553,4653602.9
99774,44,0,1,80,2011,0,6072,859,9983069.1
60244,31,0,1,46,1993,0,6251,930,6031860.3
78747,37,1,1,96,1992,0,3456,941,7887317.2
47635,18,1,0,83,2011,1,3885,736,4774793.1
6591,16,0,1,51,1994,1,189,518,663660.4
12997,79,0,1,99,2017,1,4616,631,1312665.7
16146,69,0,1,9,2016,1,7438,244,1619608.6
94792,77,0,0,89,2010,1,4621,528,9484212.0
2382,68,0,1,38,1997,0,1806,870,244305.7
71528,32,1,0,59,2000,0,8815,595,7159665.0
16249,71,0,0,77,2009,1,4661,297,1627810.9
34910,64,1,1,4,2020,0,8602,812,3499187.0
32396,11,1,1,8,2017,1,4276,428,3247610.7
50205,56,0,1,9,1996,1,5072,491,5023160.6
10697,20,1,1,19,2020,0,2175,357,1075136.0
50436,3,1,1,31,1993,0,3666,791,5051967.3
89215,84,0,1,48,2016,0,2596,584,8927554.6
88746,45,1,0,43,2017,0,8703,426,8880447.7
81582,63,1,0,58,2009,1,7337,942,8166678.9
17241,98,1,1,7,2001,1,8505,238,1730302.1
81401,67,1,1,88,2021,0,626,173,8149175.1
41659,3,0,0,73,1998,0,826,696,4171071.8
62268,54,1,0,23,2019,0,1370,587,6230294.9
91618,50,1,0,28,2003,1,369,137,9166381.3
37151,30,0,1,72,1992,0,6711,334,3718557.2
17705,66,1,0,94,2003,0,8332,866,1780034.3
93558,78,1,0,73,2004,0,2215,676,9366616.4
3086,56,1,1,87,2016,1,4313,524,323109.6
30247,9,1,1,70,2005,1,3888,806,3034212.5
26580,48,1,0,53,1997,0,7512,403,2666936.7
21316,9,1,1,27,1999,0,8423,973,2138919.9
77646,36,0,1,49,1998,1,4539,977,7770618.8
39806,32,1,1,66,2014,0,2890,752,3990034.4
91624,29,0,1,20,2013,1,877,682,9168443.3
96329,51,0,1,80,2021,0,1353,373,9643766.1
36580,72,1,0,53,1998,1,5577,727,3664202.8
50013,60,1,1,82,2010,1,9040,136,5014166.0
3763,30,0,1,20,2003,0,4511,838,381105.3
93256,79,1,0,62,2021,1,4082,681,9333157.1
85705,30,1,0,24,2006,0,984,614,8575077.6
10714,79,0,1,53,2000,0,3618,631,1076250.0
10540,64,1,1,2,1998,0,2045,952,1059468.8
70126,97,0,1,42,1991,1,8899,135,7018315.1
87915,21,1,1,100,2003,0,9853,344,8800446.3
44244,81,1,1,29,1994,0,6431,946,4434431.4
65101,3,0,0,60,2019,0,2696,158,6515401.9
93278,87,1,1,47,2015,1,3487,447,9339538.5
38372,21,0,0,77,2008,1,7937,796,3842724.8
97165,58,0,1,39,2005,1,2637,216,9720521.5
42113,92,1,0,37,2018,1,7965,601,4217469.8
7288,21,0,1,44,2015,0,2988,766,734763.5
62690,100,1,1,62,1995,1,8061,239,6277655.5
32689,28,1,1,46,2001,1,8889,888,3273464.1
21106,68,0,0,33,2005,0,9968,395,2114088.5
4921,12,0,1,6,2008,0,8781,599,493917.8
96988,90,0,1,56,1998,1,3186,472,9704380.8
28363,59,1,1,77,2011,0,4253,658,2845490.1
13374,74,1,0,34,2005,1,5906,346,1342193.5
16932,34,1,0,77,1997,1,1623,710,1700179.7
66258,9,1,1,84,2015,0,376,428,6637330.5
63975,54,0,0,90,1998,1,4922,676,6401849.8
11028,69,0,1,46,2013,1,7812,193,1108926.3
7316,76,1,1,79,1999,0,4919,876,745551.9
27924,58,1,0,33,1993,1,7414,132,2799025.3
65349,77,1,0,70,1990,1,3458,369,6544694.0
10370,59,1,1,2,2005,1,3456,380,1045712.5
72581,60,0,0,11,2004,0,3188,691,7258967.4
42957,43,0,1,55,2002,1,3808,343,4303225.2
26308,85,0,0,16,2017,0,1819,539,2631805.7
2168,37,1,0,72,2003,0,2069,103,223041.3
55289,60,0,0,40,2019,1,9836,593,5531801.9
42870,46,1,1,49,2002,1,6199,461,4299631.2
40953,14,0,1,50,1997,0,9711,364,4102635.7
37955,75,0,0,42,1998,0,4425,986,3796781.8
1663,46,0,0,99,1992,1,9289,538,174521.2
75755,83,1,1,41,2010,0,4163,914,7581701.0
51290,95,0,1,77,2003,0,8273,324,5136728.3
78122,55,1,1,29,1996,0,1649,468,7822983.6
49757,66,1,1,43,2000,1,5681,257,4982131.0
75669,31,1,1,64,1993,1,3501,613,7578283.3
3239,45,0,0,28,1997,1,5321,899,327481.7
97887,4,1,0,90,2008,1,7599,898,9799403.8
75972,70,0,1,3,2006,1,1197,972,7601494.6
15426,19,1,1,41,2021,0,5421,185,1549952.1
51566,33,1,0,94,1998,1,8584,771,5170194.8
95395,4,1,0,18,2004,1,9564,565,9543121.4
41926,87,0,1,87,2019,0,2939,418,4197897.9
25150,37,1,1,70,2011,1,336,584,2520440.1
75727,78,1,1,44,2012,1,8247,323,7583793.2
85663,32,1,1,21,2005,0,8408,864,8575283.5
73488,84,1,1,84,2006,0,1524,257,7356188.6
25059,55,0,0,95,2015,1,8645,819,2513876.5
61878,21,0,0,71,2005,0,8822,542,6192576.5
83920,2,0,0,17,2005,0,1432,980,8393890.5
54086,33,1,1,32,2017,0,1437,832,5416631.7
36608,49,0,1,87,1994,1,9477,164,3667019.4
8369,69,0,1,67,2012,1,6047,117,846945.2
84048,57,0,1,5,2015,1,436,169,8408266.5
48926,17,0,1,52,2010,0,8767,766,4897709.0
94188,43,0,1,43,2010,1,1769,191,9422005.0
33052,26,1,1,39,1992,1,1891,970,3312643.2
4372,39,1,0,5,2012,0,1424,735,441738.2
51744,59,0,1,7,2006,1,680,351,5179860.6
13117,70,0,1,84,1992,1,9117,140,1320033.2
59776,37,1,0,45,2019,0,2406,943,5985363.9
85707,92,1,0,30,1993,0,1828,398,8578494.3
2248,84,0,0,77,1990,0,8498,263,229172.0
81668,40,1,1,28,2019,0,4806,543,8175885.9
79760,69,1,1,37,1992,1,3372,653,7986501.2
93833,4,1,1,30,2003,1,5655,453,9390420.3
58543,15,0,1,57,1999,1,4671,523,5858487.9
66283,39,0,1,95,2008,1,9947,280,6640110.8
87603,70,1,1,62,2020,0,9232,755,8768975.0
27612,18,1,1,29,2019,0,9956,753,2770163.9
10379,47,0,0,12,1995,0,6609,452,1039247.5
79577,98,1,1,20,2008,1,8400,740,7967626.8
57441,80,1,1,43,2013,0,1872,505,5754031.3
24303,23,0,1,96,1992,0,6952,359,2440617.2
54872,70,0,1,91,2015,1,5201,302,5491066.5
18086,7,1,0,28,2001,1,9600,211,1814230.1
21150,95,1,1,5,2006,1,2917,472,2124502.6
92617,79,1,1,71,2011,0,7412,711,9271402.1
54337,38,0,1,20,2013,0,6201,465,5437840.3
89721,32,1,1,25,2005,1,5594,280,8978088.5
7863,79,0,0,9,1993,1,1557,258,788123.3
34358,64,0,1,29,2015,0,3450,461,3442393.5
49898,50,0,1,87,2000,1,6421,333,5000704.0
39405,62,0,1,44,2011,0,8707,206,3944548.1
33349,27,0,0,81,2001,0,7350,701,3336491.1
89715,46,1,0,19,2021,1,9802,984,8978105.1
53396,77,1,0,42,1990,1,4830,199,5344746.0
99085,61,1,0,41,2010,0,920,313,9916844.0
70247,96,1,0,46,2020,0,2074,622,7034364.0
35153,86,0,0,93,2004,0,182,408,3522618.4
22121,33,1,0,31,2015,0,485,826,2217570.5
34288,43,1,0,41,2011,1,4489,348,3435548.1
42078,4,1,1,9,2005,0,8430,185,4213583.5
96791,100,1,1,4,2011,1,1317,336,9683987.1
900,20,1,1,51,2008,1,7384,715,100197.8
58150,80,1,0,27,1990,0,2670,689,5820741.0
68102,83,0,1,46,1999,0,7405,670,6818967.9
69418,3,1,1,70,1992,1,1835,314,6951279.2
42630,49,0,1,23,1991,0,4767,814,4267672.1
35249,56,0,1,20,2012,0,4551,712,3529536.2
14344,86,1,1,73,1993,0,6964,485,1446006.3
16446,77,1,1,42,2017,1,5734,942,1650622.7
95733,49,1,1,97,2013,0,9434,779,9584807.3
85425,29,0,1,92,1994,1,9186,805,8552545.4
71472,96,1,1,40,2015,0,4405,159,7154589.5
13440,31,0,0,83,2006,1,6486,548,1345546.6
22061,59,1,1,50,1997,1,5559,127,2212814.7
55439,63,1,0,82,1996,1,4954,843,5550349.6
88001,56,0,1,74,2007,0,7889,548,8804639.7
70613,7,1,1,29,2011,1,1819,662,7071960.1
35488,2,1,0,79,2018,1,6111,867,3559112.8
12700,91,0,1,71,1994,0,1867,436,1279169.4
23885,12,1,0,23,2002,0,5011,369,2392010.2
36667,61,0,1,61,1991,1,5319,645,3675788.1
19189,63,1,0,50,2014,0,1317,792,1922029.4
61418,32,0,0,80,2000,0,874,829,6148450.0
27995,63,1,1,1,2013,0,7010,847,2809288.3
39385,6,0,0,27,2002,1,5014,362,3941795.2
55333,24,0,0,54,2017,1,7655,696,5539161.7
97187,12,1,1,55,1992,0,2433,900,9729784.2
68985,86,0,0,80,2009,1,2680,576,6901750.9
71354,33,1,0,13,1999,1,2938,300,7140052.9
57026,87,1,1,2,1994,0,6913,661,5710109.4
62149,91,1,1,17,1991,1,8579,544,6221668.1
25836,91,0,1,98,2007,1,480,985,2597793.7
74465,22,1,1,85,1992,0,6696,586,7460896.2
33304,5,0,0,50,2001,0,4009,317,3334300.1
59660,46,1,0,90,2015,1,1111,784,5975034.5
22298,4,0,1,99,1992,0,6038,130,2236646.2
82554,79,1,1,8,2004,0,7888,450,8265275.4
97970,33,0,1,94,2000,0,9558,232,9809237.0
60187,59,0,1,23,1999,1,7472,353,6023643.9
57930,16,1,0,82,2000,1,6834,768,5796201.0
59392,87,1,1,36,2001,0,9394,834,5948797.1
45324,46,0,0,84,2014,1,1256,746,4536393.4
83245,91,1,0,2,2002,1,1113,921,8327808.2
21086,3,1,1,58,2006,1,4001,527,2116427.6
88539,18,0,0,86,2003,0,1702,943,8858484.3
75402,73,1,0,21,1992,0,3045,446,7545890.2
17347,33,0,0,93,1995,1,1771,132,1742732.5
77765,35,0,1,24,2015,0,7248,622,7782483.5
16187,17,1,1,10,2008,0,7265,656,1625626.8
9972,95,1,0,27,2018,1,8502,755,1004815.8
57015,65,1,1,80,1994,0,4070,512,5711455.4
24237,8,1,1,21,2021,1,8582,588,2430773.1
80995,7,0,1,50,2019,0,4568,567,8106168.9
31055,90,0,0,66,2012,0,4128,464,3109679.2
97831,19,0,1,75,2004,1,1728,613,9790034.4
89089,45,1,0,66,2020,1,6424,810,8914602.0
36555,40,1,0,55,1990,0,2681,661,3661032.0
44247,65,1,0,76,1995,1,5574,220,4430620.5
202,18,1,0,82,1996,1,5740,106,28295.6
45403,29,1,1,6,2002,1,6257,543,4547042.2
39611,5,0,1,50,2005,1,9229,409,3968264.5
78016,21,1,0,57,1993,1,751,702,7809472.3
37065,25,0,0,32,1998,1,1943,859,3709895.8
35415,88,1,1,97,1995,0,1282,973,3552201.5
22884,87,0,1,3,1994,1,7608,267,2292005.4
83954,89,0,1,91,2013,0,3517,259,8404690.3
63780,43,0,1,82,2018,1,8755,134,6386345.8
35758,61,1,0,9,2018,1,4397,259,3578395.8
72555,30,1,1,61,2009,0,5346,533,7264099.9
42136,53,1,0,63,2004,1,9918,430,4217052.4
29798,98,0,0,25,2015,0,6504,462,2981776.5
38643,53,1,1,54,2015,0,2198,303,3874219.5
98799,55,1,0,42,2020,0,5468,712,9887392.0
55668,20,0,1,48,2009,1,2002,984,5576689.9
65786,55,1,0,40,1993,0,5005,309,6581341.3
80000,2,1,1,19,2013,0,9879,926,8007346.3
19443,16,1,1,27,2006,0,9579,117,1954996.6
5354,30,0,1,70,2021,0,4380,644,545595.1
19534,47,0,0,20,2011,1,2861,908,1954981.1
58585,7,0,1,49,2010,0,3178,992,5864736.0
51547,65,0,1,23,2002,0,8346,861,5158989.2
93363,43,1,0,88,2020,1,4992,871,9341198.0
47258,43,0,0,13,1995,0,7398,192,4727374.5
57117,12,1,1,86,2014,0,9199,460,5722262.4
49557,62,1,0,85,2020,0,5338,977,4960553.0
90164,28,1,1,13,2016,1,8609,697,9022533.6
1500,47,1,0,18,2001,0,6767,198,153756.1
54245,57,0,1,15,2001,1,658,167,5426769.1
87795,88,0,1,55,2001,0,1819,620,8787355.1
24523,60,1,0,21,1998,1,1625,980,2457562.8
68595,48,0,1,88,1998,0,3024,518,6865628.8
20304,57,1,0,52,2009,1,1310,522,2039313.9
11471,17,0,0,100,1993,0,469,112,1152849.3
46644,7,0,0,55,2017,1,1862,375,4668991.7
20771,46,0,1,35,2019,1,9823,445,2083710.9
84716,69,0,1,84,1998,0,8032,958,8479849.8
34762,70,1,0,45,1990,1,3618,457,3482612.0
37442,66,1,0,75,2003,0,5322,812,3750097.3
83214,74,0,1,82,2015,0,1773,428,8329159.5
5460,77,0,0,84,2006,0,3309,226,552196.6
36297,35,0,1,99,2013,1,8023,235,3635567.3
81557,38,1,1,19,1990,0,238,647,8162608.0
30300,49,0,0,74,1998,0,6474,988,3033117.8
79814,32,1,1,75,1991,1,1270,438,7995547.1
94707,30,0,1,1,2014,0,2933,276,9473157.4
17934,50,0,1,72,2013,1,5652,470,1801096.3
57939,26,1,1,73,2011,1,5502,965,5805607.1
13814,46,1,0,97,2007,0,4772,598,1388629.7
13461,8,1,0,31,1996,1,9134,604,1349819.6
16693,26,0,1,35,2020,1,3780,955,1673561.0
5888,66,1,1,40,2014,1,394,619,597556.4
79610,75,1,1,6,2011,0,2551,538,7968541.1
27655,12,0,0,19,2009,0,2566,453,2767015.9
5849,39,0,0,43,2009,0,7993,672,588467.9
99536,98,0,0,32,1992,0,3710,360,9956467.2
70383,10,0,1,87,2005,1,5567,871,7050270.5
40372,84,0,1,26,2011,0,8992,758,4042590.1
63975,72,0,1,90,2020,0,407,639,6404090.0
2155,71,1,0,1,1990,0,292,529,219290.0
58516,5,1,1,45,2012,1,9795,333,5859646.2
22238,14,0,1,14,1990,1,4166,425,2229057.0
17345,42,1,0,22,2019,0,2768,919,1739138.9
27002,82,0,1,18,2007,0,223,754,2703257.7
68667,86,0,0,24,2015,0,7536,357,6867515.5
31054,55,0,0,44,1994,0,7568,582,3108729.4
229,49,1,0,6,2014,0,1820,805,27438.4
87800,12,1,1,51,2010,1,8158,500,8790424.0
73069,63,0,0,40,2021,0,8757,418,7310442.1
6031,83,0,0,6,2017,1,3757,433,604367.7
76903,36,1,1,29,1996,1,4698,941,7700543.6
9889,1,0,1,65,2006,0,3856,470,994976.6
61745,93,0,1,36,2019,1,9747,819,6180867.9
91532,10,0,0,86,2020,0,9729,303,9156554.0
99609,23,0,0,68,1996,0,6693,619,9967075.6
82665,29,0,1,85,2018,1,3307,125,8280105.8
97179,55,1,0,66,1993,1,7033,323,9724166.3
79582,64,0,0,24,2001,1,8998,424,7960890.1
16852,87,1,0,7,2004,0,1619,626,1690910.4
43920,77,0,1,93,2003,1,7470,451,4396723.3
86397,46,0,0,98,2017,1,8353,621,8649275.7
65883,13,0,1,66,2018,0,5578,559,6599494.8
93815,20,0,0,32,2004,0,8644,253,9383412.4
27902,16,1,0,28,1991,0,5299,585,2797357.1
59732,69,1,1,75,2021,1,9728,788,5982091.1
36428,100,1,1,25,2018,0,6406,827,3649020.8
37174,4,1,0,28,1990,0,6526,775,3721209.0
79770,44,1,0,73,2001,1,5995,846,7983537.1
78259,19,1,0,3,1992,1,4501,215,7829196.2
22811,75,1,0,50,2016,1,9974,355,2285502.6
35912,88,1,1,85,2018,0,4027,814,3603983.8
1575,80,1,1,17,2016,0,5798,277,163475.6
42934,40,1,0,2,2020,1,8797,496,4297263.0
54016,26,0,1,50,2000,0,2496,130,5407699.0
78983,57,1,0,49,1990,1,9114,916,7904937.0
81319,73,0,0,98,2020,1,348,659,8141470.0
70432,23,0,0,4,2012,1,3986,793,7044387.2
53762,45,0,1,98,2000,0,1270,153,5385468.0
43761,53,0,1,5,2013,1,4391,559,4378702.3
50643,24,1,0,46,2013,1,2086,745,5070436.3
38305,8,0,0,47,2010,1,4046,310,3833081.0
13389,10,0,1,95,2015,1,2978,441,1349726.5
81783,82,1,1,26,2014,1,1530,175,8186131.4
60511,56,1,0,44,1996,1,1982,396,6056788.6
96387,58,0,1,45,1992,1,9583,984,9643438.2
51687,86,1,1,89,2016,1,7341,579,5183003.6
86933,58,0,0,7,1991,1,2580,610,8694297.1
15124,18,1,1,98,2017,0,3444,746,1524899.7
8931,100,1,1,44,1997,0,2495,530,902753.7
90091,92,1,0,52,1994,0,5101,488,9018116.4
16279,75,1,1,95,2007,0,8181,415,1636515.7
52345,71,1,1,14,2003,1,1017,305,5241325.3
5916,43,0,0,10,1998,1,1338,253,592539.8
47499,94,1,1,95,1994,1,7833,913,4758839.4
44208,15,1,0,33,1999,1,8253,555,4425818.9
40137,65,0,1,86,2017,1,3809,775,4022874.7
74309,19,0,0,73,2015,0,6743,607,7433733.5
98094,92,0,1,8,1998,0,2462,272,9813413.8
32029,72,0,1,97,1999,1,535,189,3213964.9
11182,56,1,0,77,2013,1,6799,179,1128240.3
57962,15,1,0,93,2013,1,2498,215,5808764.3
44967,50,1,1,77,2002,0,19,373,4505471.2
36466,74,1,0,11,2021,0,3367,938,3648757.1
81394,65,0,0,100,2009,0,3663,320,8145950.9
78189,16,1,1,34,2014,0,5556,151,7828149.4
21919,54,1,0,3,2003,1,4561,866,2196404.3
43645,90,0,0,58,2002,1,7742,237,4369168.2
67448,43,0,0,15,2000,0,1772,549,6745520.0
80150,54,1,0,88,1997,0,3444,188,8020491.7
93032,31,0,0,4,2021,0,7900,403,9304114.1
82838,72,1,0,37,1991,0,6966,552,8291462.1
2563,12,1,0,79,1999,0,4860,986,264728.9
81299,73,1,0,80,2000,1,694,826,8137736.0
50092,70,0,0,67,2018,1,6506,396,5014491.8
77048,8,1,1,29,1993,1,901,463,7711979.3
47628,81,1,0,41,2021,1,3423,561,4768776.1
97976,14,0,1,31,2012,0,7987,731,9805123.2
10446,11,1,0,56,2008,0,9565,757,1052752.8
26901,75,0,0,38,2015,0,7844,994,2693285.5
87864,47,1,0,97,2016,1,8207,296,8798646.6
30510,55,1,1,16,1993,0,256,750,3057646.3
32546,23,0,1,58,2001,0,9834,643,3262467.1
61398,100,1,1,43,1993,0,573,368,6151348.3
10652,2,1,0,42,2016,0,9021,102,1069306.6
64331,38,1,1,18,2012,0,7769,202,6442542.2
72319,69,1,1,53,2021,1,5644,982,7245147.1
51214,19,0,0,77,2002,0,6970,223,5123070.2
34640,76,0,0,22,2020,0,5870,177,3466722.0
82751,79,1,1,58,2003,0,4007,607,8284460.3
6443,10,1,0,37,2008,0,3467,918,650272.8
81951,43,1,0,34,2009,1,4919,545,8201048.9
61054,81,1,0,50,2010,1,5476,893,6110657.0
42557,71,1,1,23,2015,1,880,938,4264085.5
22505,49,0,1,90,1998,1,1040,574,2258877.8
41600,16,0,1,58,2020,1,2859,864,4170132.0
22701,51,0,1,35,1999,0,9077,706,2274785.9
77446,14,1,1,2,2003,0,6338,454,7749398.3
81793,15,0,1,59,2006,1,9523,242,8182431.6
77150,58,0,1,33,1996,0,231,167,7719651.6
53326,11,0,1,87,2010,1,7620,307,5340791.0
96685,27,1,1,55,2002,1,7963,888,9682268.2
82158,72,1,0,82,2020,0,1109,539,8227135.0
24972,4,1,1,80,2007,0,6402,979,2511380.7
8746,3,1,0,39,2008,1,3641,494,880925.8
38449,86,1,1,22,2019,1,3589,662,3852125.9
36187,7,0,0,66,2000,0,7004,161,3624960.0
6518,5,0,0,8,2002,1,9235,978,653208.2
33785,16,1,0,9,1994,0,8088,264,3383514.4
20556,91,0,0,24,2004,0,4270,765,2057988.4
89198,78,0,1,46,1990,1,9247,735,8925638.0
39664,87,1,0,75,1997,0,1277,267,3973483.7
14401,33,0,1,34,2006,0,281,453,1445095.6
49382,21,0,0,81,2005,1,8135,470,4945454.5
86571,73,0,0,23,2007,1,778,582,8658306.7
10727,22,1,0,12,2012,1,4362,255,1077784.2
86688,99,1,0,18,2018,0,2319,329,8672319.8
79410,40,1,1,29,1991,0,3012,163,7949040.1
74330,52,0,0,35,2001,1,8017,192,7434095.1
1754,87,1,0,70,2013,1,5466,355,185004.3
93571,56,1,1,59,1998,1,5789,661,9365745.8
70380,17,0,1,49,2006,1,9977,178,7047022.6
40006,65,0,1,81,1991,0,7307,352,4012759.1
66327,83,0,0,52,1990,1,8266,938,6636303.0
86204,84,0,1,8,2021,1,4686,786,8625334.1
62752,73,0,1,50,2007,1,3955,542,6281821.7
49183,71,0,1,31,2015,0,345,101,4922034.5
20755,74,1,0,74,2007,1,1713,780,2083312.7
82626,67,1,1,75,2011,1,3598,524,8278341.1
72993,21,1,0,16,2006,1,2092,898,7303799.6
91745,30,1,0,9,2021,0,457,291,9177089.1
47803,17,0,0,51,1995,1,5370,814,4785479.5
26162,32,0,1,61,2001,1,3363,476,2622100.1
64717,37,1,1,62,2008,0,3005,227,6484598.8
69426,70,0,1,37,1996,1,6116,272,6948093.6
7954,41,0,1,50,1990,0,5205,957,803694.0
17341,25,0,1,74,2011,0,5669,921,1741766.1
36138,81,0,1,11,1998,0,4502,397,3619052.8
73072,22,0,1,22,2019,0,5092,909,7310814.9
83352,19,1,0,54,2010,0,189,606,8341664.0
32337,8,1,0,80,1991,1,9580,875,3239612.1
30566,10,1,0,20,2004,1,6890,869,3061321.4
89114,41,0,1,77,1991,1,8363,285,8919368.1
3190,59,0,0,95,2004,1,9709,338,322180.4
77807,91,0,0,46,2015,0,8242,984,7781711.5
69665,77,0,0,13,1998,1,9066,151,6967594.8
5475,78,1,0,80,2017,1,637,315,557404.7
872,47,1,1,23,2013,1,2975,900,94371.3
91187,22,0,0,50,1997,0,9053,799,9123299.7
96711,16,0,1,37,2000,1,3966,347,9677596.0
39289,58,1,0,50,2020,1,5277,634,3933825.0
3448,13,0,1,68,2001,0,6278,928,351335.1
24623,40,1,0,75,1993,0,7639,860,2469572.3
80995,63,1,0,100,2009,1,8042,182,8104164.9
62239,95,0,0,96,2003,1,2969,534,6233248.3
58413,43,1,1,27,1990,1,6367,601,5852813.0
26484,48,1,0,61,1997,0,8814,839,2654798.7
93466,6,0,0,27,2007,0,3103,166,9347751.7
71146,77,1,1,45,2007,1,2192,458,7123165.7
69133,88,1,1,24,1992,0,4316,793,6922630.2
16205,88,0,0,11,2013,1,9455,986,1621809.3
43815,56,0,1,99,1995,1,4522,488,4387387.5
21396,20,1,1,44,2008,1,6835,906,2150994.8
52416,40,1,1,98,2012,0,618,507,5259907.2
95012,50,1,0,57,2009,1,1933,558,9505478.9
11617,70,1,0,67,2006,0,7914,821,1171852.6
96459,4,1,1,49,2001,1,1306,197,9655536.1
38443,30,1,0,97,2001,0,908,161,3854728.1
47982,83,1,1,32,1994,1,4986,338,4808638.4
89500,80,0,1,57,1991,1,7175,655,8955536.1
50396,96,0,1,19,1995,1,1421,125,5044139.5
7759,46,1,1,80,2005,0,1667,609,784516.5
68925,98,1,1,93,1991,0,8068,328,6906463.1
67391,31,1,1,23,1996,0,5136,359,6749765.6
63567,27,0,1,63,2013,1,415,217,6362145.3
25133,29,1,0,2,2010,0,8127,407,2516676.0
27823,58,1,0,61,1991,1,6934,693,2791784.1
3411,92,0,1,66,2009,1,3419,455,350289.9
44227,21,0,0,73,1999,1,1100,155,4424786.9
35849,22,1,1,7,2010,0,9292,969,3594490.0
64430,41,1,1,44,1999,1,5624,637,6453925.9
57581,22,1,0,34,2000,0,1251,115,5766399.0
55901,28,0,0,54,2015,1,2529,238,5594909.5
692,18,1,1,36,2014,0,2723,543,78924.4
27461,8,1,1,48,2013,1,9320,543,2755288.3
43496,89,1,1,30,2011,0,8954,705,4360682.1
8214,19,1,1,1,1995,1,7508,779,828785.5
57557,19,0,1,36,2007,1,5908,563,5762136.7
90070,22,1,1,84,2003,0,4964,272,9017234.3
10482,25,1,1,70,2000,0,6032,655,1055477.0
41440,40,0,1,22,1998,0,2056,870,4150108.8
82469,9,0,1,12,1995,0,7134,217,8250061.5
14774,27,0,0,85,2014,0,3286,781,1483681.4
5758,88,1,0,31,2018,0,2936,203,579242.8
51501,96,1,1,4,2002,1,9240,847,5154868.2
29396,37,1,1,3,2015,0,6762,687,2947040.5
68947,89,1,0,17,1996,0,1074,643,6899120.6
49617,9,0,0,32,2015,1,9250,664,4964077.5
27831,92,1,0,72,1999,0,720,677,2788302.9
22348,52,1,0,46,2012,0,8192,358,2243084.2
67396,67,0,0,50,2016,1,1145,619,6744101.6
71930,76,1,0,31,2018,0,6593,325,7197994.8
51837,34,0,0,29,2016,0,1946,657,5187272.6
1220,83,1,1,37,2004,1,2133,852,134474.4
85238,3,0,1,4,2008,1,7120,399,8525952.8
20110,80,1,1,71,2005,1,7835,307,2021327.5
90178,47,0,0,65,1999,0,5594,790,9023404.9
2308,57,0,0,62,2008,1,6003,267,237020.8
64783,78,1,1,47,2020,1,7710,449,6488470.0
63345,27,0,0,93,2000,1,8836,212,6337954.0
4802,90,1,1,62,2008,0,457,641,490922.8
82506,77,0,1,78,1999,0,2437,871,8260448.9
91525,14,0,0,74,1992,1,2789,474,9158303.2
97684,45,0,0,93,2016,1,9925,443,9772177.6
85990,58,1,0,51,2019,0,4454,973,8605325.9
88140,45,1,1,75,2011,0,3339,657,8828417.1
41086,93,0,1,33,2007,1,4065,687,4116465.7
70872,45,0,1,45,2003,1,1143,1000,7092845.3
50015,86,1,0,59,2008,0,4798,203,5009733.8
90488,36,1,0,93,1992,1,5550,329,9056651.2
60050,58,0,0,41,2002,1,6469,655,6008607.2
57897,28,1,0,3,2012,1,9796,375,5792780.2
45339,38,1,1,64,1993,0,1593,377,4541883.3
41167,51,1,1,7,2012,1,8507,661,4121602.2
63648,42,1,1,23,2015,0,7273,876,6373960.5
18726,53,1,0,69,2019,1,7773,223,1876721.9
72938,11,1,0,15,2007,0,8905,507,7299819.7
8090,17,1,0,38,1991,1,9650,507,811168.1
20869,6,1,0,100,1990,0,8356,311,2101176.0
57300,54,0,0,34,2002,1,3016,619,5732956.2
19430,50,1,0,47,2004,1,2876,822,1949922.4
22924,38,0,0,54,2016,1,4760,120,2294397.6
50593,95,0,1,82,2021,0,4624,181,5066402.1
69667,62,1,1,56,1996,1,9663,409,6976846.6
23552,49,1,0,93,1992,0,9650,112,2359256.2
54029,56,0,1,85,2018,1,9738,194,5411241.8
82948,95,0,0,71,1992,0,7708,429,8299141.2
4398,80,0,0,32,2000,1,3227,229,442758.0
51781,69,1,1,46,1991,0,5053,903,5184433.1
55671,87,0,1,81,2010,1,7184,846,5574713.0
83281,55,1,0,2,2015,1,245,152,8332688.5
49795,19,0,0,43,2013,0,852,619,4983282.3
51482,39,1,1,22,2004,0,6595,523,5153891.4
34236,60,1,0,85,2012,0,1703,167,3429690.2
64005,87,0,0,44,1994,0,7986,757,6405309.4
72449,56,0,1,48,2003,1,1566,937,7252083.3
52771,68,0,1,72,2016,1,4158,738,5284748.6
68106,51,1,0,92,2000,0,8691,603,6818219.0
99907,6,0,1,8,2019,1,5185,999,9994473.9
42253,39,1,0,16,2008,0,196,633,4228711.8
82295,43,0,1,73,2015,1,1048,207,8236958.5
77466,26,1,0,80,1999,1,7972,709,7753678.9
33625,6,0,0,50,2004,0,6539,211,3367500.4
31612,18,0,0,73,2001,0,644,279,3164839.1
82524,50,0,1,61,1995,1,29,953,8259448.5
68038,54,0,0,42,2011,0,5230,752,6807415.1
68144,88,1,0,87,2011,0,5525,435,6825041.1
89946,39,1,0,50,2006,0,6744,520,9002540.6
95546,26,1,1,65,2005,1,6223,334,9565439.5
39742,30,0,0,40,1994,0,2804,710,3977539.4
210,75,0,1,83,2000,0,6453,744,28028.0
99431,12,0,1,44,1991,0,3561,298,9946390.1
40960,21,0,1,45,2000,1,5163,241,4102102.0
97082,56,0,1,66,2013,0,6838,639,9715287.3
69705,5,1,0,93,2003,0,7427,898,6984450.3
41324,76,0,1,58,1990,1,9323,408,4138064.0
3461,97,1,1,88,1993,0,5751,666,358703.3
68933,10,0,0,1,1999,1,1854,535,6894438.9
13054,40,0,1,42,1999,1,7793,130,1311257.9
87705,98,0,1,41,2019,0,6536,911,8778255.9
44859,95,1,0,91,2017,1,2158,659,4496708.7
10134,98,0,0,62,2013,0,3751,916,1015389.3
45184,83,0,0,64,2015,1,2234,290,4521371.5
14862,49,0,0,71,2004,0,4045,786,1491791.4
41989,2,1,1,57,1994,0,8836,714,4209907.4
70690,21,0,0,53,1992,0,9381,722,7073132.2
48443,29,1,1,17,2014,1,3057,643,4854913.4
51442,13,0,0,99,1992,0,7016,803,5152369.2
71256,87,0,1,87,1999,1,7831,638,7136102.9
22100,52,1,0,32,2005,1,923,692,2217330.5
59726,26,1,0,51,1996,1,9178,934,5978949.6
33201,17,1,1,77,1991,0,9550,107,3329880.1
28706,84,0,1,70,2006,0,3183,383,2875896.6
88287,76,0,0,95,2009,1,3586,472,8837290.9
57182,90,1,1,100,1992,0,5306,492,5728972.2
30918,43,1,0,63,1993,1,7715,631,3099241.3
47749,48,1,0,92,2010,0,2519,513,4778728.0
4229,78,0,1,37,2001,0,5829,200,427872.1
89940,55,0,0,52,2017,1,7822,812,8995621.7
26271,35,0,1,72,2018,1,2018,421,2635559.8
18639,66,0,1,13,1995,0,679,641,1867531.5
97760,81,1,1,72,1990,1,4201,371,9785459.0
74171,68,0,1,90,1997,1,1120,961,7423971.7
76423,71,1,1,56,2017,1,3709,413,7656245.7
40115,28,1,0,14,2003,1,3049,622,4015695.3
7888,47,0,1,90,2004,0,9789,513,794180.4
33018,53,0,0,60,1995,0,6754,536,3303609.5
13123,42,1,1,8,2020,1,4404,122,1321158.0
59608,69,1,0,32,2012,0,8997,414,5968780.2
55198,2,1,1,16,2003,1,1900,484,5528250.3
66504,72,1,1,35,1998,1,9511,336,6661493.8
14386,43,1,1,87,2007,1,3837,127,1448793.7
9817,22,1,0,95,2002,1,262,529,989421.2
92494,18,1,0,90,2004,0,3100,117,9254500.4
36649,92,1,1,42,2016,1,8619,422,3672422.6
78163,58,1,0,42,1996,0,596,579,7822877.6
53877,54,1,1,57,2021,0,8811,963,5396902.1
76130,47,0,1,63,2018,1,4019,415,7621164.8
63172,80,1,1,87,2020,0,6433,799,6327173.0
96595,90,1,1,63,2002,1,2867,252,9671244.2
85743,76,1,0,75,2004,1,1839,875,8580878.4
99740,19,1,1,23,1999,0,6110,359,9982698.9
32839,17,1,1,22,1991,0,3101,386,3294617.1
38480,99,1,0,83,2010,0,7385,376,3853735.0
84970,20,0,1,19,1998,0,8384,949,8504061.8
90115,40,0,0,12,1997,0,164,412,9012893.7
19069,78,0,1,36,1997,0,4306,135,1910241.7
8528,10,1,1,48,1998,0,9256,865,861004.8
51010,24,0,1,65,2018,1,3391,622,5106590.8
36256,48,0,1,98,2003,1,8926,136,3633301.3
49956,8,0,1,61,2019,1,3903,956,5000197.9
97578,97,1,1,63,2006,0,8747,474,9764792.6
85024,52,1,0,31,2017,0,732,791,8506042.7
66169,40,0,0,66,1993,1,2547,239,6623375.3
2895,52,1,0,24,2008,1,6657,604,292915.8
25805,49,1,0,86,1991,1,1197,680,2591493.1
13073,86,1,1,21,2001,0,3203,410,1316580.1
57213,82,1,0,31,1994,0,5321,337,5725473.4
73479,58,0,1,78,2004,1,1567,288,7356083.4
52397,92,0,0,25,1990,0,2567,992,5241599.0
82897,72,0,1,90,2001,1,3520,487,8298456.1
9242,90,1,0,36,2008,1,4534,494,930448.8
87603,45,0,0,31,2019,0,5175,684,8762692.9
99516,73,1,0,43,2012,0,5178,712,9955482.2
74819,66,1,0,32,2010,1,2214,453,7484727.0
12101,91,1,0,23,1996,0,7780,544,1215445.6
5540,14,1,0,61,1995,0,9042,752,559407.5
43411,79,1,1,59,2009,1,8856,897,4350544.9
33928,19,1,1,39,2016,1,3437,754,3401310.6
42011,93,0,0,53,2021,0,5192,639,4203445.1
85202,24,1,1,40,2011,1,2236,884,8530631.1
80617,41,0,0,53,2000,0,4837,699,8062892.0
460,3,0,0,12,1993,1,7166,734,47257.3
13005,81,1,0,9,2020,1,7738,368,1304605.0
70202,2,1,0,19,2010,1,9899,349,7025433.0
13400,40,1,1,47,2000,1,5660,712,1351303.0
29619,41,0,0,53,1993,1,2987,491,2967787.3
85246,53,1,1,19,1990,1,8405,890,8530688.0
20375,37,1,0,4,2017,1,8866,963,2042174.7
63010,38,1,0,83,1992,1,215,491,6308475.2
59172,15,1,1,60,1995,0,9255,121,5927710.5
20685,100,0,1,86,2012,1,150,929,2077651.2
81814,2,1,0,7,2016,1,7677,864,8184989.6
77309,46,1,0,71,2020,0,5734,389,7735889.0
55917,74,1,0,1,2014,1,2007,182,5594069.4
55474,81,1,1,65,2012,0,411,176,5553845.2
67509,79,1,1,63,2016,0,1471,142,6761569.6
36387,2,0,1,38,2010,1,5865,991,3645155.0
31244,99,1,0,34,2000,0,9770,594,3132092.0
12010,3,0,1,36,1996,1,529,968,1205863.6
33249,73,0,0,52,2017,0,9373,393,3327793.7
1042,60,0,1,89,2009,0,7965,521,116146.9
35498,1,1,1,84,1993,0,9554,280,3561303.3
75598,30,1,1,29,2021,1,506,771,7568656.1
45893,1,1,0,43,2017,0,8584,326,4596499.7
43588,77,0,1,81,1998,0,870,676,4365377.8
33260,63,0,0,57,2019,1,7987,997,3328632.9
74169,49,1,0,39,2005,1,9717,233,7421839.5
1271,87,0,0,8,2010,0,3446,393,128255.0
61435,45,1,1,64,1999,1,6580,630,6155348.9
94934,54,0,1,90,2007,0,325,563,9499856.7
94904,5,1,0,27,2020,0,1808,651,9497623.0
10944,27,1,0,30,2017,0,1858,207,1099743.7
39171,90,1,1,18,2002,1,5721,232,3923469.2
28495,61,1,1,89,2013,0,9180,298,2860568.3
54250,57,1,0,23,2011,0,9177,802,5431886.1
53001,94,1,0,64,2016,0,5989,454,5306618.6
4299,28,1,1,61,2018,0,5226,225,441384.8
8978,57,1,1,16,1990,0,4408,826,905148.0
66542,15,0,1,53,1997,1,6602,195,6659594.7
90179,16,0,1,24,2021,1,7306,228,9022516.1
15724,37,1,1,91,1999,1,7229,444,1589321.9
35523,78,0,1,84,2009,0,5066,945,3560958.9
71443,26,0,0,56,2003,0,6685,413,7146766.3
84930,73,0,0,40,2017,1,8319,716,8496751.7
44637,13,0,1,51,2021,1,3965,385,4473507.1
40089,58,1,1,42,1999,1,5976,993,4016591.9
92942,51,0,0,38,2001,0,389,513,9298850.1
66099,73,0,1,96,2004,1,981,441,6616281.4
55320,47,1,1,77,1998,0,6927,433,5542804.8
42346,22,1,1,4,1998,0,1953,997,4241310.8
69778,12,0,0,98,2001,1,7906,141,6988206.1
87565,24,0,1,83,2005,0,7926,790,8760812.5
59234,74,1,1,91,1991,0,2578,528,5936567.1
10838,90,0,0,51,2011,0,5863,413,1086957.1
10821,71,1,1,97,1991,1,8154,297,1100557.1
67531,64,1,0,66,1992,0,6449,478,6760858.2
66542,19,0,0,96,2004,1,1773,502,6660410.4
87294,92,1,0,80,1992,1,7378,575,8740010.2
69648,9,0,0,3,2011,1,7249,620,6965618.1
6373,91,1,0,88,2015,0,5343,692,646190.5
56126,98,0,0,92,1998,0,2765,825,5622399.8
47373,80,0,1,60,1997,0,3801,223,4744247.7
70346,18,1,0,83,2007,0,3350,772,7041725.7
59009,42,0,1,88,2006,1,6191,375,5908459.6
13982,75,1,1,71,2016,0,462,564,1408422.6
17687,33,0,0,58,1999,0,4510,725,1771295.9
83606,57,0,0,81,1992,0,3933,461,8365435.2
54111,7,1,1,58,2016,0,6646,261,5418802.6
88554,37,1,0,26,2000,1,1261,850,8859758.0
41309,44,1,0,5,2003,1,6009,162,4136015.3
87066,47,0,1,99,2020,0,8057,866,8718414.0
27921,84,1,0,41,2002,1,842,153,2799272.2
34723,46,0,1,41,2003,0,3190,414,3476474.3
76929,46,0,1,16,2019,0,922,748,7696040.9
29141,92,1,1,67,1999,0,6084,286,2926194.9
17583,54,0,1,86,2010,1,6237,675,1765645.0
59501,23,0,0,72,2011,0,1220,341,5956711.1
24537,6,0,0,21,1994,0,6984,135,2455081.4
83641,37,0,0,22,2006,1,3871,210,8365598.6
16046,11,0,0,41,2017,0,4718,139,1606409.7
84791,74,1,1,69,2001,0,960,535,8490703.1
86215,79,0,1,43,2006,1,3203,203,8630496.6
46356,30,1,1,81,2007,1,4688,774,4648974.7
77196,2,1,0,94,1991,1,9702,330,7726722.1
5725,16,1,0,21,2009,1,4343,498,576509.9
84322,39,1,0,11,2007,1,2794,152,8437871.7
25602,39,1,0,90,2006,0,4297,685,2568817.6
19857,30,1,1,50,2016,1,5887,361,1994317.6
49033,16,0,0,38,2018,1,5064,494,4907507.8
65369,9,0,0,50,1999,1,7890,110,6539399.9
27428,23,0,0,61,2008,0,5843,369,2746938.8
38057,21,1,1,99,2007,0,5824,964,3820611.7
29273,36,0,0,46,2000,1,6821,208,2930120.0
76712,48,0,1,10,2001,1,3408,543,7675385.1
44917,89,1,1,86,1994,0,5000,897,4504064.4
45390,22,1,1,59,2011,0,4896,718,4545301.1
45889,16,0,1,31,2021,0,9483,491,4593571.1
65280,11,0,1,28,2019,0,4415,358,6531738.9
72050,59,1,0,54,2005,0,45,311,7214204.5
98712,28,1,1,79,2012,1,4712,553,9881657.2
22713,33,1,0,25,1994,0,3257,824,2277018.4
67105,12,1,0,87,2014,0,2199,949,6716149.4
96562,20,1,0,99,2009,1,696,310,9662306.9
60368,100,0,1,21,1998,1,6195,384,6043393.8
99820,12,0,0,72,1994,0,4603,401,9987501.4
12386,19,1,1,5,2018,1,1634,259,1248980.8
49425,14,1,1,79,1996,1,710,464,4952474.6
13628,79,1,0,60,2013,0,8364,992,1368408.3
30779,64,0,0,28,2020,0,2087,635,3080536.0
92770,79,1,1,12,2011,1,2888,377,9282866.1
83104,50,0,1,80,2005,0,1123,245,8317986.5
97284,89,1,1,24,2010,0,7150,496,9738363.0
5977,71,0,0,12,2005,0,8767,418,599038.5
48179,49,1,0,63,2007,1,3572,447,4821918.7
71000,15,0,1,69,2006,0,8486,948,7105944.6
2246,14,0,0,46,2015,1,9881,384,226661.5
97491,95,0,0,97,1992,0,5197,878,9753285.2
98267,55,0,0,15,2009,1,4610,425,9828650.9
34837,4,0,1,51,1995,0,3723,524,3492788.5
25996,3,1,1,18,2014,0,8070,685,2607460.4
52151,56,1,1,1,2011,0,4450,405,5221936.1
36327,41,1,0,7,1994,1,4907,500,3635910.4
28285,2,1,0,21,2015,1,9324,433,2833869.5
15451,78,1,1,30,1999,1,3747,249,1553369.9
55624,86,0,1,34,2013,0,3030,377,5565335.3
41007,20,1,1,67,2007,1,1291,308,4113915.7
82678,38,0,1,62,2017,1,7282,364,8273923.7
88822,58,0,0,35,2008,0,6495,921,8885730.8
25492,13,1,1,37,1998,0,8111,641,2554328.8
29708,99,1,1,83,2018,0,17,969,2986343.8
61254,49,1,1,30,1995,0,8988,592,6133621.5
47559,33,0,0,66,2018,0,6654,854,4762739.8
34308,100,1,1,58,2019,0,1470,198,3440386.9
99913,52,1,0,83,2014,1,6217,493,9998090.4
29824,89,1,0,24,1993,1,3653,253,2986708.3
96931,49,0,1,98,1999,0,3644,165,9703396.9
13194,75,0,1,16,2020,1,4236,929,1325734.0
7597,51,1,0,90,2013,1,874,900,763978.3
74943,2,1,0,10,2016,0,9626,953,7496206.6
68224,12,1,0,14,2017,1,1292,525,6826969.7
27233,34,0,1,41,2021,1,8478,131,2728421.1
99821,41,0,0,12,2001,1,1812,152,9982792.1
55575,65,0,1,64,2001,1,6170,244,5563122.1
56616,88,0,1,47,2004,1,5788,818,5666924.4
48352,23,0,0,11,1990,0,3916,562,4836393.0
21503,2,1,1,74,2004,0,8279,824,2159844.4
34291,33,0,1,37,1991,1,9105,401,3434499.1
71353,95,0,1,21,2019,0,2488,740,7142339.9
30871,43,1,1,66,1992,1,4040,641,3101000.2
77012,50,1,0,18,2006,0,457,483,7704558.6
64021,14,1,1,39,2018,1,2634,247,6412082.8
98124,34,1,1,36,2002,0,9507,601,9821245.2
59195,39,1,0,100,2010,1,5995,478,5923843.0
82275,70,0,0,59,2012,1,5408,551,8230302.2
34213,78,0,0,52,2010,0,6992,754,3424803.0
62399,36,0,1,51,2011,0,8250,185,6246364.1
12831,41,1,0,16,2015,0,9668,969,1288685.5
55691,54,0,0,46,2000,0,5173,449,5574008.0
72365,58,1,1,79,2013,1,5829,984,7248658.3
98840,48,0,0,6,2005,1,3563,833,9885470.5
64027,94,0,1,34,2021,0,4663,860,6408770.1
25745,70,0,1,53,2020,1,8242,457,2583236.0
58971,82,0,0,67,2019,1,1799,876,5901033.9
34159,84,0,1,25,2004,0,6456,467,3420308.4
63017,23,0,1,33,1999,1,8223,404,6307594.9
40570,68,1,0,46,2021,0,1565,229,4060237.1
60307,34,0,0,31,1991,1,9401,230,6031864.1
29269,98,0,0,10,1994,1,2305,616,2928059.4
9916,17,1,1,2,1995,1,8357,521,997349.5
79408,59,1,0,86,1992,1,7716,577,7948588.2
10001,74,1,0,93,2015,0,1629,998,1006263.5
82835,85,1,1,68,2007,0,8099,547,8290732.7
65953,9,1,0,9,1999,1,3460,383,6599401.9
52689,92,1,0,43,2003,1,6782,342,5273689.3
91973,88,0,0,14,2021,1,6767,621,9198800.1
13840,16,1,1,93,1995,1,1309,840,1393777.5
70556,83,0,1,10,2019,1,1421,879,7059493.9
57612,88,1,1,31,2010,0,2828,116,5767803.0
42052,69,1,0,68,2016,1,1548,833,4211525.6
50982,58,1,0,73,2007,1,372,438,5105930.7
35452,39,1,1,59,2016,1,7714,326,3555588.6
69957,64,1,1,45,2000,1,6641,557,7007658.0
62330,29,1,1,50,2007,0,7395,931,6242179.7
31492,64,0,0,28,2020,0,2546,475,3149910.0
90444,70,0,0,34,2001,1,7534,281,9045666.1
87577,85,1,1,97,2005,1,5100,752,8772102.5
85955,72,0,0,56,2015,1,4303,408,8601595.5
97406,47,1,1,72,2009,1,1911,146,9750051.9
51547,93,0,1,77,2006,1,1583,877,5164202.6
21952,25,0,0,82,2018,0,7602,728,2201323.8
65136,28,0,0,86,2016,0,9465,188,6517333.6
75626,23,0,1,31,2003,1,2591,659,7570125.3
42065,22,0,0,68,2001,1,7010,108,4210618.1
40437,39,0,0,6,1992,1,3597,440,4045077.2
58610,9,0,0,83,2012,1,2014,644,5868889.2
74737,48,1,1,29,2002,0,6054,797,7479745.2
68999,56,1,1,38,2020,1,7260,437,6912274.0
11303,17,1,0,93,2000,0,7036,272,1138807.0
68681,57,0,1,15,2008,0,906,690,6870787.8
96134,2,0,0,61,2016,1,8390,400,9616397.6
59889,91,1,0,60,2016,0,5106,232,5997892.6
58706,20,1,1,38,1993,0,217,205,5879090.3
187,96,1,1,46,2019,0,9680,134,26533.9
74218,47,1,0,74,2010,1,7468,524,7430737.0
36795,81,0,1,60,1995,0,4579,139,3682712.5
21208,91,1,0,13,2011,0,7107,614,2125947.1
41264,20,1,0,41,2006,1,970,100,4134223.6
1618,19,0,1,83,2003,1,7153,113,171840.3
87245,35,1,0,37,1997,1,2924,942,8729428.7
54831,88,1,0,81,2001,1,7826,822,5492297.1
24439,17,1,0,65,2018,1,9638,344,2449426.8
26611,96,0,0,70,1996,1,2145,344,2665389.6
75995,32,0,0,49,2005,1,2788,287,7604371.5
94912,92,0,0,80,2008,1,15,637,9499780.8
33676,36,1,0,29,2006,0,2290,675,3373913.6
75020,6,0,1,18,2009,1,5391,251,7505819.9
66720,96,0,1,12,1991,1,6276,392,6675714.1
64576,34,0,1,26,2014,0,3254,354,6463138.4
37845,93,1,1,53,2004,0,4598,524,3792884.4
5157,58,1,1,65,1998,1,8074,422,526302.8
3990,44,1,1,33,1996,0,1288,805,404538.6
67844,45,0,1,51,1997,1,5715,961,6790489.7
31209,63,1,0,23,2008,0,2215,439,3125990.8
59900,36,0,1,66,1996,0,6670,971,5994776.6
31723,19,1,1,72,2006,0,6325,295,3187117.6
19793,6,0,0,4,2012,1,4666,854,1980251.2
97983,76,0,1,57,2004,1,3233,738,9806846.4
20586,60,0,0,99,2007,1,2155,383,2065934.7
73309,48,1,1,41,1996,1,9466,139,7340458.6
55910,97,0,1,27,2009,1,48,544,5595244.9
98714,6,1,0,10,2020,0,3504,764,9876308.0
93463,24,1,1,95,2021,1,9678,738,9354794.1
85525,80,1,0,55,2015,0,2075,387,8558313.5
74263,40,0,0,79,2019,0,5883,888,7428602.9
50974,80,0,0,39,1993,1,5557,947,5100640.3
302,23,1,0,30,1994,1,9024,786,34373.4
26916,70,1,1,97,2020,1,3944,823,2703096.0
62483,27,1,1,76,2003,0,3522,201,6261216.3
21149,25,1,0,35,2000,0,2306,802,2118884.0
35184,61,0,0,14,2005,0,3132,361,3520242.5
66628,85,1,0,70,1997,0,1180,723,6668709.7
85460,71,1,1,58,2003,0,6799,770,8557497.3
60186,64,1,0,12,2020,1,8750,921,6024280.0
94070,47,0,0,91,1990,1,9080,883,9411507.0
27247,42,1,1,39,2019,1,6473,405,2736774.9
9840,58,0,1,36,2012,1,6545,446,990892.2
21460,45,1,0,53,2014,1,8355,484,2151657.4
92264,72,1,1,26,1995,0,6972,828,9235289.5
9193,96,1,0,31,2018,0,4946,111,923138.8
5670,52,0,0,56,1994,0,882,814,570043.4
55645,37,0,1,57,1998,0,161,567,5571700.8
13138,3,1,0,25,2009,1,3239,423,1319407.9
15194,12,1,0,4,2009,0,1987,443,1523752.9
94254,79,1,1,35,1999,1,8107,870,9431803.9
5473,70,0,0,77,1992,0,1207,705,552681.2
28400,76,1,1,53,1996,0,6621,554,2852499.6
58280,19,1,1,12,2019,0,696,880,5836801.9
4263,20,0,1,26,2002,0,6579,987,433150.2
26492,46,0,0,6,2012,0,8278,897,2649965.2
1866,41,0,0,8,2000,0,1421,176,187470.0
8890,44,1,0,91,2001,1,2466,906,898429.1
85361,53,1,1,16,2000,0,8756,607,8543750.0
17794,71,0,0,82,1990,1,1574,752,1782969.0
42378,13,0,0,68,2010,1,3183,180,4244979.0
16490,81,1,1,62,1994,1,3740,603,1659834.4
143,27,0,0,53,2010,0,4426,911,17071.0
63798,11,1,0,55,1990,1,6025,134,6388275.0
67215,58,1,1,10,1999,1,851,273,6728090.9
57689,64,1,1,56,2011,1,6998,959,5779614.1
25821,37,0,1,58,2015,1,6389,800,2587736.5
5640,59,0,0,69,2012,0,4958,122,568560.2
87443,48,1,1,41,2012,0,2921,810,8747353.2
14829,91,0,1,67,2002,1,3275,951,1487038.2
488,28,1,0,80,1991,0,7643,660,53933.1
76859,82,1,0,13,1996,1,9005,826,7687938.6
90380,29,0,0,20,1991,0,5762,100,9039029.1
59751,49,1,1,66,1999,1,7799,836,5988688.9
47063,19,0,0,44,1993,1,9138,249,4710827.3
30126,9,0,1,34,2004,0,355,309,3017394.4
13312,26,1,1,60,2005,0,6237,766,1343890.5
37729,90,0,0,16,1993,0,5623,537,3773925.3
57160,19,1,0,27,2001,0,6595,709,5720788.1
78576,60,0,0,35,2016,1,4316,359,7861426.6
42824,20,0,0,89,2017,0,79,437,4284208.7
24943,80,0,1,37,2001,1,2741,641,2499961.1
7023,9,1,1,38,2007,1,9675,241,708136.7
79786,89,1,1,87,1990,1,4178,151,7991735.0
44149,3,1,1,28,2017,1,4054,485,4420910.7
128,38,0,1,6,1990,0,6861,442,15488.0
3573,22,0,1,80,1995,1,3114,510,363088.5
84387,97,0,0,73,2007,1,5742,885,8444076.7
98900,2,1,0,65,2007,1,6939,316,9896574.7
53454,44,1,1,89,2021,1,5328,826,5357472.1
64214,57,1,0,80,2016,1,5428,415,6430251.6
27423,47,0,0,45,2020,0,8676,275,2744762.0
17117,18,1,1,31,1997,0,3505,447,1717255.7
36122,20,1,1,7,1996,1,3511,195,3622538.6
62577,61,0,0,35,2014,0,8371,981,6258456.4
58339,33,0,0,13,2009,0,4011,679,5834718.9
14757,37,1,1,19,2004,1,6071,287,1485110.4
97915,2,1,0,51,2011,1,2625,575,9795686.1
47671,64,1,1,78,2015,0,5479,765,4773675.5
98683,82,0,1,48,1992,1,4670,638,9876937.2
55002,64,0,1,52,2007,1,2350,430,5510046.7
77690,87,1,0,60,2013,0,6027,110,7777085.3
52894,100,1,0,2,2003,1,5114,772,5293640.3
78338,51,0,1,65,2010,0,6549,472,7839471.0
45065,40,0,0,50,2003,1,3027,284,4509900.3
63755,9,0,1,77,1999,1,7286,389,6383188.9
45248,95,1,0,90,2013,0,7958,607,4530134.3
98294,50,1,0,48,2002,1,6102,227,9835842.2
42715,81,0,1,55,2003,1,4761,522,4277360.3
62054,40,0,1,98,2017,0,6991,722,6211948.7
41023,85,1,0,9,2001,0,2154,902,4108214.1
53980,70,0,0,47,2005,1,8548,553,5403271.5
82535,53,0,1,17,1997,0,2712,494,8256501.7
56127,65,1,1,69,1991,0,536,647,5621278.1
97653,53,0,1,76,2006,1,415,137,9776232.6
75927,100,1,1,38,2001,0,4681,472,7599356.1
68120,83,1,1,100,2011,1,9419,471,6820694.1
30479,65,0,1,12,2006,0,8193,766,3052380.6
57491,30,0,0,84,2011,1,2766,289,5755947.1
3349,56,0,1,53,2000,0,7763,164,340857.0
58036,22,1,0,50,2006,0,4616,509,5810570.6
22521,61,1,1,63,2016,1,8808,999,2262620.6
5034,50,1,0,43,1998,0,3093,871,508566.8
85942,73,0,0,37,2002,1,7298,521,8598513.2
41932,74,0,0,89,1990,1,2379,942,4196797.0
33997,63,1,1,99,1990,1,7949,435,3416922.0
92563,15,1,0,84,2016,1,1455,249,9263168.6
9092,40,1,0,62,1991,0,7149,455,917439.1
41087,15,1,0,42,2020,1,8904,412,4115899.0
49358,15,1,1,49,2020,0,6110,319,4943111.0
81835,6,0,0,43,2021,1,9513,875,8187964.1
32890,3,1,0,96,2003,1,3368,495,3298699.3
71693,21,1,0,19,2015,1,4893,912,7173700.5
96708,48,0,0,65,2009,1,3964,871,9677130.9
50449,16,0,1,20,2012,0,2024,866,5050044.2
56969,56,0,1,56,2017,0,3026,104,5703520.7
13631,36,0,0,69,2005,0,305,748,1368204.5
62366,36,0,0,41,2020,0,7835,178,6240017.0
56878,60,0,1,62,2015,0,8687,771,5695950.5
52671,38,0,0,37,2000,1,6327,419,5270960.0
49818,26,0,0,69,2005,0,4751,199,4983109.5
38969,31,1,1,48,2019,1,6113,352,3904399.9
52861,60,0,1,84,1996,1,9739,440,5296085.6
93003,94,0,1,17,1999,1,8476,303,9303949.9
20666,83,1,0,57,1994,1,5379,984,2072485.4
59749,57,1,1,24,1998,0,1405,938,5981892.8
3802,26,0,0,9,2015,1,4314,143,381031.5
50815,59,1,1,59,2009,0,5729,605,5091098.9
8282,84,0,1,57,1991,0,8604,568,836291.1
40141,6,0,0,25,1992,1,5131,505,4017149.2
35944,12,1,1,56,2000,1,7476,361,3601009.0
13642,64,1,1,97,2017,1,4827,143,1373231.7
72794,23,0,0,75,2019,1,5361,104,7281001.9
99062,35,0,0,47,2007,1,6902,214,9907981.7
3893,30,0,1,89,1996,1,8765,848,399892.6
62059,35,0,1,27,1990,0,5463,862,6214001.0
30559,26,0,1,43,2002,0,6318,255,3061654.2
466,83,1,1,87,2001,1,4173,182,58180.1
40782,17,1,0,87,2005,1,9795,244,4090861.5
10437,56,0,1,23,1999,1,4018,193,1050183.9
11871,38,1,0,77,2000,1,7893,797,1196124.0
50660,42,1,0,74,2016,0,3389,955,5074190.6
48637,64,1,0,83,1992,0,594,898,4872012.2
20082,97,0,0,92,2012,0,7692,336,2016445.2
52143,80,1,1,59,2007,1,2386,418,5225721.7
78563,12,1,1,96,1997,1,6449,478,7872245.7
39477,14,0,0,59,1999,0,8909,373,3950541.9
55039,2,0,1,98,1992,0,3351,725,5515121.2
24118,82,0,0,93,2013,0,5779,581,2416901.3
6270,23,1,1,42,2000,1,1781,747,636262.0
48206,8,0,1,88,2005,0,111,511,4830507.5
80212,49,0,0,92,2011,1,6821,115,8029445.1
61929,21,1,0,44,2006,1,1841,679,6197708.6
2632,23,0,0,35,1991,1,2238,359,266129.1
45278,97,1,0,21,2000,0,4086,261,4533893.0
61985,85,0,1,35,1997,1,1254,437,6204099.7
19788,72,1,0,96,2015,0,5138,862,1992318.5
65662,78,0,1,34,1993,1,8300,911,6571434.3
12922,83,1,0,34,2017,1,6376,757,1296979.7
26976,46,0,1,7,1996,0,6302,753,2703352.6
26258,22,1,1,69,2018,0,5481,991,2639003.8
87887,75,1,1,92,2009,0,5570,933,8802291.9
62054,5,0,1,72,1991,1,3994,411,6211960.1
30308,99,0,0,58,1994,0,8158,241,3032783.4
57352,1,1,0,32,1996,0,4183,655,5740389.6
81336,70,1,0,53,1995,0,2406,212,8139811.5
3770,32,1,1,22,2007,1,7193,513,386366.7
87556,49,1,1,13,2001,1,2242,828,8763636.1
77698,74,0,0,59,2015,0,7418,226,7772144.5
60283,84,1,0,63,1991,0,6074,711,6033341.1
95084,33,1,0,63,2003,1,437,387,9517011.3
734,24,0,1,21,2021,1,1498,196,76259.1
35013,9,1,0,34,2011,1,8933,886,3506141.1
2945,14,1,0,23,1998,0,322,166,299982.8
58092,76,1,0,42,2000,1,2172,329,5813987.0
94771,85,0,1,44,2006,0,1583,274,9481654.6
2726,83,1,1,37,2008,0,5909,251,279807.8
71027,23,1,0,41,2001,0,5770,607,7109174.1
28284,1,1,1,1,2003,0,8469,798,2834962.3
64307,91,1,1,67,2019,1,6824,956,6442043.9
3649,84,1,1,73,2003,0,5011,814,375031.3
69797,55,1,1,3,1995,0,6918,285,6986534.5
97428,2,1,0,76,2009,1,2064,832,9750656.9
28399,71,0,0,84,1993,0,2671,116,2844533.3
67583,99,1,0,99,2000,0,5587,638,6769148.0
18152,24,1,0,85,2001,1,561,487,1824872.1
33667,63,0,0,20,2009,1,4493,594,3369190.9
38755,15,0,1,53,2005,1,8609,802,3884790.5
45430,87,1,0,75,1999,0,3881,720,4549681.9
24937,1,0,1,27,2009,1,3706,471,2498730.9
7822,85,0,0,13,1994,0,2111,323,783295.4
56223,1,1,0,73,1993,0,4302,115,5634379.3
17454,50,1,1,74,1991,0,7634,839,1753382.1
2442,93,0,1,13,2000,0,7635,376,247791.0
31343,72,1,1,40,2018,1,9429,189,3141490.8
54757,42,0,0,60,1993,0,9867,210,5482099.3
35576,47,0,0,18,2006,1,5824,790,3559204.6
96040,23,0,0,27,1997,1,323,269,9606107.7
60617,57,0,0,39,1996,0,7114,393,6063831.6
42002,13,0,1,85,2016,0,7165,448,4208839.6
86539,24,1,1,18,1998,1,8424,482,8660203.8
72425,80,0,1,83,2002,0,49,794,7252778.2
60817,59,1,0,76,2001,1,6949,142,6086395.1
58316,85,0,1,3,1992,1,619,987,5836642.2
22777,84,0,1,44,1996,0,34,417,2282652.6
28741,2,0,0,17,2010,1,4434,241,2875379.0
78627,56,1,1,98,2007,0,3990,851,7877631.7
40556,71,1,0,93,2004,1,6862,209,4065791.4
48960,32,1,0,10,1997,0,7233,109,4901955.7
74651,81,0,1,85,1998,0,2879,964,7474283.8
24576,14,0,1,57,1998,0,8363,131,2461159.8
29819,12,1,1,61,2010,0,2642,470,2991129.0
24664,18,1,1,43,2011,1,4450,900,2471327.1
83905,94,0,1,70,2011,1,552,707,8397030.1
54748,82,0,1,21,2021,1,8566,732,5478961.1
71691,54,1,1,65,1990,1,7728,800,7176793.0
63894,52,1,1,25,1994,1,7980,112,6399046.4
51797,1,0,0,82,2011,0,8963,905,5181827.1
49008,60,0,1,78,2020,1,3993,705,4912394.0
33098,36,1,1,42,1992,0,7639,221,3319481.2
8028,74,0,0,36,1994,1,4987,546,804141.4
38190,99,1,1,13,2003,1,8081,462,3825454.3
65689,92,0,1,59,2000,1,1947,528,6578403.0
59040,11,0,0,14,1998,1,1642,130,5905531.8
52369,28,0,1,70,2009,1,8986,120,5249658.9
69311,80,0,1,89,2016,0,5614,954,6939575.6
84922,97,1,0,20,1993,1,6768,901,8498552.3
18044,13,1,1,13,2008,1,3017,617,1814360.8
91554,81,0,0,79,1999,1,9184,210,9157895.9
45939,54,0,0,5,1994,1,7483,354,4594654.4
89687,24,0,1,29,2000,1,6754,135,8974887.0
3802,99,0,1,9,2010,1,1717,289,385045.0
92548,48,0,0,73,2006,0,4146,727,9259999.6
35532,87,1,1,49,1991,1,4087,651,3566862.1
93363,58,1,0,96,2007,1,2437,160,9345397.7
18653,21,1,1,40,2020,0,4746,319,1871959.0
74263,16,1,0,81,1993,0,2046,208,7433776.3
60650,72,1,1,57,2012,1,4858,100,6074678.2
53680,62,1,0,88,2010,1,4515,515,5379297.0
47242,12,0,0,55,2003,0,2157,766,4727165.3
63040,69,1,1,97,2020,0,4057,266,6318789.0
80803,76,0,1,59,2018,0,5684,895,8083433.8
52109,65,0,0,51,1993,1,7211,647,5215011.3
83054,37,1,0,2,1991,0,6292,265,8309399.1
71997,75,1,1,44,2014,0,4305,662,7207715.4
5722,63,1,0,92,1999,0,3551,998,580706.9
10872,73,0,0,5,2001,1,3405,408,1088055.1
83710,14,0,1,3,2000,0,6533,976,8374730.0
1260,21,1,1,25,2016,0,952,773,131538.6
48496,75,1,0,61,2002,0,7310,199,4856815.2
74458,81,0,1,79,2021,1,3969,587,7452331.1
13517,48,1,0,74,2005,0,4159,814,1359844.5
66579,24,0,1,55,2021,0,2076,889,6664850.1
77247,13,1,0,44,2011,0,5712,383,7731295.1
18891,90,0,0,40,1992,0,9705,999,1892159.2
93281,93,1,1,20,1997,1,3327,132,9336444.7
9677,64,1,1,50,2008,1,2199,819,977638.8
37473,44,1,0,63,2015,1,2001,854,3755563.5
12943,7,0,1,84,1995,1,8566,854,1300343.5
87585,80,0,1,66,2017,0,6955,197,8764820.7
78612,93,0,0,9,1997,1,4301,456,7862673.7
90697,18,1,0,19,2021,1,9151,293,9075071.1
35215,19,1,1,33,2006,1,5144,976,3530988.6
30991,9,1,0,11,2005,0,7815,161,3104594.5
61846,77,1,1,45,1990,0,8142,517,6192313.0
51212,32,0,1,55,2021,1,3782,392,5130660.1
41971,22,0,0,37,2008,0,8522,359,4198560.8
72530,42,1,1,50,2017,0,5900,167,7263616.7
54159,79,1,1,41,1992,0,6417,125,5424708.2
69034,52,0,1,36,2020,0,3682,586,6907362.0
31952,33,1,0,60,2005,0,1446,587,3202868.5
75524,67,0,0,56,2019,1,4755,356,7556587.9
33023,47,0,1,23,1998,0,6182,988,3308071.8
84824,82,0,0,20,2012,0,6480,816,8483601.2
87400,60,0,0,34,1998,1,3473,479,8743395.8
45857,23,0,0,46,1995,1,7629,755,4588987.5
99412,27,1,0,2,2021,1,2554,136,9945830.1
44802,52,0,1,4,2009,1,7002,313,4484085.9
48660,17,1,0,16,1991,1,5642,500,4869321.1
67971,40,1,0,85,2018,1,2571,615,6803688.8
86385,22,1,1,57,2018,0,5966,536,8651550.8
49327,3,0,1,25,1996,1,2449,268,4935794.6
44908,41,1,1,22,2008,0,8628,512,4500929.8
5178,17,0,1,100,1990,0,7260,266,527165.0
87057,72,1,1,95,2016,0,7005,630,8716422.6
99218,83,1,0,47,1998,0,5633,735,9925260.8
64969,99,1,1,61,2001,0,1864,409,6503615.1
44857,74,0,0,95,1993,0,91,531,4493359.3
99533,74,1,1,72,2018,1,1051,942,9962942.8
97810,64,0,1,93,2010,1,1665,166,9788542.0
44731,95,1,1,70,2000,0,5070,328,4483007.0
41667,46,0,1,32,1996,1,1772,520,4174032.6
91478,41,1,1,75,2003,0,1740,819,9157875.3
10604,55,0,1,52,2002,0,7594,560,1068025.2
58687,10,0,0,83,2012,1,7951,942,5874864.2
28806,1,0,0,16,2016,1,2918,167,2882439.6
57480,47,0,1,97,2014,0,96,481,5759251.4
4821,100,1,1,49,2021,1,5865,593,491239.1
88820,91,1,1,6,2017,0,5134,256,8888431.7
21229,44,1,0,82,2020,1,5610,419,2132694.0
42057,90,0,0,17,1996,0,386,796,4206914.6
72390,75,0,1,64,2013,0,7325,415,7247720.3
91126,87,0,1,53,2007,0,56,792,9121369.7
38745,98,1,0,48,2005,0,8840,496,3883808.5
23763,86,1,0,81,1993,0,6652,317,2386943.3
17867,19,0,1,48,1994,0,5614,948,1796244.4
3503,65,0,0,58,2003,0,1675,363,354696.3
52250,58,0,0,45,2019,0,8803,679,5228826.9
84226,55,0,0,2,1996,1,6001,876,8423659.6
57950,46,1,1,71,1993,1,8422,271,5802717.3
70503,70,1,1,3,2020,1,5327,868,7058556.0
96867,69,1,1,2,1993,0,8715,377,9695169.3
86975,6,0,1,73,2019,0,6257,721,8704752.9
41302,90,1,1,44,1996,1,1704,856,4140317.6
40315,78,1,1,41,2004,0,7239,684,4036010.4
36936,32,0,1,75,2015,0,7842,600,3698154.5
19756,91,0,1,13,2003,0,1337,427,1979607.3
54369,66,1,1,46,2018,0,9773,651,5449838.8
13923,22,1,0,26,1997,1,6929,340,1399256.7
52339,21,1,0,40,2020,0,7476,243,5240271.0
14113,96,0,1,53,2014,1,1361,634,1417648.4
1189,80,1,0,12,2002,0,9607,966,123054.2
64232,43,1,1,91,1993,1,8664,604,6433095.3
80041,94,0,0,14,2006,0,5856,349,8005238.6
41325,81,1,1,12,2012,1,4438,997,4139962.2
53533,66,0,0,95,2008,0,5795,454,5357890.8
39201,25,1,1,94,2004,0,9590,406,3933162.4
79929,83,0,0,61,2001,1,1580,847,7994382.1
59520,52,0,1,40,2007,0,2588,985,5959253.7
42117,95,1,1,24,2012,0,4629,350,4218152.2
51521,13,0,0,3,1999,1,818,672,5153018.9
63048,14,1,0,27,2010,0,9411,121,6308006.0
41516,81,0,1,14,2014,0,6028,603,4156171.4
86482,38,1,1,99,1994,0,6662,672,8659872.4
75898,97,0,1,6,1990,1,6591,411,7592058.0
88174,23,0,1,84,1994,0,7601,380,8824737.4
20991,4,0,1,85,2016,0,5855,265,2104487.6
84895,84,0,1,84,2010,1,7267,775,8498401.0
75254,26,0,0,92,1995,0,6853,647,7530165.5
94030,51,0,0,26,2006,0,730,935,9404822.6
26622,47,1,0,71,2011,0,7478,374,2672589.1
73950,85,0,0,70,2013,1,5282,518,7396821.3
78463,33,0,0,79,1991,0,8866,736,7849793.1
90298,96,1,1,94,2009,1,9320,474,9044015.9
44589,44,1,1,57,2001,1,4247,233,4468398.1
49842,81,1,0,4,2021,1,8299,240,4986838.1
90103,17,1,1,93,1990,0,2112,478,9023848.0
88844,45,0,1,25,2021,1,1565,758,8887864.1
67521,32,0,0,60,2016,0,3083,292,6757641.6
53029,62,0,1,27,2010,0,8833,180,5308875.0
55176,2,1,1,18,2020,1,1285,340,5523019.0
31525,3,1,1,27,2001,0,9285,744,3163533.1
42907,62,0,0,93,2013,1,1883,415,4296273.3
68500,96,0,1,70,1999,1,8080,878,6860582.9
77913,53,1,1,64,2007,1,328,609,7801697.7
2314,62,1,1,90,2008,0,7391,376,241260.8
70033,19,0,1,31,2014,1,3645,243,7008333.4
38529,22,0,1,77,1994,0,7905,814,3861754.4
50232,94,0,1,13,2011,1,1457,651,5028282.1
9995,82,1,1,68,2017,0,9257,486,1008786.7
33971,30,1,1,60,2005,1,5221,429,3403509.5
81484,17,1,0,82,1993,1,5925,536,8154333.3
83726,50,0,0,46,1997,0,6460,167,8374005.7
14700,31,1,0,93,2021,0,4503,516,1473984.1
40268,26,1,0,52,2008,1,5220,433,4033464.8
19303,90,0,0,23,1999,1,7175,154,1932867.9
68035,25,0,1,41,1992,0,1125,114,6809011.2
3853,44,1,1,86,2019,1,7642,933,398973.9
16765,97,1,0,45,2018,1,9340,869,1682708.8
44484,92,1,0,19,2005,0,3830,116,4451848.5
50967,54,1,0,14,2007,0,9533,566,5101814.7
4592,60,1,0,99,2013,1,9026,275,469343.3
73642,25,1,0,24,2002,0,5096,294,7371124.2
66731,4,0,1,83,1999,0,4079,711,6682700.9
71350,55,1,0,52,2017,0,4439,633,7140522.7
76439,15,0,1,59,1997,1,505,262,7651662.7
40509,97,0,0,16,1994,1,31,611,4052267.4
41313,96,0,1,96,2003,1,6342,895,4144107.3
40849,75,0,0,21,2007,0,7070,793,4086314.7
2760,5,0,1,60,2015,1,4978,632,282475.5
13121,51,1,0,94,2000,0,2124,108,1323713.0
88768,47,1,1,24,1994,1,542,786,8882245.4
13603,61,1,1,66,2014,0,2994,767,1372325.4
15001,66,1,0,15,1993,0,6663,964,1502336.3
70990,77,1,1,51,2008,1,423,688,7107294.8
71893,1,1,0,100,2012,0,2997,108,7201486.2
44240,11,1,1,26,2009,1,906,392,4432732.9
51616,52,0,1,20,2015,0,9285,310,5164531.5
3372,12,1,0,90,1997,0,8817,148,346109.7
9833,23,1,0,66,2003,1,3157,895,990437.3
86887,16,1,1,37,2014,1,2944,642,8696709.4
54087,91,1,0,78,1999,0,4466,656,5416199.9
41161,27,0,1,7,1996,1,3694,278,4119394.6
59240,81,1,0,42,2002,0,5215,839,5928857.2
90576,95,0,0,96,2009,0,4517,298,9060592.9
61449,49,1,0,19,2020,1,3462,770,6151098.0
59730,70,1,1,24,1993,0,431,760,5981354.3
86044,43,0,0,89,2009,0,4381,708,8610913.9
88759,25,0,1,51,2001,1,295,778,8879992.1
82019,5,1,0,81,2012,1,2986,298,8209073.2
21129,95,0,0,21,2007,1,9162,764,2114999.7
16909,23,0,1,49,2016,0,8251,715,1696771.6
87591,58,0,1,99,2007,1,960,322,8769079.7
49186,23,0,0,4,1991,1,6893,545,4919477.1
88564,22,1,0,37,2014,1,5308,698,8858892.4
87146,8,1,0,90,2001,0,8177,210,8725424.1
68010,1,1,1,71,2010,1,612,769,6812854.0
12480,2,1,0,55,2015,1,3084,578,1251446.5
76231,24,1,1,89,2009,1,9882,335,7633398.9
46525,14,1,1,66,1999,1,8748,496,4662730.9
6807,53,0,1,19,2008,0,2693,503,687517.8
40077,85,1,0,90,2011,1,2350,935,4020046.1
82519,97,0,1,93,2002,1,7446,815,8259491.2
21038,15,1,0,90,2007,0,7527,365,2110409.7
21751,71,0,0,82,1995,1,782,583,2178623.5
52348,22,0,1,79,2006,1,1173,736,5239471.6
82321,27,1,0,57,2009,0,7608,732,8240224.9
39073,91,0,0,17,1992,1,6671,962,3909080.2
36945,35,0,0,31,2006,1,8900,192,3696745.6
4105,97,0,1,55,2014,1,2978,829,419095.4
83776,21,1,1,33,2020,1,4170,577,8381763.0
56812,100,0,0,46,2013,1,2325,190,5683565.3
72735,86,0,1,96,2000,0,897,200,7280576.0
94716,92,1,1,7,2009,0,1785,680,9479703.9
63334,36,1,1,18,1996,1,585,428,6343542.6
93232,60,1,1,86,2005,1,3326,379,9336064.5
11063,47,0,1,13,1997,1,1039,940,1112469.7
72772,76,0,1,26,2006,1,2565,529,7280658.6
53874,70,1,0,73,2009,0,9762,540,5389567.9
18160,10,1,1,49,2019,0,1495,605,1827114.9
34571,80,0,1,98,1996,1,8518,676,3464365.6
21991,55,0,0,4,2011,0,1279,272,2199707.1
91592,50,0,1,96,1990,1,4141,165,9169563.0
9494,62,1,0,82,2015,0,9288,932,956275.5
8747,91,0,0,48,1999,1,9242,774,878147.9
74458,64,1,0,38,1996,0,4644,875,7453820.6
19326,81,1,1,44,2021,1,6046,676,1942134.1
21394,10,0,0,16,2017,1,7591,277,2141175.7
43239,83,1,1,2,1996,0,3420,820,4330567.6
90215,1,0,0,48,2002,0,4332,499,9023674.2
93349,79,0,0,94,1995,1,4663,556,9342473.5
50226,60,1,0,7,2011,1,6669,414,5025237.1
46135,26,1,1,39,1990,1,623,174,4621995.0
16842,29,1,0,49,2007,1,4156,458,1690854.7
80815,39,1,0,95,1991,0,4318,306,8090478.1
88291,41,0,1,16,1997,1,9289,558,8832821.7
68481,29,1,0,96,2018,0,2678,744,6854417.8
41786,92,1,0,69,2003,0,2708,407,4188833.3
16661,43,1,1,61,1999,0,3422,148,1675849.9
6415,49,1,0,10,2008,0,6429,785,646205.8
1440,93,1,0,49,2012,0,257,507,150945.2
89115,16,0,1,97,2001,0,6854,360,8925347.1
55529,26,1,0,8,2006,1,58,849,5555606.6
54924,12,0,1,69,1995,0,5424,534,5501007.5
99819,37,1,0,21,1992,0,6344,213,9986201.2
34608,71,1,0,52,1992,1,8695,902,3468236.2
91036,45,0,0,7,2018,1,6440,114,9104801.8
62105,20,0,1,33,1994,0,934,724,6216917.4
41751,80,1,1,13,1998,0,6917,343,4186067.8
54016,21,1,1,19,1996,1,9129,772,5406725.6
40809,75,1,1,12,1990,1,638,133,4088548.0
20453,35,1,1,4,1998,0,3657,538,2050744.8
92974,48,1,0,59,2006,0,8907,595,9301880.6
9612,7,0,0,14,2005,1,1158,603,963488.5
9367,43,0,0,88,2002,0,1101,933,941614.2
83963,83,1,1,35,1994,0,7079,702,8406700.4
54980,50,0,0,15,2012,1,5595,355,5499011.2
70226,30,0,1,77,2008,1,8583,790,7032304.8
31786,9,1,0,25,2009,0,7818,567,3182233.9
28320,76,0,0,3,2017,1,1721,391,2833009.7
34893,45,1,1,21,1995,0,3494,897,3495808.5
88648,99,1,0,34,2001,1,7161,996,8870854.1
25251,31,0,0,27,2009,0,4886,856,2527587.9
8922,15,1,0,11,2014,1,1832,878,895070.4
39535,44,1,0,30,1996,0,5352,946,3958503.6
87047,55,1,0,30,2005,0,287,397,8709056.5
64851,13,0,1,88,1998,0,2127,301,6492448.8
34575,60,1,0,67,2001,0,5990,190,3465378.1
81837,30,0,0,12,2017,1,1009,513,8185059.7
25508,22,0,1,48,1994,0,4173,629,2560432.4
38701,64,0,1,43,1994,0,1762,662,3872401.4
4771,3,1,1,8,2008,1,260,150,485217.8
57841,25,1,0,40,2010,1,6340,303,5788581.0
11029,93,1,0,29,2010,1,8494,1000,1107498.0
58836,74,1,1,2,2017,0,8529,906,5888214.7
7438,70,1,1,20,2003,1,7412,921,753012.3
81498,95,1,1,28,2007,1,8658,787,8158900.7
70077,65,0,0,43,1990,0,6088,669,7012548.0
69882,74,0,1,96,2021,1,8172,517,7001142.1
16131,92,1,1,67,2011,1,8820,625,1625583.1
3524,83,1,1,84,1999,0,9642,641,362218.9
66843,40,0,1,4,1990,0,911,760,6686549.0
89168,7,0,1,68,2021,0,8588,982,8921146.1
28977,65,1,0,67,2008,1,4188,818,2905297.8
82188,54,0,1,100,2010,1,516,847,8228878.0
98704,3,1,1,34,1995,0,2485,826,9879924.5
89823,34,1,0,55,1990,1,5285,751,8990716.0
37410,41,0,1,8,2007,1,5129,574,3743925.7
13501,63,1,1,71,1999,1,9039,643,1356995.9
69696,34,0,1,13,2002,0,9049,112,6974054.2
43224,77,0,1,74,1991,0,3921,157,4326846.1
23547,2,1,1,79,2004,1,2027,467,2368617.4
37876,14,1,0,6,2001,0,7969,949,3789943.1
34260,6,1,0,1,2010,0,8429,924,3431013.0
56422,26,1,1,18,1994,1,3405,740,5650731.4
64380,48,0,1,79,2006,0,1690,433,6445810.6
75801,70,1,1,99,1992,0,6654,151,7590022.2
63147,3,0,1,94,1999,1,3837,350,6318843.9
51490,96,1,0,61,1998,0,3815,779,5157896.8
57060,74,1,1,54,1992,1,3248,709,5713895.2
74335,22,0,1,95,2010,0,2138,850,7440756.0
4161,28,1,0,87,1990,0,5298,961,423978.0
80257,3,1,0,35,2000,0,7626,355,8028585.0
85531,77,1,1,97,2008,0,5042,164,8563383.8
36311,71,1,1,33,2005,0,4167,476,3638456.5
35585,87,0,0,65,2008,0,8902,625,3561895.8
41965,17,1,1,16,2009,0,7008,969,4202078.9
49632,67,1,1,77,2007,1,7916,920,4975941.7
88906,97,1,1,42,1999,0,4179,674,8900096.9
43108,91,1,1,48,1996,1,1750,294,4317950.6
72350,63,0,1,70,2021,1,3686,397,7240015.1
2767,16,1,0,84,2016,0,5401,380,282383.6
90417,13,0,0,88,1996,0,301,771,9043733.6
52963,46,1,0,98,1993,0,21,873,5304444.3
40124,40,1,1,8,2015,1,5020,256,4020581.5
2834,32,1,1,100,1993,1,7674,886,298607.3
44810,37,1,1,61,1999,1,154,756,4496102.9
16551,19,0,0,65,2017,0,2960,900,1659456.7
69940,26,1,1,75,2006,1,6442,786,7005549.6
80068,50,1,0,62,2008,1,2497,936,8014310.8
41483,67,1,1,92,2007,0,5213,687,4157252.7
7966,92,1,1,74,1996,0,4786,218,806178.6
11660,99,1,1,34,1994,1,2253,463,1175301.4
76219,79,0,0,26,2002,0,873,209,7623030.2
36700,34,1,0,67,2017,1,7506,220,3680020.7
34053,47,0,1,70,2018,0,8935,709,3413933.8
48880,56,1,1,45,2019,1,9333,673,4896006.9
47725,82,0,1,62,2004,0,8308,664,4778144.4
38568,44,0,1,77,2017,1,1711,560,3866494.7
24497,27,1,1,23,2013,1,6184,536,2459173.3
68449,96,1,0,98,2012,0,7980,471,6852081.2
69394,99,1,1,39,1992,0,2732,397,6948330.2
98923,45,0,1,70,1997,1,4024,943,9899512.7
15927,8,0,0,29,1990,0,3741,992,1595237.0
23330,31,1,0,18,2006,1,2397,277,2336874.6
88857,100,0,0,45,2021,0,6224,419,8887817.1
64087,38,1,1,13,1997,0,364,715,6415886.7
47184,6,0,0,5,2013,1,5234,248,4719026.3
57652,27,1,1,77,1999,0,1905,309,5775100.9
12113,38,1,0,22,2010,1,6550,502,1218338.0
10320,59,0,0,5,2020,1,2433,978,1033047.0
18244,7,1,0,75,1992,0,9803,798,1830305.2
21850,98,0,1,88,2003,1,6409,898,2193665.3
38900,54,0,1,68,2012,0,2476,148,3899539.2
86836,59,1,0,26,1992,0,872,396,8687510.2
76847,62,1,1,12,2012,0,9378,836,7692386.2
40131,12,0,1,14,2017,1,1427,507,4015913.7
5399,72,0,0,14,2002,0,6996,155,541400.2
78766,74,1,1,93,2004,0,6686,983,7885472.4
44524,21,1,0,47,2011,0,2638,181,4458898.1
36016,37,1,1,56,1996,0,5238,901,3609085.6
38525,88,0,0,68,1998,0,2014,982,3856259.8
83630,84,0,0,34,1996,0,337,124,8365831.6
95012,69,1,1,54,1993,1,9355,812,9507621.3
56093,48,1,0,25,2015,0,8845,704,5612610.5
97125,55,0,0,77,1991,0,6145,132,9717846.1
96862,60,1,0,65,2010,0,7290,386,9692136.0
76559,85,1,1,71,2007,0,6140,156,7667379.7
17118,9,1,0,11,1992,0,1058,665,1715896.2
2474,18,1,1,57,2000,1,124,808,255687.0
89245,56,1,0,34,2021,0,151,319,8929089.1
8649,13,1,0,2,2003,1,7963,198,866991.3
55052,6,0,0,67,1992,0,5499,683,5506954.2
20795,40,0,0,60,2021,0,2716,985,2083472.1
26851,33,1,0,81,2021,1,4503,973,2696192.1
37501,82,0,1,54,2005,1,2574,323,3753718.5
55210,36,1,1,74,1990,0,9641,639,5534621.0
28881,24,0,0,73,2003,1,8218,843,2890767.3
76357,62,0,0,53,2014,0,9152,302,7641162.4
4615,43,0,0,89,1993,1,3684,416,464557.3
55913,28,1,0,58,1998,0,5350,424,5597100.8
78379,89,0,1,24,2012,1,2996,250,7845500.2
34251,49,1,1,29,2011,1,1617,628,3436757.1
86399,80,1,0,14,1998,1,6583,320,8644081.8
39383,13,0,0,97,1994,1,33,864,3948123.4
56477,25,1,0,88,2021,1,6692,123,5654683.1
41039,31,0,1,30,2004,1,561,291,4109145.4
40212,25,1,1,51,2002,1,2037,566,4031505.2
49667,13,1,1,90,1993,1,8626,488,4981644.3
94185,46,1,0,6,2015,0,2952,738,9422126.5
8587,84,0,0,76,2004,0,899,742,863836.4
48209,96,1,0,4,2002,0,7112,399,4824521.2
86196,25,0,1,92,1998,1,3049,278,8632393.8
85811,63,0,0,87,1990,1,6431,573,8585142.0
83781,49,1,0,2,2004,1,4861,541,8380398.4
93186,72,0,1,55,1999,1,9578,324,9324080.9
40170,56,1,0,65,2021,0,5171,766,4027462.1
51550,1,0,1,88,1990,0,2832,942,5162107.0
60450,94,1,0,16,2018,1,406,757,6049182.8
32032,97,0,1,97,1994,1,2837,641,3211995.4
34341,31,0,1,58,1990,0,7361,773,3438239.0
76231,13,1,1,51,2016,0,3950,179,7630312.6
48293,39,0,0,62,2019,1,8544,310,4834765.9
73176,77,0,0,20,1997,1,6319,712,7320329.7
79833,76,1,0,84,1996,0,29,507,7996012.6
18996,80,1,1,3,1996,0,5209,645,1909482.6
27040,94,1,0,2,1997,1,2429,166,2709165.7
97020,26,1,1,46,2017,1,5305,135,9709732.7
29888,51,1,0,66,2004,1,844,904,2993396.4
36794,79,1,0,82,2013,0,3235,386,3684574.3
65151,3,1,1,32,1995,0,9656,304,6522454.5
24376,58,0,0,56,1994,1,8066,893,2440665.4
40337,18,1,0,29,2003,1,3339,848,4038079.3
38709,63,1,0,29,2015,1,1944,485,3876891.5
20276,99,0,0,75,1994,1,7180,834,2031824.4
2242,31,1,0,95,2001,1,7075,165,235096.1
41665,63,0,1,94,2013,0,9230,916,4177468.3
22290,58,0,1,67,2010,1,5223,186,2237880.0
7006,42,1,0,79,2013,1,7534,731,707042.3
69192,47,0,1,14,1993,1,4078,767,6924996.3
66119,39,1,0,64,1991,1,5860,537,6617914.1
46204,1,0,1,70,1997,0,8771,101,4627498.7
18564,19,0,1,27,2018,0,3316,864,1860039.8
1885,81,0,0,46,1994,0,4447,301,191971.4
31328,54,1,1,62,1993,0,7677,109,3143977.3
85883,94,0,0,63,1991,1,4613,793,8590524.1
35791,35,1,1,12,2010,1,9357,173,3587493.0
26540,98,1,0,34,2018,0,7378,192,2659404.8
97365,90,0,0,74,2007,1,9302,491,9738114.7
34022,1,1,0,1,1996,1,3603,412,3406116.6
95455,15,0,1,99,2019,0,6529,953,9558236.9
63099,32,1,1,19,1998,0,4309,274,6319109.8
64052,17,0,1,10,2003,0,2837,539,6408854.3
6253,87,0,0,7,2017,1,7079,408,626613.7
66657,25,0,0,32,1997,0,6454,285,6668307.7
42674,36,0,1,5,2014,1,4636,177,4269275.4
34669,61,0,1,39,2000,1,7936,809,3472884.0
77643,56,0,0,93,2011,1,955,955,7771146.1
61734,28,0,1,82,2016,0,6757,708,6185807.6
19718,16,1,1,19,2000,0,1897,719,1980264.0
54333,63,0,0,14,2002,0,9576,779,5433936.2
63297,55,1,0,34,2011,0,5359,828,6335162.1
54172,74,0,0,16,1999,0,6026,274,5417909.9
71362,82,1,1,16,2007,0,2951,173,7143972.7
98258,16,1,0,80,2014,0,1528,796,9829479.4
48524,37,0,0,77,2014,1,1957,383,4858483.4
64513,82,0,0,91,2003,1,7431,861,6454630.3
93762,86,0,0,87,2000,0,3878,925,9385104.0
5110,3,0,1,66,2007,0,3300,221,522829.7
98822,8,0,1,78,2003,1,7318,337,9885598.3
68572,54,1,1,87,2011,1,7267,959,6866663.1
770,68,0,0,80,2010,1,8681,679,83521.0
96930,14,0,0,80,1994,0,3924,256,9701569.4
79652,93,0,1,64,2008,1,4996,261,7972747.8
30138,93,0,1,44,2015,0,7658,149,3018674.5
32471,15,0,1,77,1990,0,7094,853,3255201.0
47768,81,0,1,15,1996,0,9614,203,4781426.6
17016,82,1,1,89,2010,0,6166,572,1712726.0
85187,75,0,1,52,1990,1,5245,856,8521819.0
25982,16,1,1,72,2019,0,1896,280,2607420.9
18307,76,0,0,11,2009,1,3188,707,1832205.9
69180,63,0,0,50,1993,1,9378,686,6920799.3
19714,32,0,0,98,2003,0,5509,318,1978706.3
9737,37,1,0,51,2017,0,3023,917,979748.7
25405,91,0,0,46,1993,1,7113,247,2541947.3
87685,37,0,1,29,2014,0,2948,988,8772035.4
80046,94,1,1,34,2003,1,5968,944,8014282.3
45305,47,0,0,52,2001,1,6427,747,4533446.1
55814,100,1,0,95,1999,0,8796,919,5591445.9
19969,96,1,0,36,2011,0,2056,799,2003559.1
29524,52,0,1,89,2020,1,5614,989,2965157.0
380,4,1,1,62,2002,0,1608,201,45184.2
69173,49,1,1,36,2007,0,2803,968,6929298.7
62155,59,1,1,61,2007,1,1697,456,6225416.7
37006,8,1,0,54,1990,1,6837,455,3709125.0
32974,12,1,1,50,2018,1,952,859,3303547.8
51933,53,1,1,24,2006,0,8220,152,5202028.6
72467,18,1,1,53,2004,0,7539,213,7257594.4
25704,43,1,0,33,1996,1,1012,349,2575019.6
74052,80,1,0,54,1993,0,5406,604,7413316.3
2548,75,1,0,74,1991,0,1933,473,261533.1
4187,100,1,0,41,2004,0,3883,393,421086.4
86122,92,0,1,72,2020,0,677,874,8622607.0
15561,18,0,1,68,2008,1,190,423,1559588.8
54045,35,1,1,60,2015,0,8776,181,5415620.5
77429,70,1,1,13,1990,1,207,334,7747748.0
24578,60,0,1,4,2000,0,3695,662,2463051.0
56540,64,1,1,63,1990,1,3689,346,5665613.0
38761,7,0,1,6,2018,1,6570,512,3879029.8
52282,78,0,0,96,1994,1,4054,186,5233745.4
51497,16,1,0,36,1998,0,3139,754,5154045.8
25063,48,0,0,100,2019,1,7677,486,2516001.9
39910,75,1,0,87,2017,1,5458,241,3997816.7
41439,87,1,0,30,2006,0,8113,340,4150655.6
85788,54,1,0,30,1992,0,8497,623,8584134.2
7499,47,0,1,11,2020,0,7887,773,752861.0
67491,25,1,0,76,1997,1,9439,551,6753697.7
196,56,0,1,98,2014,0,2663,403,23818.4
27503,90,0,0,46,1995,1,6284,291,2752897.5
875,29,1,1,37,2009,0,3570,170,94145.9
92151,67,1,0,90,2014,1,7860,455,9228543.4
2646,5,1,0,63,2021,0,1143,443,271693.1
79647,3,1,1,61,2001,0,4387,775,7974272.1
18315,64,0,0,77,2001,1,2273,123,1837517.1
43224,55,0,1,92,2007,1,3889,522,4327213.7
8423,41,1,0,86,2009,1,7805,168,848903.9
62766,25,1,1,23,2013,1,4652,724,6281751.3
28106,70,0,0,37,1990,0,2819,150,2812207.0
72178,26,0,0,20,1990,0,8235,723,7219819.0
66866,12,1,0,63,1993,1,8431,122,6692180.3
1296,39,0,1,42,2005,1,4394,390,134386.5
27302,4,0,0,42,2020,0,6334,381,2731742.0
60166,29,1,0,29,1995,1,396,142,6020914.5
52297,79,0,1,41,2010,0,8046,993,5236809.0
82968,98,1,0,97,1998,0,6424,601,8308551.8
88977,68,0,0,50,1998,0,126,231,8901399.8
51182,34,0,0,21,2000,0,9186,502,5120582.0
84400,35,0,1,16,2000,1,426,219,8443276.0
39699,99,0,1,48,2007,0,9525,358,3979425.7
78396,52,1,0,41,2016,1,3778,968,7845427.6
30894,25,0,0,12,2020,1,3323,291,3090970.0
30164,37,0,0,55,2017,1,1904,399,3021646.7
5264,4,1,0,60,2000,1,1666,377,535227.0
69246,63,1,0,29,1995,1,4516,154,6927717.5
13405,13,1,1,68,2017,0,8113,921,1350019.7
61869,96,0,0,3,2013,1,6093,343,6187458.3
79666,66,0,1,14,2007,0,2193,399,7969998.7
16257,5,0,0,11,2016,1,7940,679,1626865.6
8515,68,1,1,35,2010,0,2324,537,860887.0
41832,91,1,1,43,2012,0,1528,893,4192258.2
37098,69,1,0,23,2014,1,3009,862,3713807.4
24604,28,1,0,86,2020,1,1129,662,2472003.0
42098,82,0,0,90,2013,1,6078,751,4217661.3
40926,15,0,0,71,2009,0,5434,335,4098433.9
6459,52,1,0,61,1996,1,5048,635,652739.6
86353,55,1,1,4,2018,1,4619,462,8639234.8
43954,38,1,1,4,2003,1,3088,846,4401306.3
73568,8,0,0,29,1998,0,6621,464,7358227.8
36343,1,1,0,39,2013,1,6632,291,3641586.3
65797,89,1,0,3,2002,1,9074,396,6584708.2
32191,41,1,0,18,2009,1,3288,707,3224795.9
13574,88,1,1,27,2006,1,3768,1000,1363541.6
20683,36,0,1,96,1995,1,528,576,2076684.5
48100,18,1,1,68,1998,1,6066,790,4821619.8
14142,21,0,0,13,2021,1,9113,287,1415823.1
518,35,1,0,86,1995,0,6158,808,58191.5
24631,96,0,0,78,2010,1,4126,481,2465183.0
41178,97,1,1,52,1992,0,3529,652,4128828.2
92787,82,1,1,29,1990,1,1351,647,9287386.0
33190,84,1,0,82,2016,0,6824,687,3326422.6
85059,90,0,1,71,2018,0,5470,762,8512407.8
85569,56,1,1,35,2019,1,1784,811,8562874.9
36140,96,0,1,48,2011,1,7608,748,3619301.1
38812,19,0,0,6,2009,1,302,635,3882476.9
61263,53,0,0,43,1994,1,9808,236,6128289.4
39453,62,1,1,43,2021,0,5382,668,3954111.1
53063,39,1,0,63,2002,0,4749,769,5315445.2
9539,35,0,0,30,2014,1,3572,155,955981.4
5090,11,1,0,25,2000,1,1795,512,514415.0
25765,67,1,1,34,2015,1,6281,882,2585769.5
4134,42,1,1,73,2019,1,8859,700,426775.9
35216,26,0,1,67,2013,0,4620,282,3528669.3
51383,82,1,1,34,2016,1,8740,674,5146945.6
19446,22,1,0,58,2018,0,1437,391,1947709.8
26291,88,1,1,40,2021,1,416,127,2641330.1
48353,19,0,0,73,1991,0,1169,153,4843230.1
59649,55,0,1,9,2000,0,1066,507,5967491.0
37557,3,1,0,41,1999,1,755,984,3764785.9
21502,22,1,0,60,2017,1,5288,827,2158299.7
29444,29,0,0,63,2008,0,8178,199,2947292.8
74274,64,0,1,65,1991,0,8878,757,7432674.1
49731,77,1,0,3,1990,1,1446,434,4975166.0
86718,55,0,0,5,2003,1,1608,729,8672580.3
16267,24,0,1,41,2015,0,5479,345,1629931.5
15307,47,0,1,66,2005,1,3608,295,1538791.5
49466,35,0,1,53,2014,0,2235,110,4953389.4
58624,93,0,1,32,2019,0,9365,398,5870459.9
67371,89,1,0,84,1994,1,2161,807,6746013.4
52956,64,1,0,40,2020,1,6280,462,5303955.0
49399,76,1,1,38,2001,0,8078,242,4950254.1
35423,62,1,1,15,2019,1,4448,556,3547246.9
48032,91,0,1,45,2016,1,2287,381,4810320.6
92391,15,0,0,13,2009,1,2212,456,9241057.9
39130,94,0,0,61,2020,1,1792,470,3914756.0
54337,33,1,1,32,2012,0,6833,694,5441692.2
98764,66,0,0,29,2006,0,7206,455,9879117.6
42847,91,0,1,27,2008,1,4344,588,4288330.8
33764,43,1,1,86,2007,0,7408,595,3389722.7
32758,51,1,1,81,2021,1,7548,678,3282188.1
64736,94,1,0,24,2016,0,9847,443,6480225.6
6118,7,0,0,55,2019,1,7278,861,616891.9
62616,62,1,1,93,2003,1,9019,835,6270489.3
8518,62,0,1,29,2012,1,2261,104,858004.2
54366,73,0,1,92,2005,1,5120,393,5443046.5
52421,79,0,1,82,1994,1,2290,369,5250391.4
39862,94,0,0,20,1995,1,9131,414,3988399.5
96018,65,0,0,43,1996,0,5812,963,9606040.6
94570,90,0,1,99,1997,1,2875,970,9464877.7
1175,21,0,1,51,2015,1,9592,592,122471.5
14641,25,1,1,36,2019,1,8063,535,1473780.9
30385,44,1,1,75,2013,1,1210,761,3051131.3
23854,10,1,0,23,2004,1,3882,253,2390350.4
99354,49,0,0,88,2004,0,4318,954,9942738.4
79464,97,0,1,40,2003,0,2747,723,7952013.3
80209,67,1,1,40,2001,1,2483,494,8027741.1
47084,2,1,0,72,1999,0,5826,575,4717867.9
75901,87,0,1,1,1998,0,9385,281,7594895.8
69919,54,0,1,49,2016,1,9331,500,6997870.6
41594,7,0,0,7,2021,0,8257,257,4160091.1
52162,16,0,0,44,1997,0,8191,239,5220357.7
60168,71,0,1,19,1991,1,2369,252,6021842.1
53146,30,0,0,14,2002,0,2207,541,5316210.2
24136,47,0,0,50,2015,0,9862,487,2415551.5
50294,95,0,1,32,2010,1,280,947,5034880.0
84964,44,1,0,51,1998,1,1889,891,8503675.8
18208,8,0,1,62,2019,0,642,123,1828906.9
43859,14,0,0,8,2021,0,35,780,4386678.1
52684,87,0,1,93,1990,0,7732,533,5278268.0
44683,7,0,1,86,2009,0,4564,901,4478099.9
6203,50,0,0,91,2018,1,5438,853,625883.8
82511,35,0,1,23,2020,1,2628,127,8257231.0
71999,79,0,0,46,1997,0,5515,460,7203573.7
26883,68,1,0,20,1994,1,3583,620,2694154.4
12629,13,1,0,40,2008,0,8921,859,1267009.8
91709,44,1,0,38,2006,0,8151,225,9179791.6
2334,34,0,1,13,2020,1,6054,161,237756.0
8700,57,0,0,58,2018,0,4450,600,874129.8
46119,14,0,1,68,1998,1,9174,742,4619757.8
71199,3,1,0,26,2011,0,4509,856,7124887.1
27226,80,0,0,77,2014,1,2978,775,2726812.4
9940,2,1,1,66,2014,1,5152,205,1003072.4
98580,21,0,1,26,1990,1,3988,960,9863261.0
12604,90,1,0,86,2018,1,3366,909,1267881.8
85016,46,1,0,75,2010,0,2665,881,8509064.0
67625,42,1,0,84,2013,1,201,278,6771896.3
47740,99,0,0,25,2017,0,2918,552,4777126.7
74234,94,1,0,20,2014,1,9576,734,7426071.4
40006,89,1,1,29,2006,0,7358,813,4007111.6
88108,55,1,1,87,2003,0,274,469,8822236.3
54421,23,1,1,60,1993,1,9390,261,5453842.3
7608,54,0,0,99,2014,1,937,717,768431.4
94981,43,1,1,68,2015,1,4133,814,9511938.5
34053,39,1,0,42,1991,0,9813,142,3410530.1
3584,33,0,1,44,2019,1,6355,562,362799.9
14115,92,1,0,85,2007,0,4415,949,1423276.7
5289,22,1,0,41,2016,1,3804,800,533700.6
68122,5,1,0,28,1999,1,5384,736,6817832.9
13905,62,1,0,68,2004,1,7859,257,1397942.4
42395,22,0,1,98,2018,1,3797,644,4247150.8
75681,7,0,0,35,2012,0,1,510,7570076.2
8161,36,1,1,78,2010,0,2318,410,827591.0
17779,66,0,1,24,2007,1,5716,360,1782565.7
48794,71,0,1,28,2011,1,55,245,4883814.1
3010,16,0,0,34,1993,1,3732,575,303807.3
90837,37,1,1,61,1999,1,6327,667,9090669.9
20795,47,0,1,74,2000,0,4179,945,2086273.0
87239,3,1,1,93,2012,1,1532,494,8734952.2
89115,48,1,0,15,2004,1,9067,398,8915897.4
15897,43,0,1,76,2020,0,7266,390,1597325.0
73666,21,0,0,64,2006,0,6661,267,7369418.6
96276,35,1,0,81,2006,1,1126,218,9637443.6
36858,26,0,1,54,1991,0,902,350,3691169.1
92629,33,0,0,33,2005,1,1728,435,9265133.5
85456,85,1,0,49,2008,0,5306,285,8549600.8
63345,66,1,0,49,2018,0,4117,717,6341209.8
92722,72,1,1,82,2014,1,7623,835,9283649.4
93561,24,0,0,10,2001,1,5801,777,9357480.1
31536,69,1,0,4,1996,0,8825,329,3156707.6
47476,74,0,0,74,2016,0,3342,701,4750049.6
60774,97,0,0,93,2017,0,7979,510,6079496.7
55301,41,1,1,16,1990,0,5239,170,5538946.0
73300,17,0,1,68,2019,1,3555,991,7340967.9
82086,84,0,1,87,1999,0,2350,862,8211981.9
79768,39,1,0,48,1999,0,1421,929,7984469.9
75486,21,0,0,65,2021,1,4226,733,7553287.1
35652,44,1,0,37,2005,1,4910,409,3569933.5
15321,1,0,1,69,2018,0,4265,694,1540567.8
26644,14,0,1,13,2020,1,2780,900,2668720.0
56876,8,0,1,23,2020,0,8951,534,5690879.0
2885,39,1,1,47,2014,0,2018,544,297053.4
92738,64,1,0,32,2013,1,906,350,9279946.3
24927,4,0,0,87,2010,1,8981,686,2497368.0
34038,7,1,1,76,2015,0,3292,590,3415459.5
22059,41,0,1,6,2001,0,2482,645,2208141.1
16996,52,1,1,55,2007,1,3070,999,1711593.7
90849,58,0,0,79,2005,1,6800,771,9089937.5
90824,80,1,1,37,1992,1,8407,537,9089833.2
43018,68,1,1,41,1999,1,1684,886,4313756.9
79959,74,1,1,3,1994,0,2523,528,8000900.4
73126,5,1,1,77,2019,0,4204,636,7325036.9
77440,35,0,0,25,2012,0,3420,879,7746876.2
33862,46,0,0,61,1997,1,5482,668,3389495.7
54338,29,1,1,55,2008,0,8801,325,5445334.8
21174,61,0,0,70,2017,0,5542,571,2120771.7
17381,91,0,0,84,1990,0,9496,262,1740281.0
11362,53,1,1,96,2012,1,9242,914,1144566.2
82123,44,1,0,84,2020,0,8400,816,8225077.0
99365,1,0,1,87,2002,1,5927,131,9947716.2
46010,79,0,0,52,2013,1,5335,362,4602587.3
81281,90,0,1,20,2021,1,6482,365,8134490.1
44429,53,1,0,85,1990,0,7746,592,4452099.0
94351,92,1,1,25,2016,0,7090,932,9442863.6
31997,86,0,1,19,2015,1,6292,710,3205379.5
56557,6,0,1,79,2013,1,4425,382,5660284.3
50538,25,0,0,55,2005,0,9132,994,5057375.5
76178,39,1,1,16,2012,1,5067,177,7625167.2
33665,51,0,0,61,2019,0,2192,611,3370949.9
37177,94,1,1,64,2006,0,5049,854,3729279.6
965,48,0,1,93,2019,1,8115,417,107936.9
84744,92,0,1,92,2004,0,6123,736,8480881.4
54959,75,1,1,21,2017,0,7910,593,5506024.7
81571,90,1,0,18,1993,1,6969,442,8160905.3
30347,100,0,1,7,2018,1,1629,482,3040497.8
14983,40,0,0,90,2014,0,1559,460,1505601.4
2300,41,1,0,24,2016,0,3401,190,236576.6
37317,18,0,1,13,1995,0,9077,779,3735933.5
23462,3,0,0,49,1990,1,6482,347,2347189.0
25694,75,1,1,96,2003,0,4526,257,2579016.3
88975,15,0,1,37,1993,1,6805,880,8905181.3
64953,20,0,1,75,2017,0,1855,783,6505257.7
90329,94,0,1,26,1999,1,5998,612,9035611.9
20119,35,0,1,89,2011,0,6036,813,2019977.1
14667,25,1,1,76,2010,0,1524,542,1476554.0
74490,56,1,0,14,2002,0,197,405,7454646.2
38829,1,1,1,54,2011,1,746,132,3892902.1
59079,86,0,1,93,2003,1,1669,335,5919483.3
3635,25,0,0,74,2001,1,7358,386,365064.1
9008,70,0,1,93,2004,1,5401,767,904516.4
14588,36,0,0,1,2003,0,8154,177,1459601.3
68083,32,0,0,75,2005,0,8851,936,6813175.5
92464,91,1,1,52,2018,1,1328,742,9253926.8
10118,72,1,1,28,2011,1,1491,391,1020597.1
18244,9,1,0,24,2014,1,3659,923,1829876.4
55541,72,1,1,57,2021,0,2339,346,5563234.1
88677,87,0,0,60,2015,0,8870,682,8870811.5
19985,58,1,1,19,1999,1,4185,765,2006910.9
13087,55,0,0,12,1997,0,5984,437,1310455.7
21597,33,1,0,3,2018,1,7739,583,2165316.8
6931,5,1,1,35,1990,0,999,974,698473.0
73112,24,1,1,60,2014,0,3662,811,7325772.4
10037,55,1,1,97,1992,1,9027,473,1019179.2
38718,26,0,1,20,2019,0,9627,135,3876696.9
95739,22,0,1,14,2011,0,125,332,9578279.1
7533,92,1,0,8,2002,1,9655,840,755909.2
35732,68,0,0,58,2007,1,9360,430,3579144.7
81109,78,0,0,58,2008,0,3207,393,8112966.8
83550,73,1,1,49,1993,1,1094,267,8360590.3
14513,22,1,0,98,2005,0,4013,246,1458582.5
59417,77,1,1,5,2021,1,6043,151,5948856.1
62926,48,0,1,18,2003,0,512,358,6295093.3
85233,9,1,1,33,1993,0,7579,318,8531216.3
60067,78,0,0,20,2002,0,7403,638,6008200.2
26269,64,1,1,30,1991,0,5363,742,2632126.1
17508,41,1,0,55,2000,0,767,958,1757843.0
20510,13,1,0,72,2007,0,8079,930,2061340.7
86558,61,0,0,30,2021,1,7133,991,8658462.1
48673,36,1,1,58,2007,1,8179,576,4877029.7
63326,38,1,1,41,2021,0,1925,554,6341005.1
22648,56,0,1,22,2003,0,8000,551,2268871.3
79557,9,1,1,91,2012,0,3258,643,7963988.2
96598,95,0,0,33,2007,1,2256,341,9661903.7
9782,77,1,0,38,2021,1,7059,826,981058.1
72078,95,1,0,59,2006,1,4632,880,7212517.6
78164,72,1,1,65,1992,1,5115,449,7823145.2
80947,94,1,1,48,2006,0,1216,187,8103183.6
94978,24,0,1,11,1998,1,6898,755,9501576.8
34074,32,1,0,96,1991,0,67,707,3416825.1
26355,95,1,0,7,2005,1,9721,927,2641204.5
28435,46,0,0,50,1998,0,1244,698,2845599.8
13397,61,1,1,41,1998,0,793,527,1350379.8
10751,1,1,1,61,1998,0,4281,205,1085070.8
17761,19,0,0,5,1994,1,2902,941,1777289.4
91591,54,0,1,71,2018,0,4299,798,9164769.8
19608,24,1,1,83,2019,0,9804,657,1972444.9
25813,23,1,0,7,2018,1,5695,202,2586402.8
39526,78,0,0,55,2009,1,5454,787,3957780.9
59316,25,0,0,64,2008,1,7700,818,5933722.8
27725,29,0,0,58,1993,0,6740,484,2774997.3
86677,87,1,1,64,2017,0,1073,694,8675635.7
92508,34,0,0,67,2013,1,3489,434,9257932.3
98668,60,0,1,71,1999,1,5336,422,9873946.9
18706,14,0,1,58,2012,1,6232,287,1873699.2
48950,28,1,0,96,1995,0,2147,174,4898771.5
92867,56,0,0,71,2011,1,2813,325,9289807.1
6796,66,0,1,21,2003,0,2700,808,683707.3
27465,65,0,1,39,2006,1,374,611,2751182.6
64520,79,0,1,68,2017,0,565,442,6459251.7
89455,50,1,1,32,2009,0,6279,601,8954183.9
93192,53,0,0,45,2014,1,7786,248,9321511.4
3864,11,1,1,80,1995,0,2453,358,394535.5
69261,92,1,1,18,1998,0,4517,682,6934022.8
54774,15,0,1,21,2008,1,3092,123,5484776.8
41879,62,1,0,45,1994,0,1103,657,4193646.4
23770,48,0,0,52,1990,0,8886,343,2382033.0
47217,64,0,0,5,2013,0,4201,992,4722631.3
85050,26,1,1,55,2013,1,1480,630,8513913.3
5505,33,0,0,94,2011,0,7525,189,557067.1
2875,78,0,1,25,2017,0,9590,293,290996.7
27279,37,1,1,57,2003,1,1731,215,2739499.3
84031,68,1,1,62,1991,1,1078,848,8413588.1
88410,87,1,1,89,2014,1,3973,468,8851564.4
55275,2,1,0,10,1992,1,6676,194,5531336.2
43890,92,0,0,58,2018,1,626,562,4392741.8
54977,51,0,0,10,2004,0,5615,300,5498970.4
10168,25,0,0,11,2020,0,3695,794,1018147.0
24633,76,1,1,62,2016,1,3552,458,2473370.6
47618,49,0,0,56,1992,0,5133,128,4767731.2
87761,19,0,1,84,1995,0,8498,985,8780796.5
74909,92,0,0,97,2004,1,551,522,7492808.4
53765,22,0,1,69,2008,0,5780,633,5383781.8
6948,91,0,1,24,2008,1,2978,942,700525.8
50582,34,0,0,6,2012,0,3298,955,5058897.2
2535,50,0,0,17,2009,0,8057,461,254139.9
91180,12,1,0,36,2013,1,6233,827,9124383.3
79420,32,1,1,2,1994,1,5096,882,7950297.4
21187,45,1,1,31,2019,1,5983,633,2126037.9
38569,16,0,0,13,2008,0,1677,640,3857629.8
72180,56,0,0,17,2018,1,874,256,7219866.8
43571,62,1,0,71,2015,0,5582,886,4359454.5
70891,29,1,0,89,2002,1,2273,691,7095721.2
51050,53,1,1,6,2009,1,5315,442,5107815.9
5443,7,1,0,72,2010,0,5871,335,553876.0
57243,22,1,1,10,2014,1,2782,348,5729138.4
52378,58,1,0,25,2019,0,824,724,5243913.9
93213,47,1,1,44,1992,0,3442,678,9329273.2
74624,79,0,1,79,2004,0,4921,543,7472113.4
47607,3,0,1,13,2009,0,4708,183,4763835.9
75556,53,0,1,38,1999,0,7875,964,7560024.9
53250,15,1,1,66,1994,0,4158,188,5333073.4
39621,9,1,0,58,1997,1,9093,351,3972664.7
49694,69,1,1,100,2013,1,2594,516,4980264.3
97884,37,0,0,5,1996,1,8357,775,9789569.6
62783,38,0,1,4,2018,0,1926,602,6281080.8
26216,36,1,1,41,2011,0,2876,668,2628209.1
18488,39,0,1,81,1998,0,1717,671,1857621.8
21573,46,1,1,71,1991,0,6957,429,2167154.1
77158,17,1,1,12,1993,0,4271,252,7721334.3
5872,34,0,1,60,2009,0,5599,399,594047.9
35894,4,0,1,7,1991,1,5623,394,3593541.1
50733,74,1,0,77,2003,0,4902,910,5080606.3
34525,16,0,0,70,2009,1,8773,687,3457650.9
24775,93,0,0,16,2008,1,1404,923,2478872.8
10841,93,1,0,19,2019,1,4556,743,1087980.9
10092,70,0,0,89,1992,1,1367,289,1013476.2
84004,89,1,1,32,2004,1,9296,352,8409632.4
18382,98,1,1,96,2019,0,3381,421,1850716.9
65453,2,0,0,24,2018,1,7931,273,6547199.8
62615,23,1,1,32,2003,0,9747,423,6271258.3
85871,62,0,0,94,2017,0,5811,218,8591699.7
93872,59,1,1,54,2006,1,9364,639,9394164.6
97766,25,1,0,47,2004,1,6803,895,9782882.4
14473,3,1,1,90,1996,0,3317,307,1458956.6
95180,5,1,1,90,2009,0,7513,197,9529323.9
44230,45,0,0,83,1991,1,7989,545,4425260.1
733,83,1,0,89,1994,0,8578,253,83786.4
42259,57,1,0,22,2017,0,2212,561,4229424.7
37317,19,0,1,18,2013,1,1654,950,3737311.3
89655,37,0,0,40,1993,0,1869,281,8969499.3
34777,22,1,1,48,2010,0,8890,499,3485215.0
93375,54,1,1,97,2019,0,3408,381,9349234.9
92424,42,1,1,61,2014,0,3143,638,9252356.4
84512,61,0,1,31,1998,0,4506,637,8456557.8
62571,10,0,1,73,2010,1,4434,988,6267676.0
37341,37,1,0,17,2007,0,9591,680,3740485.7
15179,43,1,0,75,2016,1,1577,130,1523292.6
19093,93,1,0,9,1999,1,7959,942,1914448.9
83956,59,0,1,53,2004,1,6703,390,8401559.4
76435,28,1,1,16,1996,0,7590,309,7654285.6
13395,74,1,1,2,1997,1,5146,795,1347394.7
25187,16,0,0,23,2001,0,3775,441,2520404.1
39193,96,1,1,31,2007,1,783,930,3928675.7
70525,57,1,1,70,1993,0,6027,718,7065207.3
54620,82,1,1,89,2021,1,5408,988,5474758.1
87557,10,1,1,41,2015,1,3463,722,8764296.5
15195,14,0,0,38,2013,0,3838,678,1522445.3
46445,85,1,1,22,2011,0,5873,772,4648828.1
44223,6,1,1,42,1998,1,5301,121,4431171.8
65165,19,0,1,97,2016,0,3767,926,6523661.6
63223,52,1,0,66,2015,1,9008,187,6331257.5
36636,24,0,1,9,2006,1,182,324,3668391.6
29526,22,1,1,67,2010,1,7919,934,2960766.0
80475,66,0,0,78,1992,0,7862,571,8051999.2
77967,67,1,1,3,2019,0,2396,581,7802836.9
8400,27,1,1,75,2008,0,53,746,855584.8
76844,83,0,0,45,2008,0,9298,168,7687475.8
21245,89,0,1,91,2018,1,2652,963,2130072.8
149,28,1,1,43,1991,1,411,110,23653.1
20178,72,1,0,93,2007,1,8743,616,2029287.7
80294,94,1,1,29,2001,1,2047,365,8034726.1
29570,24,0,0,32,1992,1,6900,921,2959463.2
76746,49,1,1,76,2007,1,4499,342,7685980.7
66415,8,1,1,10,1992,0,7216,306,6649811.2
17553,15,0,0,30,1997,0,689,698,1757689.7
55994,14,1,1,33,2016,1,9205,123,5610385.6
27399,78,1,0,68,1994,1,697,417,2748170.4
65137,79,1,0,1,2006,1,3489,531,6516431.6
56625,40,1,0,38,2019,1,9272,812,5665903.9
56003,2,1,0,47,2020,0,2105,123,5606255.0
74545,15,0,1,60,2016,0,4402,952,7464550.6
62644,47,0,0,19,2009,1,8846,148,6266262.9
88065,89,0,0,20,2003,0,450,831,8808060.3
7925,2,0,0,12,1991,1,6134,751,793551.1
94409,26,0,1,75,2015,0,6193,845,9450280.5
35307,50,0,0,66,2000,0,1656,332,3534202.0
85490,75,0,1,63,1992,1,392,103,8554823.2
39853,66,0,0,78,1997,0,699,434,3988957.7
28056,56,0,1,67,2017,1,5397,389,2811125.7
94620,49,0,0,28,2021,0,3818,668,9464860.1
57054,73,1,0,26,1993,1,3472,655,5711549.3
40095,14,0,1,41,2015,0,8160,924,4016266.5
24558,94,0,1,82,2007,0,9742,274,2462916.7
98665,11,0,0,80,2007,0,6385,178,9872450.7
98616,23,0,0,59,2011,1,6929,304,9863704.1
42363,12,1,0,74,2011,0,6294,316,4240879.1
65294,60,1,0,94,2008,1,810,717,6542693.8
44508,56,0,1,40,2008,1,9095,655,4456584.8
24905,99,0,0,49,1994,1,5852,801,2493994.4
82779,2,1,1,73,2017,1,2306,615,8286007.7
53340,28,0,0,72,2021,1,1901,586,5336464.1
97474,72,1,1,60,2018,1,8016,233,9759389.8
47747,22,1,1,99,2010,1,8026,726,4782005.0
10450,15,1,1,47,2009,0,5418,307,1056116.9
43902,50,1,0,96,2020,1,5355,348,4396635.0
8308,74,1,1,10,2021,1,5579,283,837632.1
51587,56,1,1,45,2002,0,7621,833,5166261.2
70055,68,1,0,31,1992,0,9258,543,7012927.2
22585,22,1,0,29,1998,0,9716,161,2265600.8
47257,56,0,1,79,2012,0,8621,405,4733393.2
475,23,1,0,18,2009,0,9593,189,51031.9
14691,93,1,1,48,1991,1,6160,830,1475251.1
21818,55,1,1,76,2011,0,5746,220,2195161.1
58567,92,1,1,29,1991,1,9840,376,5865940.1
58806,12,1,1,74,2020,0,1230,817,5892769.0
5518,98,0,0,59,2002,1,4645,337,554002.2
82728,40,0,0,99,1991,1,3520,413,8277263.1
46957,35,0,1,32,1991,0,3946,664,4702732.1
12834,68,1,1,74,2014,1,4960,579,1293966.4
27632,62,0,1,88,1991,0,480,279,2767841.1
32778,83,0,1,76,2015,1,6818,856,3286996.5
51679,63,1,1,39,1993,1,1687,422,5176042.3
25363,38,0,0,37,2000,1,1104,480,2538406.0
24451,12,1,1,86,2010,0,3311,373,2455578.0
54000,100,1,1,25,1994,0,3108,712,5407486.4
58043,37,1,1,91,2006,1,825,936,5814487.6
28780,22,1,0,18,2001,1,6379,298,2880890.1
39925,84,0,0,69,2009,1,6874,616,3999341.9
64499,11,1,0,67,1995,0,7264,247,6456934.5
50663,77,0,1,42,2011,1,9348,850,5072020.1
88491,74,0,1,87,2018,1,5702,712,8860074.8
82363,73,0,0,48,2012,1,5783,399,8240927.2
8639,44,0,1,93,1998,0,7339,808,872181.8
54627,3,0,1,34,2013,0,7542,184,5468021.3
22796,75,0,1,6,2016,0,5358,643,2282740.6
89623,50,0,0,71,1995,0,780,337,8966278.5
68665,83,1,1,98,2007,0,1736,570,6875325.7
17806,85,1,1,48,2004,1,9635,825,1788958.4
95747,30,0,1,61,2019,1,27,293,9580216.9
68422,49,0,1,54,1997,1,4105,474,6845781.7
19801,9,0,1,63,2009,1,9716,665,1986493.9
73693,12,1,0,4,2014,0,2188,147,7373367.4
39631,19,0,0,16,1991,1,8386,534,3964309.1
64250,8,0,0,10,2001,1,4703,487,6425870.1
98678,95,1,1,3,2003,1,6810,556,9873512.3
62815,79,0,1,78,1995,0,3481,720,6288969.5
73719,79,1,1,95,1994,1,2610,923,7383556.4
19729,30,0,0,81,2003,0,1905,591,1980073.3
97543,5,1,0,8,2016,1,267,999,9757314.6
32928,85,0,1,81,2019,0,2054,178,3299683.9
30164,7,1,1,61,2000,1,9196,122,3027330.0
97854,38,0,1,96,2012,1,1911,815,9794720.2
81894,8,0,0,38,2004,1,513,839,8190534.4
87637,99,1,0,76,2011,1,5800,614,8769314.1
97355,2,1,1,24,2019,0,5554,646,9743997.9
62859,79,0,0,99,2000,1,7664,713,6296801.0
6032,15,1,0,97,1997,0,8352,621,613823.7
93180,91,1,1,3,2012,0,2120,653,9323693.2
74062,4,0,1,96,1993,1,2906,566,7418356.3
40680,92,1,0,50,2003,1,2445,326,4075291.3
33724,66,0,0,47,2012,1,3013,521,3377381.2
67830,4,1,1,36,1991,1,8,923,6788996.1
32824,70,0,0,50,2008,1,8068,292,3283900.8
15656,41,0,0,87,1998,1,7294,420,1573398.8
41369,18,0,1,71,2013,0,433,256,4141342.3
41049,73,1,0,19,2020,0,389,343,4109822.0
27339,15,1,0,88,1993,0,3443,133,2746839.3
57102,94,0,1,73,2018,0,1093,789,5720511.8
99454,86,1,1,24,2012,1,2635,698,9958152.2
60930,62,1,1,99,2017,0,3494,797,6101689.7
88930,69,1,0,89,2005,1,9079,482,8902346.5
40363,24,0,0,77,2016,0,2048,501,4038464.6
62468,54,1,0,21,2008,1,5092,553,6252168.8
51483,13,1,0,94,2002,0,8346,240,5157565.2
34291,24,1,0,51,2002,1,8823,320,3436795.2
29019,52,0,0,27,2016,0,3914,729,2903072.6
24186,100,1,1,69,1993,0,2481,908,2425111.3
81453,89,1,0,83,2007,0,4244,527,8152737.7
7001,46,1,0,47,1992,1,8165,858,707137.2
52059,69,0,1,22,2000,0,1308,349,5210227.0
45248,52,1,1,99,2008,1,5903,408,4540276.8
25176,89,0,1,80,1997,0,4908,916,2522970.7
63065,17,1,0,20,1996,1,1468,564,6311962.6
78613,51,0,0,35,1996,0,8045,801,7863369.6
77117,68,1,1,69,2012,1,2503,312,7720395.2
72381,93,0,1,20,2010,0,2130,256,7242040.0
90193,32,1,1,3,2000,1,5262,675,9024029.0
82226,41,1,0,29,2014,0,1354,884,8227563.4
98768,63,0,1,11,1990,0,6321,165,9879363.0
78972,6,1,0,70,2004,1,7448,849,7904128.4
40345,15,0,0,22,2011,1,131,495,4037269.1
72254,15,0,0,78,2011,0,3986,531,7233115.1
57944,48,1,0,78,2011,1,2693,414,5802614.1
61632,22,0,0,69,2000,0,9732,849,6168699.0
78797,93,0,0,54,2014,0,4633,138,7884093.4
20001,26,0,1,54,2003,1,6976,876,2004766.3
88591,6,1,1,93,1998,1,4000,697,8873534.8
40378,81,1,1,26,2019,1,3836,319,4046345.9
67498,24,1,1,21,2007,0,2571,849,6753907.7
92002,66,0,0,64,2011,1,7791,286,9201705.1
32115,84,1,0,41,2000,0,1540,694,3214734.0
7490,11,1,1,98,2002,0,5403,897,765190.2
64164,47,1,1,49,2016,0,6643,273,6427021.6
11685,85,1,0,13,1993,1,362,299,1173785.3
91967,44,0,0,44,1998,1,6259,513,9198819.8
604,76,1,1,73,1995,1,1599,920,71712.5
58108,35,0,0,80,2013,0,5339,219,5818911.3
41048,4,0,0,31,2021,0,8533,345,4107100.1
69513,11,1,0,75,2005,0,8366,941,6958375.5
17040,34,1,0,55,2019,1,5811,397,1709341.9
59050,28,1,1,74,2001,1,6208,965,5914478.1
25870,6,1,1,3,2012,1,8108,339,2590169.2
69174,93,0,1,94,2008,0,923,177,6929833.8
95273,61,1,1,45,1994,1,34,350,9537187.4
42264,55,0,1,66,2017,0,7961,238,4231907.7
844,40,1,1,82,2020,1,9680,164,98546.0
31350,73,0,0,11,2013,0,6125,259,3136370.3
61942,2,1,0,18,2011,0,5968,143,6197760.1
37164,46,1,0,38,2001,1,3819,951,3721736.1
35985,100,1,1,51,1997,0,3953,430,3610020.7
81222,13,0,0,100,2013,1,6390,452,8129951.3
46068,84,1,0,43,2011,0,3647,870,4614136.1
47824,52,0,0,12,1993,1,9562,793,4784201.3
65308,38,1,0,75,2003,1,3714,698,6535120.3
99885,2,0,0,5,2001,1,2965,362,9989210.1
429,58,1,1,29,2011,1,2561,780,53940.1
25224,8,0,1,48,1996,0,2106,759,2529744.6
47563,82,1,0,55,1990,1,931,374,4765002.0
78037,11,1,1,65,1998,1,2500,924,7811853.8
63026,19,1,1,7,2004,0,349,872,6307284.4
79830,96,1,1,20,2006,1,7666,476,7989770.6
11826,33,1,0,17,1991,1,9373,662,1186605.1
52178,15,1,0,96,2018,0,4680,332,5228450.8
50418,69,0,0,81,2005,1,5888,801,5049859.5
53434,70,0,0,90,2019,1,7719,354,5346181.9
76383,22,1,0,22,2011,0,7668,211,7641724.1
67985,47,0,0,92,2011,0,141,263,6802989.1
54780,70,0,1,3,2017,1,2957,704,5480478.7
50121,2,0,1,74,1996,0,4289,455,5020674.6
44064,74,0,1,55,2021,1,10000,711,4413732.1
28481,74,1,1,6,2013,0,3397,778,2854717.3
47831,53,1,0,6,2012,0,2538,976,4786864.2
46211,47,1,0,77,2003,1,6159,776,4629859.3
32250,5,0,1,94,2001,0,5313,676,3236484.1
58958,10,1,0,42,1997,1,7832,914,5903746.7
17786,8,1,1,38,2012,0,9748,679,1784679.2
6284,3,1,0,21,2016,1,1898,768,631188.6
59615,17,1,0,8,1990,0,6028,746,5963967.0
48577,76,1,0,20,2017,0,2025,681,4862984.7
66859,18,0,0,47,1998,1,8306,159,6688391.8
53381,86,0,0,19,1991,0,3504,204,5339727.1
45580,88,1,1,100,2015,1,2481,439,4569449.5
25440,47,0,1,12,1991,0,959,345,2549452.1
31598,63,1,0,39,1999,0,7048,710,3165856.9
23073,45,0,1,93,2021,0,2764,795,2310872.1
59049,94,0,0,91,2008,0,7928,746,5910896.8
93674,27,0,1,75,1999,1,5736,821,9375903.9
76446,54,1,1,29,2021,1,8752,987,7651735.1
41926,8,1,0,89,2015,1,2806,102,4198279.5
80976,87,1,0,55,2010,0,4642,788,8102795.0
11470,93,0,0,25,1996,0,6048,420,1148699.6
79723,71,0,1,17,2021,1,6409,940,7976910.1
34838,45,1,1,95,2012,1,127,132,3490058.2
28303,23,0,0,29,1996,1,4559,377,2833274.6
93490,45,1,1,15,2012,0,8138,350,9355490.2
17950,57,0,1,69,1996,0,1925,910,1802294.6
388,11,1,0,51,1998,0,1071,937,44847.8
2739,41,1,0,57,1992,1,6996,597,277462.2
7603,47,0,0,56,1999,0,131,604,763363.9
15555,33,1,1,8,2018,1,1635,647,1564014.8
78847,12,1,0,30,2005,0,4919,424,7888002.5
30596,41,0,1,69,1998,0,6656,579,3063030.8
37395,88,0,0,19,2018,1,610,912,3741187.8
27918,42,0,1,71,2016,1,6322,222,2798713.6
43789,83,0,1,1,2007,1,3713,998,4383378.7
15728,76,1,0,12,2017,0,3436,253,1577515.7
74409,95,0,1,56,2000,1,5850,592,7447750.0
29114,18,1,1,12,1994,0,3591,799,2919917.4
99539,34,0,1,75,2021,0,5552,919,9963045.1
73748,47,0,0,72,2001,1,6305,930,7382612.1
64273,65,1,0,14,2003,0,2525,463,6433844.3
83405,16,0,0,86,2000,1,5515,550,8347406.0
48652,25,0,0,5,1992,0,402,468,4866264.2
53034,62,1,1,52,2012,1,5609,295,5312035.2
67294,98,1,0,83,2016,0,8838,627,6737871.6
6940,24,0,0,17,2014,0,1437,253,695809.4
74857,19,0,1,55,2011,0,5220,326,7495795.1
23365,63,1,1,53,2016,1,8296,697,2343955.6
53591,91,1,0,66,2008,1,3909,804,5365278.8
13612,57,1,0,29,2009,1,2371,955,1367128.9
63189,4,0,0,1,2004,1,3048,791,6319752.4
43441,42,0,1,45,2000,1,2301,954,4349056.0
3995,76,0,1,56,1991,1,6351,511,406628.1
43133,81,1,0,68,2016,0,2255,214,4321653.6
90323,27,0,0,95,1999,0,1823,964,9037654.9
50164,68,0,1,17,1995,0,5797,454,5022955.5
38713,64,1,0,13,2002,1,253,463,3876407.2
5140,35,0,0,83,2006,1,3465,882,515580.6
64827,50,1,1,54,1999,1,8197,690,6491283.9
34956,3,1,1,93,2003,1,7769,849,3508101.3
87810,52,1,0,76,2015,1,805,488,8793955.5
46349,76,0,0,24,2005,0,8950,131,4636590.5
96704,63,0,0,61,2009,1,6136,824,9672864.9
57314,63,0,0,60,2011,1,5477,681,5733991.1
42421,69,1,0,24,2021,1,86,521,4246970.1
36442,45,1,0,78,2019,1,1040,293,3653630.9
46301,83,0,0,57,1991,0,7625,483,4631982.1
13522,4,0,0,74,2021,1,2985,161,1354750.1
83088,22,0,0,64,2004,1,2405,457,8315132.4
18019,89,0,0,17,2006,1,5047,911,1803675.6
29637,21,1,0,80,1998,0,9015,303,2973981.8
88231,33,1,0,31,2009,1,4448,704,8827270.9
99478,86,1,0,12,2013,0,5259,260,9953158.3
25207,65,0,1,25,1997,0,4,930,2527273.7
89622,93,0,0,40,2017,1,2864,607,8965091.7
35082,21,1,1,52,1990,1,6916,148,3516840.0
91104,35,0,1,25,1991,0,5289,825,9116835.1
68046,66,1,0,80,1997,1,1353,366,6818141.7
32604,51,1,0,38,2009,1,2030,135,3263791.9
65825,55,0,0,45,2007,0,4711,311,6586250.7
61543,22,0,1,11,2017,0,3733,614,6158002.7
25004,61,0,0,56,2019,0,8370,888,2506029.9
41524,98,1,1,97,2016,1,3636,509,4163553.6
32602,47,1,0,43,1996,0,9723,664,3267427.6
17648,25,0,0,11,2012,1,7702,540,1765902.2
7935,37,0,0,93,2010,1,2492,628,803701.0
11498,38,0,1,41,2009,0,4035,699,1154978.9
69482,42,1,0,94,2012,0,7285,751,6957177.2
61647,46,1,0,43,2019,0,1313,803,6172515.9
87500,29,1,0,1,2013,0,4042,120,8754886.3
14878,39,0,1,18,2012,1,436,650,1491712.2
43872,12,1,1,95,1993,0,1295,599,4402358.3
8413,19,0,1,88,2002,1,2918,446,849213.2
44120,42,0,1,66,1994,0,1680,342,4420400.4
68528,34,1,0,78,1997,1,8731,418,6864016.7
4293,1,0,1,87,2014,0,6852,723,438335.4
64013,22,0,0,59,2007,1,4357,261,6404986.7
44911,33,0,0,56,2001,1,8835,559,4495840.1
68647,50,0,0,31,2010,0,8784,730,6867106.0
76256,38,0,1,32,2021,1,2887,178,7631297.1
36417,62,0,1,70,2021,1,5756,721,3650549.1
69901,69,1,0,28,2009,1,3492,833,6996565.9
6478,66,0,1,33,1994,1,4780,905,652595.4
69242,1,0,1,83,2014,1,772,153,6936087.4
31601,70,0,0,35,2018,1,6203,678,3163556.8
50294,30,0,1,64,2006,0,7052,959,5034657.6
255,62,1,1,77,2015,0,2522,776,34291.5
27060,39,0,0,90,2007,1,6939,570,2710700.7
43140,6,1,1,53,1992,1,3056,743,4322399.2
63717,7,0,0,89,2011,0,4419,221,6379454.1
40310,75,1,1,52,2006,1,1295,654,4041851.6
8904,96,1,1,37,2016,0,173,120,895624.6
90633,92,1,1,81,2006,0,650,206,9072944.6
6570,63,1,0,81,2018,0,5696,894,667494.8
3011,48,1,0,42,2020,1,7963,185,305014.0
16251,54,1,0,71,2000,1,260,945,1629387.0
72165,56,0,0,22,2004,0,9444,975,7218838.4
2005,45,0,1,67,1997,1,8149,600,207531.7
18240,36,0,0,98,2018,1,7451,311,1828031.8
16006,69,1,0,44,2005,1,3094,242,1606780.5
22333,6,1,1,34,2002,0,3017,868,2245486.2
89742,27,0,0,29,2007,1,6349,640,8976777.7
10966,47,0,1,10,1997,1,7420,439,1101642.7
47148,37,0,1,78,2013,1,2426,662,4721381.3
93622,85,0,0,13,2012,1,6525,111,9363558.2
44854,18,1,0,79,1997,1,5217,385,4489439.7
92684,4,1,1,64,2013,1,5647,419,9278413.3
38964,47,0,1,56,2021,1,2594,494,3902450.1
90703,61,0,1,15,2002,0,96,192,9072785.2
81247,42,0,1,14,2002,1,3176,377,8127330.2
42655,30,0,0,93,1994,1,7108,198,4272845.4
19602,44,1,0,89,1995,0,7095,509,1972327.5
54706,87,1,0,18,2011,0,7260,585,5476681.1
74133,92,1,0,92,1991,0,7539,250,7424902.1
32165,44,0,0,80,2018,0,9861,592,3219111.8
15262,49,0,1,72,2005,1,6000,884,1531236.5
34819,71,0,1,85,1990,1,134,773,3488144.0
93896,35,1,1,80,2004,1,6885,301,9401076.4
62414,19,0,0,77,1997,1,1717,492,6250022.7
70873,10,0,0,38,1997,1,5238,560,7089697.7
371,29,1,0,96,2008,0,2383,642,45524.8
16326,61,0,1,23,2020,1,7780,320,1638783.0
33628,100,0,0,43,2014,1,9961,166,3367900.4
41845,32,1,0,61,1992,0,5440,407,4191538.2
26814,16,1,1,69,2020,1,8582,969,2689533.0
68974,59,0,1,52,2005,0,9349,765,6904810.5
16873,88,1,0,61,2000,0,1738,792,1691487.0
38513,7,1,0,8,2013,0,4811,399,3853759.3
82959,13,0,0,20,2011,0,7319,348,8298011.1
14029,72,1,0,12,2010,0,7523,110,1408596.0
97985,66,0,1,49,2020,0,2461,584,9804383.0
4332,31,1,1,23,2018,0,9996,965,440601.8
74436,29,1,0,37,1992,0,9611,249,7450183.2
79572,45,0,0,7,2005,0,229,135,7958075.5
7038,24,1,1,41,2019,0,2452,877,708802.9
58869,32,1,1,59,1994,0,7058,850,5896012.4
15967,75,1,0,89,2000,1,7274,863,1605306.0
28792,30,0,1,83,2009,0,8758,206,2885914.9
74037,27,1,0,94,2010,1,4204,916,7413723.0
49104,3,0,0,39,1994,0,1091,166,4913428.4
10250,7,0,0,1,2014,1,9105,259,1025802.4
89708,27,1,0,72,2013,1,2592,456,8978292.3
74885,84,1,1,48,2013,0,8924,918,7499296.3
52887,86,0,1,30,1996,1,840,668,5292579.6
17615,13,0,1,88,2008,0,7569,687,1774991.8
10588,61,0,1,78,2015,1,2711,200,1063316.5
72085,57,1,0,30,2001,0,7492,984,7212400.1
48092,61,1,1,54,2009,1,2646,464,4817550.9
44815,79,1,1,29,1997,1,7217,594,4490727.7
94702,96,1,1,57,1999,1,1510,787,9479031.9
19575,100,1,1,67,2009,1,7143,662,1966077.9
78934,44,0,0,22,1996,0,6556,870,7895339.6
99108,20,0,0,63,2001,0,9253,786,9914800.1
38522,4,1,0,63,1990,0,6735,783,3858534.0
10271,43,0,0,22,2018,0,8561,346,1027893.8
605,12,1,0,35,2012,1,6370,242,66663.2
83698,44,1,0,13,1999,0,600,489,8376076.9
8976,38,0,0,48,2007,1,1776,241,898880.7
71298,98,0,0,29,1998,0,2964,457,7131907.8
76974,9,0,0,48,2014,0,8753,400,7700879.4
96395,51,0,1,70,2016,1,7673,594,9648710.6
20906,36,0,0,18,2004,1,2584,505,2092028.4
42619,81,0,0,7,2005,1,5800,645,4263005.5
19782,60,1,0,92,2000,1,3582,518,1988451.0
1454,32,0,0,52,2006,1,3303,977,148234.6
63066,53,1,0,27,2003,1,587,608,6313110.3
43912,67,0,0,88,1990,1,9333,944,4396083.0
3121,46,1,0,85,2017,1,546,784,322767.7
22810,20,0,0,77,2004,0,1289,822,2282270.4
1666,39,0,1,4,2015,0,9685,659,169944.5
32490,11,0,0,32,2006,1,1862,924,3250802.6
19461,78,1,0,10,2021,0,9375,204,1949663.1
38375,95,1,0,21,2002,0,1686,168,3840731.2
86008,47,0,0,82,2015,1,8989,169,8609323.5
2622,98,0,1,84,2018,0,5216,829,272493.8
79445,43,0,1,51,1990,0,414,381,7948637.0
67370,51,1,0,28,2020,1,5096,331,6742167.0
68590,39,0,1,82,2012,0,3966,538,6871144.2
58980,67,1,1,82,2004,0,4627,452,5914784.4
12389,70,1,1,48,2018,0,6033,161,1247818.8
90151,73,1,1,79,2012,1,1784,682,9022486.2
37846,76,0,1,54,1991,1,934,558,3790981.1
93187,66,1,0,9,2016,1,7207,840,9324088.6
66592,21,1,0,92,1996,0,484,992,6666928.6
11644,19,1,0,50,2008,0,2899,625,1166984.8
42167,74,1,0,80,2009,1,1456,923,4221684.9
30458,50,0,1,43,1994,0,2413,821,3051295.4
235,86,0,0,68,2005,0,6355,743,28656.5
23892,26,0,0,14,2012,0,8271,330,2390553.2
15621,24,1,0,29,2004,0,3343,865,1566732.4
22716,61,0,0,36,2013,0,2979,998,2272979.3
82859,100,1,0,12,1998,1,6484,153,8291287.8
73838,68,1,1,63,2009,1,2945,899,7396303.9
15064,44,1,1,1,2001,1,7518,738,1512799.1
2848,82,1,1,70,2005,0,9307,900,293779.5
94867,65,0,1,53,1999,1,8112,114,9494401.9
62037,58,0,1,72,1992,1,5891,638,6213106.2
96906,47,0,1,35,2020,1,7788,612,9697498.0
92877,43,0,0,94,2006,0,4652,873,9293132.6
88652,76,1,0,36,2008,1,2119,713,8873177.8
89178,74,0,0,89,1997,1,4196,530,8926770.7
30863,78,0,1,34,2015,0,4411,273,3089420.5
98755,18,0,1,12,2014,1,578,273,9880422.4
34195,71,1,1,79,2005,0,4813,398,3428702.5
4537,5,0,0,48,2016,0,8239,620,456361.6
73177,38,1,0,5,2011,1,695,819,7321281.1
13969,15,0,0,23,2013,0,9527,962,1399049.3
62460,43,0,0,96,2003,0,9938,360,6253854.3
24104,53,1,0,28,2008,0,560,697,2417754.8
25892,8,0,0,99,2020,0,5495,739,2593267.0
299,38,1,0,37,2021,1,2024,582,37033.1
15944,83,1,1,32,1993,0,6678,709,1602339.3
90045,95,0,0,77,2008,0,8151,501,9009466.8
37754,65,1,0,66,2016,0,5934,942,3784160.6
46195,68,0,1,99,1997,1,6354,735,4631767.7
91114,71,0,1,54,1990,1,6172,271,9116972.0
82651,100,1,1,29,1990,1,6561,707,8274315.0
47353,22,1,1,15,2011,0,2268,977,4743129.1
25018,100,0,1,40,2007,0,8163,814,2511418.7
10288,94,0,1,44,2016,1,5733,264,1031927.6
57085,32,1,1,26,2004,0,8033,983,5714000.4
62281,87,1,1,70,2010,1,1665,863,6239393.0
75549,77,0,0,70,2005,0,6519,859,7562030.5
11580,59,1,0,75,1999,1,8762,991,1169617.9
45229,94,0,1,66,2004,1,5560,497,4531305.4
44565,78,1,0,40,2005,1,8312,685,4463078.5
1782,64,0,1,33,1998,1,4996,839,184784.8
97593,62,0,0,24,1995,1,5893,871,9760509.5
37567,65,0,1,62,2010,1,2062,286,3764024.0
91992,40,0,1,45,2015,1,2030,209,9206945.5
92016,58,1,0,72,2008,0,2885,616,9206998.8
47027,64,0,0,50,2017,1,5716,334,4704701.7
35562,80,0,1,58,2001,0,6235,800,3560786.1
68162,64,0,1,98,2020,1,5490,292,6825255.0
30830,70,1,1,49,2000,0,6207,745,3090623.0
77776,68,0,0,7,2010,0,5333,186,7778582.0
53818,53,0,0,44,1999,0,1743,416,5386139.9
73917,74,1,0,91,1990,0,9524,816,7405490.0
92675,5,1,1,9,2017,0,9383,664,9274886.7
70159,46,0,1,74,2019,0,6333,985,7019489.9
74810,19,1,0,97,2017,1,6040,150,7492753.7
63891,41,1,1,24,2020,0,7812,171,6398575.0
10601,59,0,1,7,2021,0,6574,892,1062664.1
85375,3,0,0,32,2014,1,680,634,8541495.4
2559,59,1,0,51,2017,0,6182,895,264370.7
18101,6,1,1,97,1992,1,8163,377,1824739.2
44429,27,0,0,58,2016,0,3623,196,4447469.6
87780,36,1,1,33,1999,1,1723,217,8787571.9
42277,28,1,1,57,2020,0,8953,262,4232611.0
14447,69,1,0,94,1991,1,7976,850,1458693.1
33205,94,1,0,68,2000,0,9328,338,3327752.0
52132,91,0,0,65,1999,0,5211,105,5216554.9
39549,62,1,0,7,1992,1,3947,533,3959426.2
60514,20,0,1,14,1992,1,5690,114,6057452.2
93499,24,1,1,41,2006,0,3038,253,9357814.6
50241,82,1,0,57,2001,1,4696,497,5029855.1
28915,37,1,0,35,2014,0,4680,336,2896715.4
46790,82,0,0,18,2013,0,6605,275,4681489.3
98780,21,1,1,53,1990,1,1210,700,9886719.0
58362,9,1,1,23,2015,0,2303,486,5846004.5
11928,67,0,0,61,2015,1,733,516,1198963.5
41840,78,0,0,60,2011,0,7675,882,4185921.1
27538,94,1,0,82,2019,0,3849,496,2758284.9
44438,96,1,0,93,2014,1,6716,918,4450823.4
12373,18,1,0,59,1994,1,3868,823,1245235.4
3206,100,1,0,72,1990,0,8185,343,331095.0
14993,24,0,0,80,2020,1,5003,765,1501072.0
72945,13,0,1,75,2003,1,7783,678,7305011.3
74810,65,0,1,94,2013,0,417,299,7489966.3
1300,95,1,0,71,2009,1,5233,988,134967.9
11303,72,1,1,62,2011,1,6126,179,1140133.1
67724,80,1,0,81,1995,1,921,128,6779991.5
34195,65,1,1,95,1992,1,8370,128,3435606.2
57806,49,1,1,47,2001,1,1667,431,5790410.1
57722,21,1,1,69,2020,1,5689,518,5785132.0
62094,94,0,0,92,2010,0,2454,221,6218641.0
99148,67,1,0,55,2021,0,2803,137,9918736.1
89512,86,0,1,87,2001,1,6147,131,8960225.1
57210,10,1,0,49,2000,1,4533,710,5728623.0
46336,1,1,1,3,2009,1,2133,799,4643781.9
56145,35,1,1,37,2006,0,9251,717,5617752.6
13494,3,1,0,88,1991,0,927,879,1355903.1
79002,20,0,0,11,1991,0,5981,745,7900697.1
58208,13,1,1,90,2020,0,8172,745,5831806.0
71474,84,1,0,35,2018,0,4363,442,7152718.8
98209,43,1,0,67,2012,1,4714,768,9826484.2
41226,87,0,0,22,1995,1,2851,681,4125343.5
35122,73,0,0,43,2001,0,2087,112,3515208.1
52220,22,1,0,19,1994,1,7794,217,5226840.4
95063,89,0,1,32,1991,1,1284,983,9511106.1
73782,92,0,0,66,1996,1,5708,516,7383555.6
16368,99,1,1,85,2007,1,5726,637,1645556.7
84286,78,1,0,94,2001,1,9154,561,8437788.1
47039,34,0,1,47,1990,1,8169,662,4710291.0
77726,23,0,0,1,2003,0,5497,885,7773518.3
3912,73,1,0,12,2011,1,8631,569,395955.1
93746,13,0,0,13,2003,0,5804,152,9376444.3
44304,3,0,1,6,1992,1,5065,218,4433938.2
27400,25,1,0,31,1992,1,7569,631,2747740.2
53056,97,0,0,71,2005,1,5748,255,5310121.5
80691,51,0,0,13,2005,1,2967,794,8071084.5
57337,55,1,1,97,1992,0,4797,438,5750227.2
64732,82,0,1,47,1995,1,274,947,6479107.5
13037,49,1,1,66,1995,1,9563,605,1315003.5
48520,25,0,1,95,2001,1,2351,105,4862564.1
74788,45,1,1,3,2009,1,4433,773,7483945.9
85208,55,0,1,75,1998,0,1560,373,8527688.8
33643,64,1,1,55,1994,1,9846,173,3374768.4
53547,77,0,0,35,2002,0,7979,323,5355930.2
85134,55,0,1,70,2016,1,2533,981,8519159.6
34485,13,1,1,83,1993,1,347,547,3460379.3
76717,3,1,0,30,2017,1,814,990,7679009.7
63650,21,0,1,10,2007,0,6108,721,6370607.7
42237,69,0,1,52,1993,1,7236,727,4229047.3
16718,43,0,1,86,2010,1,1706,694,1678693.0
19838,64,1,1,48,2004,1,3931,155,1993919.4
66045,31,0,0,83,2019,0,5031,366,6607358.9
73235,27,1,0,22,1995,0,9660,153,7327197.5
95971,29,0,1,61,2012,1,2743,674,9605457.2
26519,100,0,1,59,1996,0,8414,596,2659980.6
76074,20,1,0,72,1995,1,9387,670,7614603.5
11788,9,1,0,15,2020,1,1914,982,1183060.0
66281,98,0,1,46,2000,1,9616,682,6630781.0
27691,39,0,1,97,2020,0,2828,439,2774041.0
59016,54,0,0,45,2011,1,6843,127,5906126.1
6048,65,0,1,43,2021,0,5072,575,610305.1
29570,78,0,1,45,2011,0,7912,240,2962411.1
67642,98,0,0,54,2020,1,320,777,6766834.0
4033,97,1,1,55,1997,0,9450,879,415922.7
74546,3,0,1,1,1990,0,1636,530,7460101.0
55678,59,0,0,51,2011,1,1078,412,5573599.1
10784,42,1,0,43,1990,1,8039,976,1084037.0
42810,3,1,1,14,1996,0,5683,674,4288800.6
19020,13,0,0,69,2004,1,3397,181,1905429.4
4499,5,1,1,77,2002,1,6586,412,455382.2
79130,29,1,1,95,1995,0,6368,797,7925945.5
34689,100,1,0,85,2000,1,5166,821,3474451.0
99075,38,0,1,16,2017,1,8181,413,9911312.7
76446,10,0,1,8,2004,0,3257,403,7649095.4
50185,99,1,0,30,2008,1,5699,276,5021097.8
17085,79,0,0,12,1993,1,7709,960,1709963.3
31076,16,1,0,22,2018,0,8821,954,3112788.8
81924,29,0,1,62,1990,0,2817,755,8200485.0
89829,23,1,1,20,2011,1,4322,732,8992972.1
52458,31,0,1,82,2013,0,7768,809,5253326.3
65639,74,0,1,72,2021,0,2607,579,6573646.1
41332,40,1,1,90,1994,1,9941,938,4146474.4
45381,65,1,0,3,2006,0,4163,711,4543365.6
1981,39,0,0,6,2008,0,722,484,198774.8
48178,67,0,0,71,2011,0,4452,870,4824962.1
733,86,1,1,83,2011,0,5749,413,81775.1
16071,9,0,0,66,2003,1,9680,581,1609170.3
21122,99,0,0,26,2016,0,4815,779,2113297.6
90072,63,0,0,7,2007,0,6103,375,9008547.7
3137,48,1,1,26,2017,1,3238,282,320868.7
27286,48,0,0,3,1996,0,4494,291,2728938.6
37611,47,0,1,100,2006,0,2848,376,3766677.6
84697,63,1,1,44,2004,1,3454,511,8474975.4
21833,43,0,0,26,1997,1,3826,692,2185327.7
74139,47,1,1,33,1992,0,4096,638,7421289.2
41050,6,0,1,87,2015,1,4162,756,4117975.5
16389,1,0,0,94,1995,0,9963,277,1647095.5
72265,69,1,1,59,2005,0,8481,918,7236109.5
55752,48,1,0,42,2019,1,829,830,5580831.9
42003,27,1,0,55,2008,0,8852,322,4202952.8
76453,46,0,1,13,2000,1,8106,241,7652064.0
95771,44,1,1,92,1993,0,1091,382,9586445.3
30042,84,0,0,65,1999,0,1586,142,3008534.9
80827,51,0,0,82,1996,0,3040,155,8083933.6
58109,86,0,1,43,2007,1,1093,375,5819714.7
20006,95,0,1,13,2002,0,9833,313,2006536.2
57530,72,0,1,2,2001,0,3187,399,5755191.1
90929,35,0,0,93,2015,0,4684,696,9098666.5
27488,91,0,1,36,2008,1,304,941,2755953.8
36904,99,1,1,68,2020,0,4683,527,3698721.0
11202,87,0,0,37,2019,1,9665,929,1122248.9
43882,3,0,0,97,1996,1,3001,933,4393079.6
62869,18,0,0,12,2015,1,7713,333,6288349.5
59437,75,1,1,60,2014,1,1716,455,5952617.4
88935,8,1,0,93,1990,1,8530,913,8901934.0
83026,68,0,1,44,2010,0,9272,423,8305842.0
19900,67,1,0,54,2020,1,5735,446,1996710.0
41204,1,0,1,95,2010,0,5801,184,4126585.0
94261,94,0,0,31,2008,1,9427,164,9429690.8
81511,74,0,1,10,2016,0,4587,537,8154985.6
59252,15,1,0,27,1994,1,3994,315,5931506.4
80067,23,0,0,73,2021,0,5432,260,8013211.1
56902,32,0,0,50,2010,0,449,521,5694751.0
10483,46,1,1,19,2001,0,7733,352,1055996.1
41987,18,0,0,44,2017,1,9181,454,4201481.7
88100,6,0,0,70,2020,1,3085,775,8812852.0
70968,60,1,0,16,2005,1,9015,129,7101845.5
67078,21,0,1,73,1993,1,1839,652,6717669.3
10637,24,1,0,23,1997,1,9659,677,1067665.7
71171,74,1,0,43,2003,0,3187,494,7123522.3
82952,31,1,0,7,2015,1,9960,606,8299689.5
92335,96,0,1,11,1999,0,8282,283,9237950.9
60035,46,1,0,77,2008,1,9398,314,6014540.8
95492,65,1,1,77,1997,1,8248,376,9563379.7
20587,32,1,0,71,2004,1,8473,638,2067398.4
13642,8,0,0,96,2009,1,9863,822,1373966.9
38700,98,1,1,33,1992,1,1055,936,3874846.2
87991,31,0,0,79,2006,1,3085,351,8804814.6
48428,27,0,0,9,2010,0,5459,506,4844049.0
81171,100,1,1,10,2020,0,9872,389,8123187.0
82899,89,0,0,23,2009,0,7445,948,8291850.9
47126,76,1,1,37,1995,1,8674,456,4720029.5
83064,84,1,0,95,1997,0,4297,669,8314535.7
63008,89,1,1,12,1995,1,6145,746,6309285.5
23776,31,0,1,4,2002,1,9338,547,2382847.2
8597,24,1,1,27,2018,0,2408,781,867204.8
65896,44,1,1,40,1994,1,202,792,6601450.4
47061,85,1,1,67,2018,0,3054,583,4713648.8
19341,95,1,1,21,2017,0,7998,101,1944096.7
9954,87,0,0,32,2011,0,2265,787,999219.1
86810,91,1,1,13,2010,1,5919,660,8686680.0
28062,60,1,1,57,1995,1,3522,243,2815267.5
29967,34,1,1,22,2009,1,6133,624,3006420.9
72748,23,0,1,90,2006,1,8340,884,7280260.6
10132,57,1,1,87,2016,1,9397,642,1024313.6
36932,6,1,0,93,1990,1,5408,895,3706286.0
24309,23,0,1,28,2013,0,2055,173,2434268.3
19319,18,0,1,56,2004,1,5348,220,1940995.4
9078,63,0,0,48,1994,0,7745,137,909459.4
1407,44,0,1,19,1995,0,3231,757,147495.5
38009,2,0,0,12,2018,0,5546,419,3801895.8
11688,13,1,0,72,2013,0,8377,460,1180015.3
74489,96,0,0,86,2019,0,8704,652,7450211.9
91596,30,1,1,45,2013,1,9428,468,9172881.3
35520,33,0,1,50,2011,1,9326,748,3554917.1
3929,60,0,1,69,1993,0,7470,669,398629.3
26424,32,0,0,7,2020,1,2246,876,2643550.0
14074,85,1,1,78,2003,0,6987,143,1421626.3
62598,39,1,1,83,2008,0,4585,405,6271214.8
51419,91,1,0,12,2014,0,2145,845,5147263.4
71012,61,0,0,77,2004,0,4665,434,7108699.4
69866,93,1,0,94,2004,0,7437,270,6995283.4
75124,27,0,0,20,2009,0,7236,325,7513990.9
73117,64,1,0,58,2004,0,8695,683,7317591.4
6086,42,0,0,4,1992,1,8861,348,609401.2
62114,85,0,1,78,1994,1,8066,972,6218248.4
85301,88,0,0,50,2016,1,5153,449,8532351.6
24046,29,0,0,41,2021,1,78,681,2408555.1
49729,47,0,1,74,1999,0,4841,391,4979777.9
96177,51,0,0,73,1997,1,4294,816,9620405.7
5279,37,1,1,72,2001,0,9278,591,536296.1
64633,20,0,1,56,2002,1,5082,691,6472293.2
26229,35,1,1,100,2003,1,3372,274,2634608.3
92438,35,1,0,99,2005,0,374,160,9255862.5
52332,36,0,0,33,1995,0,2097,938,5234888.5
64088,52,0,1,67,2011,1,8966,867,6417344.1
90832,54,0,0,90,2011,0,8429,185,9088841.1
4169,27,0,0,30,2000,0,2774,254,419550.0
18501,63,1,1,13,2004,1,7911,204,1855087.4
21413,34,1,1,72,2000,1,1799,607,2154718.0
84077,3,1,0,15,1997,1,7329,323,8412538.7
71928,42,1,0,94,2005,0,8349,477,7203983.5
44321,86,0,0,20,2019,1,4890,430,4434371.9
60249,80,1,1,48,1994,0,8112,175,6034593.4
70409,29,0,0,52,2012,0,3809,702,7042999.2
86393,19,0,1,14,2010,1,5153,745,8643976.0
96815,44,1,1,59,1994,0,8231,769,9693106.4
47136,5,0,1,39,1993,1,2531,645,4716725.3
30893,34,1,1,14,1991,1,3587,264,3098287.1
91537,18,1,0,61,1993,0,8348,544,9157850.3
93064,39,1,0,54,1994,0,9751,705,9312597.4
47790,74,0,1,29,1997,0,9988,592,4786351.7
90127,19,0,0,87,1995,1,4170,146,9022299.5
8751,36,0,0,2,2009,1,7193,617,875876.9
90822,23,1,1,62,1997,1,7713,405,9091107.7
92194,45,1,1,18,1999,0,9766,263,9228451.9
97289,35,0,0,25,2004,1,1575,421,9732350.4
73583,55,1,0,33,2020,0,6540,628,7362718.0
25495,57,0,1,7,2011,1,2128,547,2553094.1
63283,52,0,1,85,2000,0,8457,656,6339337.0
69048,35,1,0,58,2001,0,6900,729,6911450.1
98468,26,0,0,20,2001,1,5451,453,9849610.1
54740,77,1,0,17,1998,1,1497,796,5477153.8
36378,15,1,1,24,1990,0,3924,613,3646213.0
29576,73,0,1,17,2021,1,1047,740,2963025.1
84697,11,1,0,47,2015,1,6045,116,8474421.5
94759,28,1,1,36,2016,0,3386,925,9483975.6
2346,97,1,1,68,2010,0,5977,970,244992.0
45553,28,0,0,22,2009,1,6510,402,4557358.9
52141,63,1,1,97,1992,1,428,725,5228398.2
83600,8,0,0,65,2021,1,3026,627,8364352.1
5485,11,1,0,13,1992,1,5960,637,552405.2
23220,99,1,1,79,2013,1,3166,695,2334717.3
5914,25,0,0,46,2021,0,237,487,593538.1
23107,81,1,0,54,1995,0,8101,916,2316366.5
16329,29,0,1,58,2001,1,6579,183,1638683.1
82940,29,0,0,12,1998,1,8542,837,8294731.8
92230,84,1,1,95,2018,0,6502,438,9237486.8
24743,50,1,1,88,1996,0,8360,664,2481744.6
25699,47,0,1,26,1994,1,6671,458,2576151.4
42192,26,1,0,32,2021,1,8858,476,4222302.1
36593,3,0,1,61,2004,0,7221,506,3666305.4
52416,66,1,0,50,1990,0,1221,532,5249182.0
23228,50,0,1,97,2020,1,4233,292,2331465.0
4777,100,1,1,67,1991,0,3906,857,487950.1
23962,87,1,1,68,1995,1,225,128,2403326.5
21018,51,0,1,75,1998,1,792,225,2110725.8
16824,26,0,0,84,1990,1,8583,481,1687837.0
6036,86,1,0,46,2015,0,5060,780,610661.5
60937,34,1,0,18,1992,0,3660,349,6099170.2
84651,74,0,1,26,2007,1,7940,816,8469947.7
94474,84,0,0,98,1991,0,5345,263,9455097.1
51243,74,1,1,35,2017,0,8486,329,5134128.7
35586,81,0,1,80,2019,1,185,998,3570719.9
89519,5,0,1,13,2014,0,6455,253,8957404.4
75340,98,1,1,27,2018,0,4266,387,7545012.8
68762,88,0,1,81,1991,0,6350,577,6887470.1
50539,81,1,1,89,1996,1,1086,309,5063590.6
38148,67,1,0,85,2000,0,5131,903,3824209.0
43613,23,0,0,27,1993,1,2902,360,4364937.3
86257,56,1,1,49,2020,0,4749,389,8638974.0
4194,4,0,1,30,1999,1,8359,819,423479.9
70519,25,1,1,79,1994,1,5346,423,7063851.4
55616,83,0,1,62,1997,1,8613,213,5571452.7
57041,24,1,0,94,2000,1,4878,235,5710382.0
39007,52,1,1,44,1999,0,2898,783,3912800.9
20869,86,1,0,84,2011,0,7836,440,2092339.1
27036,14,1,1,75,2020,1,1502,543,2708288.0
90536,74,0,0,68,2002,1,1714,195,9059110.2
97882,63,1,0,47,2019,0,7161,444,9792988.9
35287,53,1,1,33,2013,0,5473,607,3535222.3
91311,23,1,0,24,1991,0,5515,985,9137559.1
60596,82,1,0,39,2002,1,2301,962,6063866.2
73365,80,0,1,2,2021,0,788,274,7340329.1
55281,18,0,0,26,2004,1,9330,317,5531300.4
42265,34,0,1,89,2009,1,1625,896,4234147.9
39595,81,1,1,96,1993,0,9804,762,3974677.3
83790,59,0,0,75,2020,0,1272,458,8383752.0
62977,47,1,1,15,2009,0,8787,894,6305166.9
49810,60,1,1,39,2020,1,9431,156,4988534.0
44782,83,1,1,77,2003,0,8539,544,4488135.3
79066,91,0,0,18,2019,1,14,925,7908197.9
45091,71,1,1,78,2010,1,285,908,4523785.0
16063,60,0,0,97,2016,0,7658,716,1612339.6
28920,1,1,0,72,2007,0,6155,851,2901901.7
29431,53,0,0,43,1993,0,5705,471,2945626.3
80671,65,0,0,6,2021,1,2660,393,8068598.1
98648,30,1,1,62,2007,1,7991,934,9875795.7
23336,38,0,1,23,2018,1,115,556,2336967.8
65779,99,0,1,80,2006,1,8673,210,6583911.6
26508,7,1,1,82,1991,1,9973,852,2663765.1
82117,58,0,1,33,1994,1,5285,814,8217020.4
27949,59,1,0,77,2011,0,9984,244,2803182.1
58847,40,0,0,51,2015,1,7150,916,5886368.5
84311,4,0,1,58,2011,1,9905,399,8442220.1
9749,85,1,0,65,2018,0,9426,555,980609.8
1932,51,1,1,36,2000,0,4334,195,201541.0
83358,55,1,0,68,2015,0,723,584,8341911.5
72006,4,0,0,83,2000,1,6242,435,7209550.0
80394,55,0,0,59,1992,1,7370,701,8045936.2
39132,30,1,1,68,2020,0,9962,953,3924407.0
89169,88,1,1,90,2011,0,1532,513,8927281.1
86467,68,0,1,22,2014,0,1035,561,8650673.4
54648,70,0,1,98,1993,1,8803,685,5478307.3
5856,98,1,1,95,2012,1,8073,310,598716.2
28722,7,1,0,54,1991,1,6224,973,2881430.1
54563,76,1,0,56,1994,1,5281,123,5461061.4
17847,97,0,1,71,2006,1,9901,178,1791186.6
69806,14,0,0,66,2020,0,4158,898,6986562.0
70178,27,0,1,41,2020,0,3800,498,7025331.0
68311,63,0,0,67,1992,1,6167,863,6836540.2
4258,51,1,0,30,2003,1,7067,685,430099.3
67140,4,0,1,51,2010,0,1985,341,6722509.0
14608,33,0,1,88,2021,1,5507,780,1468435.1
61185,39,0,0,48,1998,1,2353,355,6121085.8
1888,68,1,1,79,2018,1,3550,408,199583.8
92130,28,1,0,88,1994,1,592,197,9223934.4
24516,100,0,1,67,2005,0,6478,722,2458884.5
55727,89,1,0,33,1995,0,7276,175,5575798.5
55558,95,1,0,100,2021,1,5416,792,5559731.1
98924,52,0,1,93,1991,0,3572,866,9901248.1
61279,54,1,1,1,2003,1,1830,742,6134906.3
19463,41,0,1,98,2006,1,5385,558,1957103.6
4449,49,1,0,40,2006,1,4483,419,451954.6
84634,7,1,0,89,2012,0,5190,262,8473995.2
75868,84,1,0,57,1997,1,8926,752,7591848.7
81639,62,0,0,15,2009,1,2068,438,8165695.9
49116,98,1,1,41,2013,0,5646,953,4923159.3
29711,75,1,1,59,2019,0,4225,201,2981766.9
77339,85,1,0,33,1996,1,1266,139,7736919.6
93471,43,0,1,30,2016,0,8718,577,9355268.6
42078,22,1,0,91,1998,1,9661,789,4218276.8
83730,38,0,0,7,1995,0,4229,801,8373982.5
93650,7,1,1,83,2005,0,9158,780,9375981.5
45125,77,1,1,51,2019,1,8160,154,4522380.9
36987,79,1,0,30,2003,1,6044,449,3703916.3
64425,30,0,0,17,2015,0,3992,223,6443543.5
13601,76,0,1,64,2007,0,9049,978,1371932.7
71595,100,0,1,4,2017,1,2507,653,7164867.7
19440,38,1,0,51,2020,0,1798,588,1951851.0
43251,88,0,0,43,2001,0,2001,791,4326826.1
90447,76,0,0,53,1999,0,880,202,9048782.9
70636,85,1,0,95,2011,0,3682,480,7073600.1
51999,10,0,0,85,2017,1,1815,539,5207606.7
29498,18,0,1,80,2008,0,7004,786,2961653.8
59392,21,0,0,89,1994,1,2673,452,5944482.4
26656,89,1,1,81,2011,0,4095,944,2681384.1
84221,47,0,1,47,2004,1,282,956,8426342.4
83175,86,1,1,91,2015,0,5857,167,8330590.5
72843,47,0,0,96,1999,0,3354,904,7288205.9
827,24,1,1,21,2000,0,245,470,89927.0
36690,68,1,0,27,2014,0,8571,598,3674806.4
66847,50,0,1,33,2011,1,7430,246,6688898.1
22381,66,0,1,86,1990,1,7584,666,2245020.0
93244,20,0,0,63,2001,1,2101,253,9328474.1
70728,92,1,0,87,2020,1,8610,139,7079449.0
8300,93,0,1,72,2005,0,2740,453,837253.5
16859,93,0,0,70,2016,0,4911,333,1690521.6
71373,84,1,0,12,2021,1,8384,965,7141743.1
52871,6,0,0,14,2008,1,8163,316,5287746.8
4263,57,0,0,39,1990,0,137,786,430459.0
83742,74,1,1,25,2000,0,773,909,8380708.0
17505,36,1,1,37,1993,0,8333,573,1762789.3
14050,3,0,1,66,2008,1,4215,269,1413507.8
77370,86,0,1,23,2011,0,6416,631,7743358.1
6791,25,0,0,33,1998,0,8687,211,680406.8
77027,44,0,0,25,1996,1,6206,690,7705249.6
98843,64,0,0,73,2006,1,2936,772,9888362.6
94172,50,1,1,35,1997,1,6666,822,9424252.7
66518,20,0,1,96,2005,1,3116,115,6658518.5
27442,39,0,1,28,1998,1,2272,146,2748800.8
49592,24,1,0,34,2016,0,3635,356,4963740.6
89887,57,0,0,91,2021,1,7003,140,8994730.1
12865,65,0,1,69,2020,0,5996,108,1294048.0
33781,31,1,1,100,1993,0,4467,603,3392580.3
40933,29,1,1,84,2000,0,4791,602,4100223.0
81301,14,1,1,46,2017,0,5076,974,8137029.7
67761,81,1,1,5,1997,0,9383,569,6785841.7
20744,43,0,1,97,1994,0,4212,917,2087930.4
65934,69,1,1,69,2014,1,3580,730,6602264.4
50877,87,1,1,89,2002,1,9927,831,5097460.2
33055,10,0,1,12,1990,0,1856,713,3308068.0
75572,92,1,1,100,1993,1,8113,438,7572270.3
13914,4,1,0,70,2020,1,1434,298,1398582.0
80604,85,0,0,51,2021,1,7479,447,8063954.1
29613,52,1,0,26,2002,0,2501,123,2964803.2
81112,91,0,1,20,1995,1,5331,668,8117647.5
45860,83,1,1,26,2019,1,1307,411,4591104.9
261,48,0,1,28,2016,0,5927,811,29996.6
68825,4,1,1,13,1995,1,7692,950,6888057.5
26916,82,0,1,58,1993,0,7167,190,2696491.3
46421,43,1,0,23,2021,1,1517,382,4646143.1
59816,55,0,0,8,2019,0,5919,154,5982821.9
11149,43,1,1,58,1999,0,185,754,1124971.9
71042,13,0,1,62,2006,0,5182,114,7108064.6
11875,33,1,0,38,2018,0,923,544,1191250.8
63664,14,1,1,81,2003,0,2863,621,6373958.3
57431,18,0,0,91,2015,1,7969,879,5752664.5
52078,17,0,1,1,1993,1,619,424,5212915.3
70757,54,0,1,1,2001,1,9549,354,7078138.1
30556,23,0,0,81,2002,1,2199,599,3062451.2
16809,13,0,0,36,2018,0,9979,334,1685229.8
5456,62,1,1,97,2012,1,4099,764,557575.2
12130,10,1,0,60,2012,0,4492,775,1222904.2
12551,24,0,0,53,1992,1,7949,134,1257504.2
61557,89,1,0,51,2011,0,5354,528,6163797.1
12939,55,0,0,48,2006,0,2785,292,1298332.6
85576,83,0,0,21,1998,0,5884,507,8558422.8
8064,33,1,0,27,1992,0,2929,468,811290.2
50599,93,1,1,89,2016,1,3334,719,5067362.6
53496,71,0,1,22,1991,0,8619,562,5354040.1
86405,77,1,0,75,2015,0,5268,302,8643680.5
18231,10,0,1,74,1993,0,3157,471,1832629.3
76918,24,0,0,27,2021,1,4821,438,7694890.1
40214,67,0,1,17,2005,1,6917,235,4028553.5
94801,98,1,0,79,2011,1,8296,495,9487999.1
20040,16,0,1,94,2019,1,989,105,2015414.9
49942,7,1,0,98,2008,0,6138,405,5003821.8
52974,73,1,1,24,2004,0,5420,623,5304662.4
62710,17,1,0,54,2001,0,3620,217,6279618.1
66389,6,1,0,46,2003,0,3359,114,6644576.3
40619,50,1,0,27,1993,1,4313,939,4066846.3
59738,38,0,0,35,2002,1,7656,718,5975675.2
60842,28,1,0,4,2018,1,5651,423,6087203.8
95875,70,1,1,14,1998,0,879,364,9597732.8
44803,64,0,0,18,1990,1,9121,383,4483091.0
40633,34,1,1,1,2002,0,7966,238,4069305.2
43359,53,0,1,9,1991,1,9881,418,4340729.1
98131,58,0,1,97,2012,0,8286,819,9822005.2
7101,73,0,1,6,2012,1,9168,912,715591.2
54469,53,0,0,88,1999,1,9629,178,5455583.9
67580,11,1,0,69,2005,1,3729,707,6765906.5
69893,70,0,0,65,2017,1,4797,281,6991116.7
31704,62,1,0,40,2004,0,4848,682,3174667.4
40557,64,1,0,19,2008,0,6479,194,4061491.8
75293,31,0,0,89,2021,1,2893,166,7535976.1
87596,67,0,1,94,2006,1,4344,828,8772432.6
77252,86,1,0,61,1991,1,5703,245,7730648.1
45963,28,0,1,55,2019,0,1367,974,4607265.9
36048,57,0,1,100,2006,0,3145,310,3614178.6
16058,46,0,1,58,2009,0,5886,627,1612601.9
50678,76,0,0,32,1992,1,6423,569,5071621.2
34835,98,0,0,64,1997,1,4989,495,3489669.7
80249,52,1,0,43,2008,1,1972,695,8034277.8
93670,99,1,0,4,2000,1,9084,898,9372029.0
73734,37,0,0,13,2011,1,589,969,7374998.1
5058,64,1,1,63,2010,0,1113,987,514459.0
24957,3,1,1,83,1995,0,2558,609,2506130.5
7764,45,0,0,11,1998,1,4666,459,777955.8
93664,34,1,0,39,2010,0,8170,984,9371580.0
53104,91,1,0,4,2016,1,4450,664,5314198.6
57990,26,1,1,11,2012,0,2835,333,5802883.2
84308,40,0,0,52,2005,0,5519,194,8433276.5
48559,58,0,0,97,2008,0,8229,409,4864445.8
59971,45,0,0,54,1998,0,6152,783,6000649.8
29004,29,1,1,53,2021,1,3301,411,2908364.1
45524,90,1,0,56,2013,0,4940,983,4562413.3
18844,88,0,0,100,2006,1,4219,355,1887200.6
61141,97,0,1,83,1997,0,1208,333,6121399.7
21261,50,1,1,4,1998,1,3451,497,2131594.8
95602,86,0,1,64,2008,0,4503,928,9566578.8
8708,96,1,0,79,2007,1,8277,967,879427.7
91342,52,0,1,49,1999,0,9644,950,9143600.9
7789,28,1,0,92,1998,0,8583,147,784603.8
56726,12,1,1,81,2018,1,8957,815,5683041.8
40784,49,0,1,98,2018,1,6682,664,4085952.8
9448,58,1,0,49,2020,1,3506,139,952004.0
6570,80,1,1,52,2010,1,7057,741,667714.0
23213,89,0,1,42,2018,1,43,999,2327859.8
26444,43,1,0,4,2017,0,1460,664,2649524.7
23320,96,0,0,88,2013,0,9034,826,2337805.3
92782,26,1,1,77,1990,1,5183,493,9287161.0
86163,4,0,0,59,2020,0,342,953,8621912.0
10128,44,1,1,30,1994,0,3329,835,1021009.4
9861,87,0,1,26,2020,1,3974,837,990552.0
70435,46,0,1,58,2013,0,5236,348,7048486.3
67843,60,0,0,45,2018,1,2665,841,6786741.8
2871,83,1,1,44,2018,0,3500,732,298537.8
9008,42,1,0,65,2019,1,8933,277,907736.9
40037,5,0,1,96,1995,1,7930,141,4012108.5
11260,75,0,0,67,2008,0,9068,976,1131709.8
41212,31,0,0,98,2013,0,9750,423,4128709.3
91743,28,0,1,40,2000,0,195,697,9181611.0
45738,30,1,1,69,2021,0,5941,445,4583032.1
636,47,0,1,59,2001,1,4476,899,73625.1
37171,56,1,0,61,2004,0,3036,329,3723277.4
11646,40,0,1,66,1997,0,2915,900,1169371.7
5620,94,0,0,56,1996,0,7397,308,566525.6
19373,99,1,1,75,1997,0,3854,207,1949240.7
32794,97,0,0,7,1996,0,506,880,3279960.6
28373,73,0,0,83,1993,0,9556,121,2842729.3
89823,82,1,0,26,2002,0,5024,948,8987070.2
64533,32,0,0,5,2010,0,7748,250,6454096.0
17515,12,0,0,64,1992,0,1868,150,1754203.2
24040,90,0,1,93,2015,0,6085,665,2412253.5
48289,68,1,0,19,2015,0,8842,734,4835241.5
17513,98,0,0,36,2020,1,9743,705,1754716.0
20401,88,1,1,3,1994,1,8548,313,2047409.4
6009,55,0,1,56,2019,1,3216,679,610176.9
85104,7,1,0,37,2014,1,4537,103,8517206.4
65886,71,1,0,15,2012,1,187,626,6592196.2
79096,79,1,1,15,2005,0,202,698,7917449.5
95098,30,0,0,4,2002,0,9545,501,9510300.2
54336,38,1,1,13,2005,1,1340,399,5442172.5
85300,98,1,0,64,2002,0,8803,768,8536653.2
40906,58,0,1,29,2008,0,9059,201,4094554.8
82585,80,0,1,82,2004,0,3254,482,8265084.4
73021,10,1,0,76,2002,0,5032,813,7311448.2
57044,25,0,0,93,1992,0,2439,527,5713004.2
78882,100,1,0,63,2014,1,6371,134,7893540.4
56013,46,1,1,64,2000,1,6404,998,5611203.0
60863,52,0,0,44,2005,1,3822,692,6091262.5
83520,39,0,1,37,1992,1,9349,516,8359050.2
71848,86,0,0,61,2017,0,5743,175,7189666.7
69067,37,1,0,62,2020,0,8829,563,6911055.0
79653,4,0,1,19,2013,1,9783,513,7972109.3
16977,46,1,1,54,2019,1,8832,416,1706568.9
13594,8,0,0,73,2019,0,8145,968,1365330.9
4711,98,0,1,80,2007,1,7325,813,478449.7
89124,33,0,1,62,1993,0,5314,806,8919357.3
62599,8,0,1,37,2012,1,428,909,6268809.2
74572,74,1,0,48,2013,1,1473,477,7463538.3
56197,81,0,1,39,2006,1,3004,983,5625138.6
66687,95,1,0,21,2000,1,3649,926,6675401.0
47519,8,1,1,95,2006,0,87,814,4759722.6
21581,26,0,0,77,2007,0,9960,811,2166100.7
16956,25,0,1,69,2018,0,956,715,1705161.8
56148,84,0,1,16,2017,0,6716,893,5617858.7
85429,20,0,0,28,2014,1,2582,918,8546147.4
84058,64,0,0,99,2004,0,8861,429,8415755.4
18604,63,0,0,23,2003,0,96,995,1861172.3
90179,27,0,0,66,2009,1,6791,794,9023038.9
60135,62,1,1,86,2001,0,7680,255,6024974.1
45506,87,0,1,60,2016,1,5264,852,4556396.6
95730,43,1,1,85,2011,0,5571,257,9583824.1
51121,83,1,1,89,2017,0,1889,230,5123563.7
63915,68,0,0,49,2009,0,260,593,6395585.9
9629,14,1,0,16,2004,1,4944,257,968526.4
68837,64,1,0,50,2003,0,171,946,6887892.3
39239,29,0,1,97,2002,0,1749,986,3933198.2
58917,83,1,0,29,1996,0,9028,298,5898396.6
46921,77,1,1,44,2011,1,6850,520,4697734.1
65555,94,1,0,88,2021,1,7947,555,6565694.1
2355,94,0,0,95,2010,1,9559,947,246001.0
21851,93,0,1,57,2014,0,1607,168,2188090.4
19677,43,1,0,79,2000,1,1119,375,1979423.0
39661,59,0,0,83,2000,1,6114,386,3974103.0
20967,33,1,0,97,1995,1,2125,210,2108465.5
9057,34,0,0,50,2007,0,1790,383,906900.7
46301,51,1,0,48,2018,1,8001,421,4637166.8
92238,44,1,1,63,1998,0,3227,718,9237221.8
41880,55,0,1,87,2014,0,9227,211,4192229.4
44459,50,1,0,62,1994,0,3300,622,4452340.4
10821,73,0,1,17,1998,0,2933,143,1086242.8
24560,68,0,1,3,2019,0,861,576,2457903.9
864,17,1,0,15,1999,1,2420,427,89905.9
23212,2,1,0,90,2015,0,5228,796,2327333.5
31459,86,1,1,27,1995,0,1588,789,3155046.5
80206,28,0,1,42,2014,1,4620,854,8027224.4
48926,54,1,0,57,1990,1,5018,358,4896578.0
9109,76,1,1,83,1997,1,823,861,923884.7
48403,62,0,0,3,1996,0,5786,941,4841127.6
12011,74,1,1,28,2018,1,8374,905,1208645.8
6470,57,1,1,48,2012,0,2423,868,656687.2
55872,56,0,1,4,2018,1,8581,191,5591474.8
37213,79,0,1,95,1996,0,4803,531,3734467.6
55851,3,1,1,11,1994,0,1044,646,5592415.4
48395,65,0,1,38,2011,0,9736,667,4845798.1
27946,86,1,0,15,2009,0,1481,705,2797128.9
12066,49,0,0,41,2012,1,3581,730,1207916.2
59109,45,0,1,21,1993,0,2002,407,5914617.3
57801,64,1,0,41,2019,1,4958,169,5787838.9
1448,85,0,0,99,2020,0,671,895,154560.0
40571,8,0,0,18,2014,0,4006,658,4058935.4
85030,1,1,0,48,2009,0,7631,815,8509868.9
26690,37,1,1,15,2016,1,5625,203,2677484.6
97110,95,0,1,21,2018,1,6780,240,9717346.8
77591,36,1,0,79,2002,0,7732,127,7767753.2
10109,6,0,0,81,1990,1,8202,716,1018391.0
3712,89,1,0,62,1990,0,443,642,378944.0
61485,74,0,0,17,2008,0,7471,501,6150376.8
39818,4,1,0,94,2009,0,6521,148,3990192.9
24064,79,1,1,59,2005,1,10,985,2414680.5
76818,13,0,0,81,2016,1,9229,612,7688569.6
96767,62,0,0,66,1997,0,8252,167,9680781.7
7184,30,1,0,11,2008,0,3658,387,724159.8
63062,60,0,0,37,2003,1,3391,948,6307914.3
33793,63,1,0,42,2000,0,9494,784,3386082.0
26089,2,0,0,60,1999,1,6541,616,2615439.9
9223,50,0,0,74,2006,1,7438,976,927886.6
64717,8,1,0,64,2008,1,103,300,6479615.8
1513,95,0,0,43,2002,1,2504,718,155010.2
89008,84,1,1,72,2015,1,1106,777,8911947.5
4803,42,0,0,79,2006,1,6414,779,485590.6
64128,36,1,0,48,2009,1,3220,642,6418143.9
47956,61,0,0,69,2016,0,3515,959,4800729.6
96915,20,1,0,23,2020,0,3272,920,9695754.0
98025,98,1,0,90,2005,1,4543,251,9813291.5
95148,52,0,0,100,2008,1,8257,339,9522550.8
93283,87,0,1,25,1996,0,4915,378,9333627.6
80837,82,1,0,70,1993,0,6217,285,8089906.3
64869,79,1,0,22,1996,1,70,637,6492457.6
44750,96,0,0,94,2018,1,8957,108,4479097.8
55840,89,0,1,11,1995,0,9314,912,5588693.5
40934,51,0,0,41,2018,1,1270,530,4096884.8
32951,20,1,0,53,1992,1,1204,752,3300626.2
99552,28,1,1,49,1993,0,1361,525,9964331.3
62093,12,0,1,94,2004,0,9421,777,6222279.4
72445,92,1,0,26,2013,1,5714,746,7249734.3
83352,88,1,1,91,2010,0,1045,841,8348414.0
65494,74,1,0,91,2004,1,8641,915,6562471.4
11084,97,0,1,79,1998,0,6932,946,1113370.8
81974,86,1,0,78,2013,1,2472,535,8207704.3
81262,32,1,0,41,1991,0,7324,846,8132826.1
78453,28,1,1,83,1997,0,6247,776,7859262.7
5598,10,0,0,38,1994,1,5818,825,562211.4
58852,48,1,1,79,1992,1,7200,956,5892490.2
32389,73,1,1,86,2007,0,6047,466,3247575.7
57798,52,0,1,31,2017,0,3441,359,5783464.7
45947,16,0,0,15,1999,0,91,103,4595814.9
74390,42,1,0,14,2013,1,4284,253,7441689.3
56711,54,0,1,1,1994,1,9545,143,5673734.4
10048,75,0,0,34,1991,0,3960,729,1006643.1
68783,15,0,0,80,1994,0,6498,403,6885739.4
27586,100,0,0,64,2011,0,7988,266,2762137.1
74190,42,1,0,67,2017,1,3328,107,7425893.7
77724,78,0,0,79,1995,0,8324,982,7779385.5
78851,24,0,1,53,1998,0,5929,331,7891785.8
88521,38,1,0,97,2018,1,2986,495,8857964.8
72527,14,1,1,12,1995,0,8820,418,7256618.5
10987,48,1,1,93,1997,1,2372,633,1106231.7
81531,57,0,1,2,1990,0,6192,736,8158198.0
67870,60,1,1,24,2007,0,4460,543,6793060.7
68738,8,0,1,74,2010,0,8272,852,6884205.0
48452,5,1,0,53,1997,1,8321,482,4853030.7
51040,60,0,0,38,2016,0,2295,437,5107385.6
71549,58,1,1,85,1996,0,1431,671,7163168.6
60828,73,0,1,84,2018,0,3052,263,6089951.8
59348,61,0,1,19,2012,0,2240,959,5938039.2
26861,69,0,0,19,2013,1,7106,989,2687627.3
43278,23,1,1,99,2021,1,2231,385,4340381.1
41494,32,0,1,34,2017,1,568,563,4155958.7
27881,8,0,0,92,1995,1,8449,405,2797847.5
8114,86,0,1,44,2017,1,7951,902,817743.7
92373,79,0,1,74,2016,0,2690,955,9247617.6
95337,63,1,0,65,2007,0,602,335,9543247.7
5246,49,1,0,51,1998,1,2117,205,532545.8
52337,42,1,0,70,1999,1,1473,130,5243778.9
14894,65,0,1,40,2018,1,6,712,1495322.8
87840,77,0,0,69,2003,1,7475,752,8785859.3
47765,15,0,1,66,2007,1,5106,431,4781324.7
99510,58,0,0,5,2002,0,8701,872,9951800.2
21364,73,1,1,42,1996,1,370,157,2145401.6
58774,62,0,1,84,1991,0,6622,353,5884531.1
80922,7,1,1,98,2002,0,9705,734,8105660.2
62302,41,0,1,91,2010,0,2825,198,6239702.0
98032,81,1,1,41,1999,0,2870,424,9812466.9
42363,31,0,1,14,2020,1,3781,365,4238826.0
21536,48,1,1,67,2016,0,3622,530,2165059.6
86732,35,0,0,99,1996,1,2333,726,8680037.6
49305,80,0,1,87,2006,0,8898,833,4939975.6
48820,57,1,1,31,2007,1,7139,976,4890832.7
23407,51,0,1,53,1997,1,8824,847,2350099.7
14611,94,0,1,48,2014,0,3271,655,1468749.4
17368,92,1,1,37,1991,0,4261,642,1745031.1
77927,11,0,0,39,2011,0,7644,230,7796739.1
71436,8,1,1,26,1994,1,328,905,7149795.4
82643,84,0,1,77,2003,0,663,496,8274608.3
65273,91,0,1,29,2019,0,4089,937,6533559.9
58871,78,0,0,60,2000,1,8474,327,5893000.0
93506,86,1,0,73,2004,0,661,850,9355304.4
81600,46,1,0,16,2008,0,1841,427,8163638.8
12716,25,1,0,78,2002,0,1945,350,1278601.2
46422,24,1,0,4,2016,0,2768,233,4645311.6
18106,34,0,1,9,1995,0,8002,715,1813621.5
22390,85,0,0,31,2011,0,8025,322,2242019.1
64982,47,1,0,46,2002,1,7055,168,6501591.2
6824,44,1,1,21,2020,0,4254,171,690852.0
69942,67,0,0,62,2008,1,7253,832,7000444.8
28247,72,0,1,97,2006,0,518,995,2837586.6
83564,20,1,1,60,2010,1,5420,927,8366616.0
86720,7,1,0,22,2019,1,4000,491,8676437.9
53978,3,0,0,63,2021,0,5082,151,5399425.1
78993,50,1,0,72,2007,1,7677,107,7905911.7
19537,61,0,1,83,2020,0,1962,721,1960626.0
81330,81,0,0,12,2006,1,208,596,8134552.6
55115,87,1,1,82,2019,0,5024,675,5522593.9
83615,21,1,1,76,2011,1,3893,740,8367434.1
24176,76,0,0,68,2020,1,2313,711,2424926.0
87186,13,0,1,98,2006,0,5269,580,8725843.6
76718,1,1,1,32,1993,1,8514,889,7678291.3
34686,70,1,1,45,2018,1,4689,767,3478751.8
1372,85,1,0,61,1994,0,8590,169,141991.4
85391,4,1,1,3,2007,0,2793,341,8547440.7
88190,11,1,1,7,2000,0,2566,817,8825664.0
29465,89,0,0,31,1990,0,8262,842,2948873.0
36475,64,0,1,53,2010,1,8979,393,3653259.0
14807,30,1,1,59,2016,0,7326,501,1488467.6
13176,82,1,1,54,2016,0,5874,725,1326833.6
33747,44,0,0,65,2011,1,5425,280,3379216.1
72586,63,0,0,39,2017,0,2929,971,7260767.7
6040,45,1,1,23,1995,0,9301,539,611596.5
17791,36,0,1,63,2006,0,4717,430,1786416.6
37542,93,1,1,15,2014,1,1786,425,3760359.4
4991,77,1,1,44,2010,0,9117,134,510147.0
35375,18,1,1,39,1991,1,2534,550,3547723.1
68760,86,0,1,90,2009,0,3855,651,6886258.9
43667,43,1,0,81,1993,0,1829,162,4376408.3
28472,63,0,0,100,1998,0,9382,858,2857049.8
45916,93,1,1,60,2009,1,4561,486,4603170.9
39110,18,0,1,34,2018,0,7078,271,3915015.8
54484,26,1,0,21,1996,1,8337,237,5453182.6
88828,41,0,1,77,2014,1,5454,104,8887849.4
37875,69,0,1,53,2016,1,7366,799,3791076.6
33709,31,1,1,7,1997,0,3797,461,3378877.7
4574,33,1,1,77,2012,0,1264,506,463922.2
38713,80,1,1,91,2008,1,7187,722,3888712.8
48796,18,0,1,3,1998,1,7803,681,4884112.8
98350,34,1,1,96,2002,0,8127,178,9843345.2
5675,18,1,0,43,1994,0,5183,436,570150.4
13079,78,0,1,11,2011,1,4724,271,1312452.1
80282,22,1,0,37,2014,1,9027,338,8034878.4
27842,72,1,1,59,2001,0,5026,941,2797107.1
94351,99,1,0,62,2018,1,7032,950,9442916.8
12903,19,1,0,65,2005,1,1905,808,1297674.5
85474,25,1,0,37,2018,1,204,639,8552671.8
48033,41,1,0,1,1994,1,7386,805,4807525.4
13344,21,0,0,100,1991,1,9044,512,1342649.1
86663,61,0,0,79,2002,0,7018,917,8667440.2
22387,3,1,0,24,1998,0,6028,364,2243743.8
44247,62,0,0,55,1992,0,5885,609,4426084.2
35226,80,1,0,94,2012,0,5959,222,3527233.2
70293,99,0,1,80,2011,0,395,829,7035614.1
94396,45,0,1,10,1994,0,185,695,9443018.4
69665,77,1,1,3,2009,0,4784,329,6972179.9
14948,45,0,1,92,1991,1,7167,807,1505852.1
82610,82,1,0,36,2001,1,5594,210,8265361.1
89173,61,0,1,22,2009,1,512,254,8921642.9
48805,64,0,0,81,1992,1,1803,451,4888277.2
50077,66,0,0,72,2016,1,914,222,5009343.6
32616,60,0,1,37,2003,0,2795,888,3266801.3
2750,72,1,1,51,2018,0,7584,158,287478.8
27532,75,1,1,42,2016,1,484,270,2763972.6
44924,95,0,0,4,2000,1,8114,810,4493620.0
23378,13,1,1,9,1996,1,6280,904,2344668.6
64441,22,1,0,1,2001,0,8118,690,6448195.1
74760,36,1,1,18,2011,1,6469,668,7486764.1
70794,39,0,1,25,2004,0,6171,694,7084340.4
44528,50,1,0,11,2015,0,4489,962,4457099.5
58628,97,1,0,20,2001,1,5168,783,5868912.1
45692,12,0,0,77,2021,1,145,159,4572466.1
67417,68,0,0,67,1990,0,1335,815,6743688.0
68731,83,1,1,41,2015,0,7409,590,6879026.5
81573,1,1,0,74,1996,0,6858,294,8164179.6
15859,70,0,0,72,1998,1,6085,522,1591965.8
34071,52,1,0,89,2005,0,3718,771,3416473.5
82131,3,1,1,73,2002,1,1908,714,8222305.2
2695,30,1,0,55,2006,1,3740,560,275276.6
51891,91,0,0,1,2018,0,9341,731,5189836.8
82469,2,1,0,66,2009,0,7623,186,8252420.9
31785,14,1,1,4,1996,0,7364,491,3187741.6
81147,38,0,1,80,2006,0,823,928,8119401.6
13024,96,1,1,37,2017,0,4288,404,1309075.7
35160,8,1,1,86,2004,1,461,953,3527556.4
56284,58,1,0,5,2019,0,2349,372,5632964.9
1095,33,0,0,52,2003,1,9343,315,112264.3
60250,79,1,0,16,2019,1,8429,149,6031090.9
49114,13,1,1,12,1995,1,8550,272,4919199.5
66289,69,1,1,14,2000,0,9744,890,6635346.0
62940,35,0,0,90,2001,1,1900,227,6299150.1
90220,93,0,0,62,1994,1,3353,207,9025281.4
13984,6,0,1,54,2002,0,308,660,1402812.2
27961,60,0,0,17,2009,0,7187,712,2797091.9
90626,81,0,0,10,2007,1,4768,921,9064610.7
59735,27,0,1,77,2009,0,5944,933,5984019.9
75841,89,0,1,96,1996,1,9801,850,7594188.6
15417,55,0,0,95,1992,0,3223,255,1549279.2
41381,16,0,1,42,2016,0,7020,289,4142103.6
45301,37,1,0,44,2001,0,7672,525,4535094.1
8305,57,0,0,55,2014,0,4961,561,832871.4
39032,21,0,1,28,2018,1,7764,262,3907832.8
36223,20,0,1,21,1998,1,5211,823,3627823.8
6127,7,1,0,77,2013,1,8266,217,620272.3
42903,3,0,0,59,1991,1,4733,765,4295529.1
18485,38,1,0,93,2019,0,7715,363,1853308.9
71296,96,0,0,40,2003,1,3201,953,7132660.3
33296,74,1,0,88,1998,0,8096,150,3335730.8
63259,29,0,1,25,2011,0,6792,281,6330378.1
28584,95,1,1,29,1993,0,3149,190,2865308.3
88258,70,1,1,3,2005,1,559,650,8833655.5
83639,3,1,1,49,2006,1,2420,830,8374057.6
51721,54,0,1,43,2002,0,1583,883,5175060.2
90253,19,0,0,14,1991,0,1105,576,9026845.1
26659,49,0,0,15,2021,1,2049,155,2668012.1
99985,20,0,0,77,2003,1,3025,354,10004278.3
61235,83,0,1,36,1990,0,4099,929,6128731.0
31451,1,1,0,37,1995,1,3103,311,3153350.5
14366,15,1,1,15,2009,1,5596,230,1442920.9
96237,80,1,1,32,2015,0,3692,181,9631795.5
51391,73,0,1,73,2008,1,3336,223,5145855.8
61448,69,0,0,52,2011,1,4170,888,6148309.1
16789,53,0,0,42,1990,0,6329,900,1681437.0
67527,38,1,0,57,2005,0,4421,417,6758641.5
86472,67,0,1,72,2007,0,9033,518,8649820.7
45521,19,1,0,12,2009,1,4128,588,4558227.9
23782,31,1,1,74,1994,1,6830,158,2385528.4
36704,74,1,1,100,2007,0,1014,933,3682620.7
59718,72,1,1,91,2008,0,6400,141,5984334.8
88548,96,1,1,3,1992,0,5585,365,8861525.2
91270,52,1,1,86,1999,1,7262,299,9143432.9
71414,69,0,0,57,2000,1,8835,939,7143211.0
65653,74,1,0,86,2002,0,2341,439,6571168.2
62770,46,0,0,65,1998,0,6143,161,6279209.8
88346,63,0,0,66,2007,1,6444,682,8837282.7
48817,58,1,1,89,2000,0,6840,171,4888333.0
59213,78,1,0,60,2001,0,100,957,5929279.1
65160,67,0,1,5,2006,1,3868,833,6519621.6
86045,10,0,0,14,2021,1,4118,554,8605790.1
6820,99,1,1,86,2001,1,4589,237,692421.1
33704,55,0,1,47,1996,1,1402,691,3375891.6
10460,57,1,0,85,2020,1,5902,815,1049039.0
92256,32,0,1,35,2014,1,8875,582,9231273.4
85490,65,0,0,70,1993,0,1837,678,8554109.3
74012,48,1,0,99,1998,0,7666,298,7410308.8
53155,20,1,0,82,2007,1,8138,902,5324888.7
41573,78,1,1,36,2016,0,7331,445,4165283.6
46413,38,1,1,18,2002,0,1579,361,4652547.2
99932,16,0,0,14,1994,0,8592,388,9994093.4
47715,16,0,0,93,1992,0,3291,698,4772829.2
41565,73,0,1,37,2021,1,1751,180,4164038.1
98213,89,1,0,38,1995,0,1490,760,9829274.5
79435,25,1,0,42,2015,0,2238,655,7952569.5
9517,74,0,0,29,2018,1,7731,636,953039.8
5329,40,0,0,58,1994,1,2706,239,539067.4
79988,36,1,0,79,2019,0,5860,513,8007659.9
34800,11,1,1,84,2003,1,5701,323,3489284.3
40505,50,1,0,51,2013,0,514,173,4056422.3
22034,71,0,0,76,2004,0,5160,739,2208860.4
15610,83,0,0,26,2009,1,4716,749,1563268.9
10175,4,0,0,79,2013,0,371,881,1021635.3
51528,47,0,0,11,1999,0,1149,861,5153572.9
76014,51,1,0,98,1995,0,8372,809,7606246.5
3048,44,1,0,68,1996,1,4581,208,313086.6
9035,72,1,0,2,2006,0,3865,508,907584.6
43501,85,1,1,84,2000,1,6972,350,4361707.0
14865,48,1,0,9,1999,1,294,106,1492518.9
74409,45,1,1,83,2014,1,8003,976,7452174.4
97863,31,1,0,38,1992,1,1887,321,9794827.2
68115,38,0,0,20,2014,0,5506,542,6812481.4
51107,84,1,0,96,1996,0,3856,331,5123101.6
55804,97,0,1,100,2021,0,5922,779,5594137.1
49431,28,0,0,96,2003,1,5637,644,4950904.3
42385,17,0,1,80,1996,0,7301,312,4244666.6
36569,25,0,0,25,1992,1,909,772,3658624.2
82006,16,1,0,61,2015,0,732,143,8204443.5
31241,22,1,1,52,1997,0,2726,858,3131372.7
65531,36,1,1,35,2014,1,4998,603,6565552.4
87886,81,0,1,82,1996,1,6081,470,8796722.6
21792,24,1,0,64,1991,1,7975,343,2182502.1
20175,19,1,0,8,2021,0,3148,765,2022153.1
72871,100,1,1,85,2008,0,4451,217,7292041.8
47582,51,1,1,77,2017,0,8450,797,4771608.7
63961,97,1,1,71,2002,0,2228,951,6404321.2
40816,27,0,1,86,2014,1,7170,692,4088073.4
27899,86,1,1,64,1998,0,2211,330,2799475.8
74571,36,1,0,42,1998,1,3709,918,7462659.8
71469,53,1,0,28,2020,0,7204,170,7154294.0
94313,58,0,0,86,2021,1,1627,736,9433714.1
34511,7,0,1,24,2006,0,7688,822,3453372.6
56999,42,1,1,65,2017,1,1551,186,5709030.7
23450,83,1,0,83,2013,1,1633,727,2351048.3
43001,6,1,0,85,1997,1,3147,723,4311748.7
48825,41,0,0,25,2000,0,7897,354,4884350.0
15728,60,1,1,91,1990,1,3750,997,1582527.0
4840,29,0,1,32,1993,1,5351,650,490232.3
79603,83,0,0,53,2011,0,6538,299,7964199.1
26328,12,1,1,8,2009,0,5098,375,2639712.9
93656,45,0,1,34,1997,1,9808,156,9372651.7
16771,48,1,0,18,2014,1,995,884,1682658.4
35285,97,1,0,59,2018,0,184,209,3533836.8
50747,71,0,0,36,1991,0,685,761,5078303.1
28452,50,0,0,72,2007,0,4152,719,2849892.7
97763,85,0,1,98,2004,1,303,363,9781005.4
75461,16,1,1,77,1991,1,9854,508,7556204.1
50931,1,1,0,79,2008,0,1622,859,5101339.8
83028,65,1,1,71,2015,0,1837,384,8314727.5
86084,97,0,1,44,2012,1,9379,958,8611089.2
99506,14,1,0,62,2019,1,6320,380,9956712.9
87669,27,1,0,11,2008,0,4876,138,8770848.8
16971,74,0,1,35,2014,0,1873,744,1705102.4
16856,66,0,1,92,2003,1,6482,266,1698227.3
92853,77,0,1,50,2005,0,6201,528,9292239.5
58332,57,1,1,74,2006,0,102,668,5848290.6
46219,88,1,0,88,2012,1,4624,444,4631239.2
4780,10,1,0,93,1993,1,4292,528,485037.3
75095,10,1,1,18,1999,1,7986,103,7513525.9
19796,4,1,0,30,2005,0,9160,745,1984461.5
41867,61,1,1,65,2014,0,9906,769,4199195.4
46187,54,0,1,82,1998,0,3100,271,4630712.8
7631,76,0,1,33,2019,1,9516,564,769449.9
50384,30,0,1,23,2005,0,1349,145,5041905.5
2041,16,0,1,34,2014,1,5580,690,210233.4
19606,83,0,0,23,2014,1,7491,327,1961926.4
77646,20,0,1,25,2016,0,7862,606,7770073.6
79401,99,0,0,73,1996,0,6739,681,7941702.6
79380,51,0,1,50,2004,1,9140,280,7943681.4
77337,32,0,0,68,1991,0,6260,287,7739167.1
30551,80,0,1,68,2009,0,4792,853,3063018.9
9758,28,0,0,4,1994,0,5511,454,976405.4
71370,18,0,1,16,2013,0,9602,969,7139541.3
42167,67,0,0,99,2020,1,5838,398,4223638.0
68826,58,0,0,21,2010,1,3126,675,6884918.0
9529,71,0,1,41,2019,1,9342,247,959254.9
40869,27,0,1,81,2005,1,9403,294,4094441.5
58938,83,1,1,64,1996,0,5690,738,5905161.6
58528,1,0,1,50,2000,0,1886,444,5855444.0
18491,48,1,1,10,1997,1,8154,699,1854892.7
28739,24,0,0,44,1990,1,4836,620,2878087.0
8242,33,1,1,76,2003,1,1941,385,841275.3
72120,20,1,0,14,2015,1,1204,402,7218350.5
70274,93,1,1,32,1997,0,5016,367,7032807.7
34477,75,1,1,17,2001,0,6183,771,3453950.1
78088,53,0,0,6,1994,0,5869,248,7809475.4
46899,54,1,1,13,1996,1,3837,684,4698499.6
34428,92,1,0,64,2002,0,402,696,3450922.2
28168,11,1,0,93,2019,0,5014,100,2831367.9
61839,66,1,1,9,2009,0,1392,555,6189722.9
31657,58,0,0,2,1996,0,3710,151,3166331.6
43717,57,0,0,99,2002,1,4893,342,4381556.2
54715,74,0,0,38,1997,1,5908,776,5472607.7
23623,26,1,0,21,1997,1,3751,103,2368635.7
23759,33,0,0,56,1996,1,8103,408,2380283.6
25275,61,1,1,4,2021,1,8279,271,2531559.1
13323,46,1,1,32,2019,0,9918,124,1344350.9
87763,36,0,0,11,2014,0,7043,536,8777041.4
2905,24,1,1,51,2018,0,5801,897,301329.8
8403,22,0,1,47,1994,0,1987,365,847532.4
79594,85,0,0,60,2007,1,7192,129,7962250.7
19773,15,0,1,39,1998,0,3725,673,1982544.8
41110,25,0,0,97,2005,1,3861,599,4116694.5
55660,9,1,1,26,2021,1,5395,335,5576601.1
6051,80,1,0,44,2014,1,8621,950,610578.4
22907,26,0,1,1,2017,0,4614,852,2296157.7
58679,60,1,0,46,2011,1,3599,795,5874828.1
55023,18,1,1,5,2010,0,9692,610,5510997.0
51124,81,0,0,26,2018,0,7199,740,5114003.8
97422,48,0,0,17,1996,1,2828,422,9744055.6
66057,33,0,1,48,2013,0,7500,125,6615509.3
81319,64,0,1,39,2010,0,4826,690,8139384.0
12492,46,1,1,58,1997,0,7229,106,1264869.7
86634,95,0,0,84,2019,0,3654,370,8666233.9
23073,84,0,0,43,2001,0,5481,942,2309877.1
99171,91,0,0,86,2020,0,6680,296,9924776.0
81458,1,1,0,22,1992,0,5742,984,8151151.2
92661,45,1,1,50,2021,0,831,390,9276448.1
43026,31,0,1,53,1992,0,5946,204,4305570.2
20259,31,0,0,66,2018,1,8026,392,2028945.8
60589,4,1,0,44,2013,0,812,818,6062827.3
27328,53,1,0,98,2012,1,4292,943,2739562.2
88399,91,1,0,15,2006,1,6762,974,8845285.6
90474,46,0,0,48,1996,0,3951,864,9048417.6
11062,23,0,1,95,2019,0,3872,250,1116815.9
6639,100,1,1,29,2004,0,2538,252,670298.4
98731,25,1,1,49,1995,0,1222,201,9883764.5
94556,53,1,1,17,2010,0,7571,782,9461299.0
25681,2,1,0,15,2019,0,4757,515,2572151.9
76347,73,0,1,13,2015,0,2560,239,7639752.5
56609,13,1,0,25,1992,0,7747,308,5665792.2
28825,79,0,0,35,1991,1,9767,144,2886304.1
78018,36,1,0,14,1992,0,4892,109,7806848.2
87873,66,0,1,50,2017,0,1769,381,8793354.7
69080,43,0,0,28,1994,1,7755,303,6911181.4
14945,33,1,1,3,2015,0,6989,678,1501436.5
95312,33,0,0,88,1995,0,9960,812,9536803.5
15167,21,0,1,83,2006,0,6764,225,1525393.6
89775,12,1,1,9,1997,0,3023,170,8983705.7
44718,63,0,0,67,2008,1,2915,113,4478514.8
68339,36,0,1,86,2003,0,5303,129,6839127.3
52532,40,0,1,13,2005,1,7799,202,5256504.5
4882,53,0,0,56,2017,1,2617,803,491123.7
78852,57,1,1,60,2009,0,5461,986,7896437.9
48214,83,0,0,30,2013,0,5443,699,4823541.3
90764,56,0,1,74,2000,0,4366,581,9082052.0
90957,88,0,1,79,2003,1,4806,920,9099516.3
15348,44,0,0,42,2008,1,6784,978,1538968.8
75112,87,1,0,58,2004,1,4963,147,7516112.4
50664,11,1,0,46,1996,0,2863,465,5075617.6
93176,21,0,1,50,2002,0,3184,256,9325657.2
14194,68,1,1,33,2003,1,9140,328,1429956.3
79133,46,1,1,84,2013,1,9486,691,7919804.3
25954,38,0,1,91,2007,1,1700,758,2606155.7
88639,99,1,0,28,1998,0,5867,141,8869723.8
60513,48,0,1,66,2004,0,8616,479,6056822.4
66759,45,0,0,93,2006,1,8275,860,6680456.6
7392,45,1,0,52,1997,0,4996,767,745873.7
87718,94,1,1,2,1992,0,8970,911,8779276.2
87111,33,1,0,79,2004,0,9576,368,8721856.4
37340,97,0,1,7,2013,1,7746,687,3737836.3
70062,61,1,1,100,2018,0,6185,674,7019332.8
18441,89,1,0,24,2003,0,8764,875,1849321.3
51650,98,0,1,97,2020,0,2207,991,5173330.0
19686,29,1,0,76,2009,0,4913,614,1975347.9
3796,15,0,0,7,2019,0,3992,563,380273.9
50148,10,0,1,94,2019,1,2053,431,5027305.9
24628,59,0,1,74,1998,1,9241,505,2469754.8
38936,6,0,0,91,1995,1,7869,253,3898567.5
55059,51,0,1,32,1998,0,9156,458,5512765.8
99372,13,1,1,94,2008,0,3152,212,9949480.8
59728,88,1,1,44,1991,1,2957,523,5982206.1
18795,40,1,1,70,1998,0,111,253,1889475.8
9641,83,0,1,58,2006,1,5217,682,972497.6
54050,64,0,1,55,2019,1,9818,992,5411419.9
71195,100,1,0,45,2017,1,4221,962,7126909.7
38758,47,1,0,13,2001,0,7089,429,3879708.1
56577,37,0,0,71,1992,0,5315,498,5663240.2
94122,92,0,0,77,2009,1,6278,154,9414686.9
65062,68,0,0,46,2000,0,6233,236,6507002.0
44317,27,0,1,78,2006,1,2182,150,4440293.6
58304,1,0,1,13,1996,0,2895,158,5836868.6
52169,67,1,1,47,1997,1,2308,222,5223905.7
98856,33,1,1,78,2020,0,3715,187,9898436.0
85462,52,0,1,95,2006,0,4068,704,8554218.6
51703,56,0,1,83,2000,0,3197,835,5179465.0
8021,94,1,1,41,2016,1,8673,804,811991.6
30415,40,0,1,66,1995,1,4855,624,3047736.5
82377,72,0,1,66,2004,1,7891,931,8241348.4
5135,71,0,1,26,2010,0,4010,597,517460.0
57738,39,0,1,7,2001,0,3799,120,5777659.1
8108,51,1,0,82,1992,1,4387,570,821804.2
75489,51,1,1,12,1996,0,7521,270,7556389.6
71332,68,1,0,62,1995,0,644,676,7141075.5
34827,92,0,0,81,2017,0,9540,946,3489107.7
97586,74,0,1,19,2015,1,2516,213,9763040.5
81070,85,1,0,93,1999,0,8146,608,8114602.9
64963,41,0,1,57,1996,0,4626,587,6502097.6
23417,33,1,1,36,2000,1,9900,523,2346324.0
16576,38,0,1,94,1996,1,8562,509,1667807.6
75520,53,1,1,23,2002,1,8561,765,7559921.2
70420,80,1,0,64,2009,0,9102,181,7049805.9
78694,73,1,1,99,2016,1,3695,956,7886042.6
26681,75,1,0,21,1994,1,9173,652,2675051.4
10902,77,1,0,29,1996,1,817,582,1096338.6
84952,13,0,0,85,2018,0,448,241,8503506.8
67972,87,1,1,21,2010,0,5459,940,6804439.0
44002,58,1,0,36,2017,1,2221,385,4406097.7
51539,81,0,0,69,1996,0,3926,800,5155289.6
41702,75,0,0,6,2014,1,8785,873,4171457.4
87159,14,1,0,6,1998,1,6669,699,8721274.8
77304,25,1,1,90,1999,0,928,871,7741198.9
50168,36,1,0,41,2003,1,7505,303,5022293.3
96656,84,0,0,3,2021,0,5453,905,9666332.1
85768,82,1,0,68,2001,0,3534,509,8585566.1
76707,5,1,1,37,2017,0,5908,463,7680085.7
10359,90,1,1,3,1990,1,9457,969,1041647.0
3160,54,1,0,92,2003,0,4243,876,322507.3
83015,83,0,1,56,2006,1,9423,500,8310321.6
13659,10,0,1,100,2015,0,5179,793,1373742.5
62751,59,0,1,92,2015,0,6432,959,6284421.5
63354,68,1,0,26,2019,0,6477,497,6339390.9
26486,41,0,1,9,2021,1,5980,872,2654347.1
58029,37,0,0,45,1997,0,9718,1000,5806004.7
18022,14,1,0,10,2012,1,361,398,1805173.2
31005,82,0,0,6,2018,1,3184,763,3101945.8
4794,11,1,1,31,1998,0,4966,170,484773.8
90763,96,0,1,38,2014,0,502,646,9079021.4
21272,81,0,0,91,2004,1,542,303,2133856.4
53895,47,0,0,21,1992,1,8207,969,5391102.2
7113,51,1,1,68,2014,0,1959,692,721332.4
55490,51,1,0,82,2018,1,4716,207,5562772.8
91623,96,1,0,98,1993,0,384,737,9175404.3
94081,47,0,1,75,2015,0,3111,912,9411954.5
13176,45,1,1,30,2017,1,5805,326,1326496.7
30587,87,1,1,33,2014,0,8852,704,3068624.4
13019,31,1,0,95,2014,1,4170,743,1305988.4
50578,18,1,1,97,1991,1,2729,614,5070180.1
40364,3,0,1,63,2011,0,8580,264,4043483.1
13851,48,0,0,22,2018,1,632,736,1387301.8
96134,69,0,1,57,1999,0,7978,691,9620433.9
32974,74,0,0,70,1995,1,4198,141,3300049.5
65164,75,1,0,20,2015,0,9489,427,6520948.5
44206,41,1,1,53,1999,1,701,331,4430871.9
37717,79,1,1,34,1998,1,1872,620,3779961.8
79724,78,0,0,88,1993,1,8522,223,7974507.3
81055,72,1,1,90,1997,0,3885,987,8117507.7
63297,8,0,1,23,1991,0,1777,525,6336856.1
84392,53,1,1,41,2012,0,6183,242,8446849.2
35894,5,0,1,73,1999,1,868,627,3596400.9
48691,44,1,0,27,1991,0,9037,858,4873423.1
35272,80,1,1,70,1993,1,4662,572,3537699.3
24634,81,0,1,81,1991,1,4967,850,2467773.1
63533,57,1,0,11,1996,0,205,222,6356386.6
84288,81,0,1,6,1994,0,7310,489,8431708.4
77271,53,0,1,39,2010,0,4050,403,7734866.0
62556,15,1,1,38,2004,1,1851,302,6265865.4
46903,40,0,0,78,2018,0,97,205,4693749.8
47553,58,1,1,65,2020,1,8116,252,4766558.0
63209,92,1,0,53,2017,1,1766,560,6328708.7
7772,66,1,0,70,1999,0,7627,825,786743.9
22533,45,1,0,26,2019,0,9988,836,2257079.9
17238,35,1,0,25,2017,1,7963,869,1727943.7
8872,8,0,0,79,2020,1,2116,775,893632.0
49770,45,1,0,88,2000,0,5884,561,4987248.0
28703,93,0,0,26,1999,1,7744,415,2871699.9
45234,26,0,1,21,1997,1,3683,770,4530621.7
95296,49,1,1,19,2006,1,4504,578,9535271.6
83220,79,0,0,34,2001,1,3856,605,8325254.1
2442,2,0,0,78,2019,0,464,510,248869.9
61905,14,1,1,76,2015,0,9730,712,6200309.5
3951,21,1,1,66,2002,0,3990,287,407002.2
77963,53,0,0,77,2004,1,8924,582,7801793.4
27947,67,0,1,26,2003,0,836,532,2800892.3
22585,71,0,1,12,1991,1,1370,441,2260762.1
64468,40,0,1,43,1998,0,6157,444,6452783.8
54272,65,0,1,39,2012,1,9203,798,5431596.2
1677,46,0,0,52,2001,0,8237,900,172086.1
88629,83,0,1,33,1997,1,4058,522,8868226.7
62942,57,0,1,88,2015,1,5179,745,6299991.5
96145,96,0,0,43,2007,1,5110,102,9618797.7
54859,57,0,0,2,2013,1,6844,270,5486707.3
32985,96,0,0,35,1995,0,9566,660,3299999.5
99362,60,1,0,81,2018,0,7420,307,9945650.8
25486,1,1,0,26,1998,1,9328,667,2555004.8
28220,71,1,1,97,2011,0,8595,643,2832735.1
63119,27,1,0,84,2020,1,3879,446,6324403.0
7628,66,1,1,100,2011,1,4194,755,771290.1
7936,37,0,1,76,2004,1,7958,745,802470.4
23198,89,1,0,73,1999,0,871,473,2326468.9
10683,79,0,0,50,2005,0,8178,195,1071100.5
43402,87,1,0,7,1999,0,1073,436,4344251.9
10683,26,1,0,3,2004,0,5487,934,1072185.4
68577,62,1,0,22,2014,0,991,234,6862389.4
14984,61,1,1,71,2007,1,5275,222,1507691.7
27803,63,1,1,13,2015,0,1307,754,2788829.5
92899,48,1,1,60,2004,0,1204,977,9297472.4
64078,97,1,0,66,2006,0,8719,928,6411825.6
25388,26,0,1,78,2010,0,7886,782,2547048.0
97199,78,0,1,42,1997,0,4072,456,9725164.7
53351,20,0,0,67,1996,0,5269,588,5339199.6
74954,6,0,0,8,1991,1,2313,809,7496261.1
90531,72,0,0,67,2001,0,4345,569,9057018.1
40469,96,1,0,8,1997,0,1344,769,4052522.7
65132,28,1,0,98,1992,0,8298,797,6519815.2
93634,68,1,0,45,2005,0,8083,455,9370714.5
56917,24,0,0,30,1997,1,655,173,5694889.7
89869,51,1,0,36,2019,0,2675,719,8994067.9
28748,81,0,1,35,2010,0,1623,283,2880426.0
59643,40,1,1,83,1995,0,4636,450,5976883.5
3951,35,1,1,28,2016,1,3539,909,404207.6
11813,35,0,1,74,2001,1,9983,453,1189156.1
9773,92,1,0,34,2006,0,1284,857,981494.6
81875,24,1,1,18,1992,0,3437,202,8192107.2
76669,71,0,1,3,2001,0,7113,294,7670105.1
35962,35,0,1,41,1996,0,6537,933,3601900.6
63382,21,1,1,55,2000,1,2872,565,6351347.0
82984,94,0,0,2,1996,0,3488,948,8298997.6
56004,66,0,0,46,2016,0,809,408,5605555.6
29835,17,0,1,97,1995,1,9892,431,2995285.5
2033,53,1,0,57,2002,0,7044,992,207490.2
50306,47,1,1,95,2012,0,6762,388,5042108.2
9698,67,0,1,23,2020,1,2257,383,972465.0
33795,62,1,1,78,2004,0,978,895,3390988.4
23841,87,0,0,55,1994,0,1416,620,2385994.4
91701,91,1,0,52,2004,0,657,362,9174276.4
1658,78,0,1,21,1990,0,28,691,168970.0
13868,78,1,1,2,1998,0,8544,529,1390606.8
61403,74,0,0,56,1994,1,9378,737,6146343.4
79563,60,1,1,5,2010,0,9728,802,7964408.0
18874,48,1,1,54,2009,1,4160,229,1893891.9
83945,19,0,0,86,1994,1,6350,266,8400215.4
18183,42,0,1,24,2000,0,8089,347,1823516.0
19645,66,0,0,99,2019,0,9086,653,1971089.9
51744,15,1,1,20,1997,1,3892,861,5181732.7
24859,14,1,0,60,2013,0,4836,311,2492272.3
10478,36,1,1,2,2011,1,6112,765,1055816.1
75788,82,1,0,21,1995,0,5336,634,7585467.5
61361,13,0,0,39,1992,1,5144,703,6138782.2
77283,12,0,1,3,2016,1,5945,854,7732214.6
88673,10,0,0,40,1990,1,669,607,8871019.0
32510,63,0,0,54,2001,1,5674,216,3256418.1
27333,18,0,0,72,2019,1,3682,980,2735397.9
5853,98,0,1,95,1996,1,2243,269,592333.6
53842,30,0,0,9,2013,1,4689,935,5385104.3
15662,41,1,0,28,2008,1,6439,791,1573827.8
67103,37,1,1,64,1990,1,5682,225,6716138.0
93906,76,0,1,91,2016,1,3561,864,9400748.6
91857,31,0,0,32,2015,1,4522,243,9188779.5
79132,56,0,1,3,2007,0,8871,765,7918754.7
64213,96,0,0,32,1996,1,1217,167,6422841.6
6486,22,1,0,89,2020,0,4674,952,656911.0
70768,26,1,0,11,2006,1,1470,897,7081550.6
53869,5,1,1,58,1992,1,5770,500,5395151.2
82557,76,1,1,85,2013,1,2948,697,8262789.3
48107,95,1,0,31,2000,0,1223,883,4815768.0
36934,97,1,0,75,2017,0,6069,832,3700225.7
460,62,0,0,14,2016,1,3594,346,47967.6
38321,7,1,1,10,1998,0,8905,218,3842187.8
84311,44,1,0,38,2004,1,4762,779,8438142.4
17466,90,0,1,43,2021,0,3727,948,1753239.1
24478,79,0,0,87,2004,1,5059,255,2449805.4
34455,20,1,0,67,1993,1,6714,948,3453476.3
18464,5,1,0,53,1996,0,1313,544,1854224.6
38798,55,1,0,89,2012,0,5538,920,3888211.2
55485,70,1,0,14,2013,0,8482,906,5555218.3
5767,35,0,1,74,1996,1,3529,548,583642.6
36683,24,0,0,87,1996,1,772,439,3676170.6
55850,59,0,0,11,2000,1,2498,770,5586343.0
14871,85,0,0,97,2006,0,9782,937,1491001.6
60861,98,1,0,65,2017,1,1595,715,6095914.7
19219,26,0,1,11,1994,1,2900,383,1926624.4
41700,60,1,0,7,1991,0,8181,728,4175901.1
13296,87,1,1,5,1993,0,3129,968,1336777.3
21479,66,1,1,75,1998,1,1373,409,2157779.8
76699,51,1,0,89,1992,0,1791,229,7678118.2
29755,32,1,1,62,2013,1,6779,286,2981844.3
2121,35,1,0,61,2016,0,2378,863,218834.6
1956,88,0,0,27,2010,1,2790,655,196856.0
38470,100,1,1,42,2018,1,3625,995,3857901.8
25963,34,1,1,14,2008,0,6824,790,2606507.8
1314,71,0,1,4,2018,0,7658,113,133536.8
86046,28,1,1,12,2005,1,5664,653,8610597.5
50550,11,0,1,49,1996,1,5305,533,5060805.6
25594,69,0,1,41,1997,0,5269,652,2564288.7
95011,87,0,0,44,2015,0,9565,477,9504611.5
20470,6,0,0,10,2008,1,1395,818,2048310.8
66041,18,1,0,16,2020,0,4459,147,6607179.0
6192,26,1,1,38,2007,0,5557,221,626148.7
45524,64,1,0,34,1993,1,3579,199,4557896.3
13767,22,0,0,49,2019,0,8936,472,1380386.9
32769,11,0,1,34,2011,0,9745,866,3283212.1
47831,51,1,0,29,2011,1,909,283,4786919.1
58752,79,0,0,98,1997,1,9961,831,5881679.7
92075,45,1,1,39,2005,0,3320,211,9216323.5
91711,57,1,0,48,2020,0,1166,623,9178971.0
56421,98,1,0,29,2008,0,3326,333,5647730.8
23449,71,1,0,65,2017,1,7606,314,2351391.7
78124,19,0,0,54,1998,0,5301,156,7817265.8
70753,66,0,1,38,1991,1,5308,204,7083236.1
50380,51,1,0,89,2013,0,3042,733,5047474.3
86387,71,1,0,34,1998,0,2851,352,8643504.8
18161,91,1,1,11,2015,1,3646,496,1823328.5
41992,21,1,1,50,1996,1,8068,381,4205820.6
56420,54,1,0,51,2001,1,6436,324,5646520.1
78620,70,0,0,90,2019,0,4997,423,7865911.9
10919,47,1,1,93,1994,0,1920,572,1100481.4
64101,68,1,1,27,2013,0,782,552,6415461.3
54200,90,0,1,11,1994,0,6003,305,5422645.4
77260,38,1,1,50,1997,0,5726,663,7733589.7
55015,84,0,1,1,2016,0,9244,509,5502830.6
10212,83,1,1,40,2008,1,3333,914,1032298.8
69055,75,1,0,52,1998,0,3397,212,6913685.8
54369,14,1,1,66,2004,0,2331,561,5444916.4
89338,53,0,0,27,2014,1,4154,739,8936753.4
75363,34,0,1,40,2017,1,5623,489,7542240.7
1565,100,0,1,1,2005,0,2062,946,160603.5
52568,5,1,1,82,2007,0,4409,621,5267684.7
21833,26,0,0,80,2001,1,8801,953,2185600.1
77654,89,1,1,41,2007,0,7929,455,7773631.7
5537,79,0,1,77,2003,1,7331,748,563383.3
70596,87,1,0,75,2009,0,3847,516,7065331.9
9947,94,0,0,86,2014,0,4152,624,997753.4
47757,50,0,0,81,1993,0,4370,455,4777071.3
57044,87,0,1,22,2011,0,6910,536,5710088.1
74139,11,1,0,18,1992,0,1076,257,7417297.2
54043,88,1,0,46,1996,0,1611,101,5408152.6
95549,30,1,1,3,2000,1,9714,987,9560988.0
57662,44,1,0,30,1993,0,2683,742,5773073.3
2671,28,1,0,42,2019,1,5868,288,272272.9
36417,32,1,1,85,2017,0,2209,688,3652839.7
65583,76,0,0,59,2001,0,4577,665,6562118.1
82927,71,0,1,54,1994,1,2275,784,8299669.4
4733,60,0,0,24,2010,1,4343,749,474915.0
96943,81,0,1,68,2012,0,8094,600,9705501.2
3814,3,1,0,20,2007,1,4221,149,386744.7
72959,75,0,0,59,2018,1,9490,319,7297849.8
96594,24,0,0,72,2018,0,6970,544,9660809.8
61073,90,1,0,77,1991,1,3484,319,6110676.1
73888,50,1,1,60,2019,0,4631,660,7403575.9
24150,37,1,1,57,2005,1,7994,216,2427187.5
64949,83,1,1,50,2009,0,9415,642,6502211.9
12179,32,0,1,65,1992,1,4646,796,1224992.2
91725,24,0,0,100,1996,1,7284,265,9175749.6
15415,80,0,1,84,2007,1,1439,410,1547708.7
58576,32,1,1,91,2018,0,4552,876,5866480.8
49140,48,1,0,97,2006,1,2904,955,4924574.6
30397,44,1,1,99,2012,0,9688,565,3055190.2
76846,6,0,0,19,2016,1,151,123,7686437.6
72829,32,1,0,100,2008,0,7145,859,7290006.8
62008,36,0,1,21,2015,0,8840,930,6206633.5
153,71,0,1,88,2002,1,7704,468,22499.2
97952,95,1,1,20,2012,1,4471,684,9802960.2
27729,65,0,1,38,1990,1,114,968,2778832.0
17874,67,1,0,44,2018,0,6113,536,1793943.8
21459,92,0,1,10,1999,0,8525,776,2149347.9
73097,52,1,0,53,1991,1,5899,556,7319620.1
83038,55,0,0,66,2011,0,7086,592,8309431.1
49388,53,1,1,54,2009,1,9135,621,4949238.9
40086,14,0,1,68,2000,1,7910,910,4014081.0
75102,2,0,0,32,2012,0,2027,865,7512707.2
21973,3,0,0,31,2015,0,9733,431,2198209.5
4221,60,0,0,4,2019,1,261,909,423295.9
35661,73,0,1,12,1999,0,1197,298,3569832.9
66612,83,0,1,9,2002,1,8084,847,6664920.2
29402,27,0,0,67,2003,1,866,177,2941520.3
64937,50,1,0,66,2006,0,8652,716,6498696.6
9632,83,1,1,14,2015,0,8873,812,975297.5
56513,8,1,1,15,1995,1,3926,941,5658870.5
76324,45,0,0,22,1999,1,657,856,7634053.9
27445,13,0,1,21,2016,1,4087,625,2751364.6
86383,86,1,1,23,2020,1,4136,604,8648031.0
53822,8,1,0,93,2001,1,9326,548,5394409.1
28655,31,1,1,67,1994,0,4166,134,2876205.4
86990,100,0,0,37,2011,0,9084,518,8702130.1
73553,10,1,0,37,2009,1,7905,367,7362215.9
79875,33,0,1,15,1996,0,4247,458,7993442.6
70124,46,1,1,31,2004,0,7515,377,7017698.4
55992,19,1,1,57,1990,1,3415,773,5608196.0
4962,76,0,1,70,1998,0,1049,301,503297.8
62859,26,1,0,58,2015,1,3086,514,6292755.5
63990,26,1,0,46,2013,0,3981,721,6407670.3
70041,21,1,1,50,2019,1,2371,994,7009466.9
5702,68,0,0,55,1995,0,8269,643,576089.5
85306,48,0,1,21,1996,1,209,405,8534440.6
5378,79,1,1,15,1990,1,4346,105,545933.0
89549,60,1,1,95,2006,0,5919,543,8967748.6
98554,81,1,1,18,2007,1,744,399,9866707.7
34946,56,0,1,44,1994,1,759,789,3500553.4
97419,44,0,1,87,2011,1,9372,982,9746318.1
51796,90,1,1,35,1998,1,5339,684,5189796.8
23560,21,1,1,35,2000,1,3175,274,2364937.0
27681,14,1,0,78,1996,1,4611,727,2779327.6
77385,50,1,1,18,2006,1,3676,471,7743828.6
54563,2,0,0,95,2002,0,1697,150,5458840.2
73975,41,0,0,50,2016,1,9415,687,7401901.6
26268,39,0,1,19,2012,0,6357,919,2631701.2
41602,37,0,0,14,1999,1,4849,219,4161555.9
66331,92,0,0,24,2007,0,5073,693,6634006.7
24386,19,1,1,69,2004,0,2576,262,2443941.4
13904,45,1,0,45,2010,0,1522,677,1398346.0
2206,25,1,0,46,1990,0,679,995,223821.0
26017,75,0,0,65,1999,0,709,950,2603509.9
40691,65,0,0,73,2000,0,6388,605,4074610.0
32413,16,1,0,97,2014,1,9140,494,3252165.4
86139,41,0,0,35,2001,1,913,618,8615540.1
93351,16,0,0,51,1994,0,9250,152,9338401.4
54183,33,0,1,7,2000,1,6615,209,5421212.0
3605,45,1,0,22,2007,0,4145,517,362853.7
39881,73,0,1,40,2018,0,8863,189,3994434.8
68399,39,1,1,46,2011,0,7646,881,6851767.1
75387,45,1,1,89,2008,1,850,890,7547628.8
86986,26,0,0,49,2006,0,6496,628,8701153.6
14982,64,1,1,13,2002,0,1073,720,1504671.2
5902,57,1,0,100,2004,0,4156,258,601531.4
16268,74,0,0,32,1997,0,2484,541,1627917.7
40506,56,0,0,8,2016,0,5215,962,4051267.6
74701,98,0,1,3,2001,0,3086,839,7474987.1
19778,40,0,0,96,2012,1,9320,652,1980095.2
77226,65,1,0,88,2006,0,8482,506,7730743.6
82333,28,0,0,78,2007,1,7022,566,8236936.7
37986,97,0,1,40,2021,1,8355,366,3805643.1
41330,55,0,1,37,1992,1,6976,828,4139270.2
87627,56,1,0,95,2015,0,2522,735,8766795.5
31856,82,0,1,13,2008,0,8440,995,3191751.8
76480,98,0,1,37,2014,0,9737,255,7651622.4
26907,65,1,1,43,2003,0,1276,248,2701055.3
45452,11,0,0,15,1992,1,2811,929,4546984.2
2475,47,1,1,37,2012,1,3061,328,254501.2
90996,81,1,1,80,1990,1,8633,689,9112369.0
5537,65,0,1,24,2012,1,3974,762,560359.2
96173,12,1,0,36,2015,1,837,564,9623811.5
33545,55,0,1,79,2006,0,3480,946,3361070.6
341,83,0,0,8,1993,1,2366,229,35371.3
21514,5,0,1,11,1999,0,2584,787,2153602.9
1726,89,0,1,5,2009,1,9311,218,176425.9
44403,29,1,1,12,1990,1,9061,230,4448474.0
83841,3,0,0,69,2005,1,8304,345,8390030.5
59036,70,0,0,96,2010,1,2590,339,5905107.0
1440,84,0,0,49,1994,0,8485,278,146708.4
